# Goblin Scout — Tower Lords enemy model. MIT licence, (c) 2026 Imyala.
# Decimated (5k tris) + re-unwrapped + re-baked from L's Meshy sculpt "Dagger Eared Goblin". Y up, faces +Z, feet at y=-0.95.
mtllib goblin_scout_5k.mtl
o goblin_scout
v -0.78367 -0.20212 0.39761
v -0.78367 -0.20212 0.39761
v -0.77379 -0.18766 0.40935
v -0.77379 -0.18766 0.40935
v -0.78088 -0.12743 0.41427
v -0.78088 -0.12743 0.41427
v -0.78088 -0.12743 0.41427
v -0.77751 -0.14421 0.41649
v -0.77751 -0.14421 0.41649
v -0.77834 -0.11166 0.42210
v -0.77686 -0.05773 0.42638
v -0.77686 -0.05773 0.42638
v -0.76899 0.04436 0.42443
v -0.76899 0.04436 0.42443
v -0.77451 -0.25408 0.37896
v -0.77451 -0.25408 0.37896
v -0.74732 -0.24321 0.37358
v -0.74732 -0.24321 0.37358
v -0.76892 -0.05749 0.37660
v -0.72029 -0.13088 0.38304
v -0.72029 -0.13088 0.38304
v -0.75310 -0.31591 0.34655
v -0.75310 -0.31591 0.34655
v -0.75310 -0.31591 0.34655
v -0.73787 -0.32810 0.33618
v -0.73787 -0.32810 0.33618
v -0.71706 -0.24995 0.26949
v -0.73642 -0.10797 0.40111
v -0.73642 -0.10797 0.40111
v -0.73528 -0.06002 0.34479
v -0.73528 -0.06002 0.34479
v -0.70278 -0.10169 0.30910
v -0.70278 -0.10169 0.30910
v -0.73640 0.00524 0.39498
v -0.73640 0.00524 0.39498
v -0.74520 0.03532 0.40907
v -0.74520 0.03532 0.40907
v -0.74520 0.03532 0.40907
v -0.69277 -0.35871 0.27943
v -0.69277 -0.35871 0.27943
v -0.72051 -0.05186 0.37163
v -0.70666 -0.15397 0.28531
v -0.67892 -0.19669 0.25222
v -0.67892 -0.19669 0.25222
v -0.70388 -0.44497 0.21175
v -0.70388 -0.44497 0.21175
v -0.71408 -0.45705 0.14227
v -0.70690 -0.49509 0.19465
v -0.70690 -0.49509 0.19465
v -0.69529 -0.21597 0.34243
v -0.66398 -0.16698 0.26220
v -0.66398 -0.16698 0.26220
v -0.69403 -0.42127 0.18395
v -0.69403 -0.42127 0.18395
v -0.69403 -0.42127 0.18395
v -0.72807 -0.39801 0.26598
v -0.72807 -0.39801 0.26598
v -0.72807 -0.39801 0.26598
v -0.67497 -0.41023 0.22198
v -0.67497 -0.41023 0.22198
v -0.67497 -0.41023 0.22198
v -0.67497 -0.41023 0.22198
v -0.70759 -0.44148 0.26789
v -0.70759 -0.44148 0.26789
v -0.70019 -0.38415 0.21014
v -0.70019 -0.38415 0.21014
v -0.67236 -0.38619 0.25795
v -0.67236 -0.38619 0.25795
v -0.67236 -0.38619 0.25795
v -0.68489 -0.49983 0.16927
v -0.68710 -0.37387 0.21335
v -0.67963 -0.11778 0.31647
v -0.68649 -0.52222 0.09570
v -0.68649 -0.52222 0.09570
v -0.68649 -0.52222 0.09570
v -0.69205 -0.51266 0.14230
v -0.65404 -0.55576 0.20283
v -0.65404 -0.55576 0.20283
v -0.67233 -0.41819 0.09705
v -0.65546 -0.49091 0.24650
v -0.65546 -0.49091 0.24650
v -0.65546 -0.49091 0.24650
v -0.69055 -0.37178 0.19769
v -0.69055 -0.37178 0.19769
v -0.65996 -0.36121 0.17025
v -0.65996 -0.36121 0.17025
v -0.67090 -0.35041 0.19479
v -0.66674 -0.33748 0.26163
v -0.66674 -0.33748 0.26163
v -0.67305 -0.26090 0.30436
v -0.68989 -0.14639 0.33423
v -0.62920 -0.40530 0.23927
v -0.62920 -0.40530 0.23927
v -0.67407 -0.50674 0.18157
v -0.65516 -0.25515 0.20124
v -0.65516 -0.25515 0.20124
v -0.66020 -0.19123 0.26635
v -0.63184 -0.52591 0.04792
v -0.63184 -0.52591 0.04792
v -0.64500 -0.57661 0.11125
v -0.63039 -0.54879 0.15405
v -0.67435 -0.49617 0.06946
v -0.67435 -0.49617 0.06946
v -0.61785 -0.41189 0.22875
v -0.61785 -0.41189 0.22875
v -0.61267 -0.33850 0.15286
v -0.61267 -0.33850 0.15286
v -0.61267 -0.33850 0.15286
v -0.61267 -0.33850 0.15286
v -0.61267 -0.33850 0.15286
v -0.61267 -0.33850 0.15286
v -0.61267 -0.33850 0.15286
v -0.59361 -0.31016 0.12796
v -0.59361 -0.31016 0.12796
v -0.64176 -0.38479 0.16708
v -0.64176 -0.38479 0.16708
v -0.64176 -0.38479 0.16708
v -0.63674 -0.32259 0.22077
v -0.63674 -0.32259 0.22077
v -0.65799 -0.19422 0.27887
v -0.60639 -0.59915 0.13796
v -0.61854 -0.36287 0.04584
v -0.63931 -0.28088 0.17238
v -0.63931 -0.28088 0.17238
v -0.63931 -0.28088 0.17238
v -0.63165 -0.30653 0.12854
v -0.63165 -0.30653 0.12854
v -0.63165 -0.30653 0.12854
v -0.63165 -0.30653 0.12854
v -0.63165 -0.30653 0.12854
v -0.63165 -0.30653 0.12854
v -0.61897 -0.29482 0.19680
v -0.61897 -0.29482 0.19680
v -0.61897 -0.29482 0.19680
v -0.62304 -0.52776 0.21505
v -0.62304 -0.52776 0.21505
v -0.62304 -0.52776 0.21505
v -0.60974 -0.42353 -0.02597
v -0.58800 -0.35659 0.20887
v -0.58800 -0.35659 0.20887
v -0.58800 -0.35659 0.20887
v -0.62877 -0.36621 0.17989
v -0.62877 -0.36621 0.17989
v -0.62877 -0.36621 0.17989
v -0.62877 -0.36621 0.17989
v -0.62877 -0.36621 0.17989
v -0.58555 -0.57086 0.09949
v -0.58555 -0.57086 0.09949
v -0.58555 -0.57086 0.09949
v -0.60027 -0.41157 0.17838
v -0.60027 -0.41157 0.17838
v -0.60027 -0.41157 0.17838
v -0.60027 -0.41157 0.17838
v -0.61571 -0.31730 0.20636
v -0.61571 -0.31730 0.20636
v -0.63841 -0.29807 0.13668
v -0.63841 -0.29807 0.13668
v -0.62618 -0.28582 0.14009
v -0.62618 -0.28582 0.14009
v -0.62618 -0.28582 0.14009
v -0.61100 -0.53697 0.07834
v -0.61100 -0.53697 0.07834
v -0.57777 -0.46472 0.00158
v -0.57777 -0.46472 0.00158
v -0.57777 -0.46472 0.00158
v -0.57777 -0.46472 0.00158
v -0.62054 -0.36214 0.17888
v -0.62054 -0.36214 0.17888
v -0.62054 -0.36214 0.17888
v -0.60572 -0.31654 0.21321
v -0.58538 -0.26462 0.19103
v -0.58538 -0.26462 0.19103
v -0.65399 0.64900 -0.14943
v -0.65399 0.64900 -0.14943
v -0.65399 0.64900 -0.14943
v -0.58057 0.62952 -0.14080
v -0.58057 0.62952 -0.14080
v -0.61407 0.60666 -0.13808
v -0.61407 0.60666 -0.13808
v -0.59780 -0.50006 0.21576
v -0.59780 -0.50006 0.21576
v -0.62599 -0.35970 0.02198
v -0.62599 -0.35970 0.02198
v -0.62846 -0.34631 -0.00262
v -0.62846 -0.34631 -0.00262
v -0.60976 -0.30472 0.14384
v -0.60976 -0.30472 0.14384
v -0.60976 -0.30472 0.14384
v -0.60976 -0.30472 0.14384
v -0.59908 -0.24170 0.16157
v -0.59908 -0.24170 0.16157
v -0.59463 -0.55692 0.08500
v -0.59463 -0.55692 0.08500
v -0.57929 -0.52103 0.04529
v -0.57929 -0.52103 0.04529
v -0.57384 -0.43547 0.24089
v -0.57384 -0.43547 0.24089
v -0.57384 -0.43547 0.24089
v -0.57384 -0.43547 0.24089
v -0.57384 -0.43547 0.24089
v -0.56811 -0.41253 0.19205
v -0.56811 -0.41253 0.19205
v -0.56811 -0.41253 0.19205
v -0.56811 -0.41253 0.19205
v -0.56811 -0.41253 0.19205
v -0.60065 -0.36182 -0.03954
v -0.59416 -0.33554 -0.02199
v -0.59416 -0.33554 -0.02199
v -0.57296 -0.28849 0.05959
v -0.57296 -0.28849 0.05959
v -0.57296 -0.28849 0.05959
v -0.57296 -0.28849 0.05959
v -0.54622 -0.53520 0.15982
v -0.54622 -0.53520 0.15982
v -0.59830 -0.56238 0.04239
v -0.59830 -0.56238 0.04239
v -0.55945 -0.54548 0.19387
v -0.55945 -0.54548 0.19387
v -0.57161 -0.42054 -0.03708
v -0.59099 -0.30682 0.03980
v -0.59099 -0.30682 0.03980
v -0.57798 -0.31169 0.17810
v -0.57798 -0.31169 0.17810
v -0.57798 -0.31169 0.17810
v -0.58983 0.56641 -0.14079
v -0.58983 0.56641 -0.14079
v -0.55433 0.60736 -0.05427
v -0.55433 0.60736 -0.05427
v -0.55433 0.60736 -0.05427
v -0.52455 -0.54923 0.13431
v -0.52455 -0.54923 0.13431
v -0.56390 -0.37323 0.25126
v -0.56390 -0.37323 0.25126
v -0.56390 -0.37323 0.25126
v -0.56390 -0.37323 0.25126
v -0.54482 -0.26290 0.00572
v -0.54482 -0.26290 0.00572
v -0.58476 -0.29476 0.00033
v -0.58476 -0.29476 0.00033
v -0.59059 0.58058 -0.12031
v -0.59059 0.58058 -0.12031
v -0.58336 -0.59084 0.05589
v -0.58336 -0.59084 0.05589
v -0.56911 -0.30891 0.06903
v -0.56911 -0.30891 0.06903
v -0.56911 -0.30891 0.06903
v -0.57553 -0.28030 0.02649
v -0.57553 -0.28030 0.02649
v -0.57553 -0.28030 0.02649
v -0.56433 0.62194 -0.06863
v -0.56433 0.62194 -0.06863
v -0.57817 -0.66319 0.04751
v -0.57817 -0.66319 0.04751
v -0.57817 -0.66319 0.04751
v -0.57817 -0.66319 0.04751
v -0.56875 -0.56961 -0.03358
v -0.56875 -0.56961 -0.03358
v -0.52581 -0.64704 -0.01522
v -0.52581 -0.64704 -0.01522
v -0.55381 -0.53128 0.03846
v -0.55381 -0.53128 0.03846
v -0.55381 -0.53128 0.03846
v -0.56126 -0.50468 0.21621
v -0.56126 -0.50468 0.21621
v -0.56126 -0.50468 0.21621
v -0.56126 -0.50468 0.21621
v -0.56071 -0.45118 -0.02682
v -0.56071 -0.45118 -0.02682
v -0.54748 -0.42362 -0.05179
v -0.54748 -0.42362 -0.05179
v -0.54748 -0.42362 -0.05179
v -0.55115 -0.30260 0.16242
v -0.55115 -0.30260 0.16242
v -0.56590 -0.30943 -0.05927
v -0.56590 -0.30943 -0.05927
v -0.57886 -0.27664 0.03286
v -0.57886 -0.27664 0.03286
v -0.54227 0.51954 -0.11100
v -0.54227 0.51954 -0.11100
v -0.56592 -0.58207 0.08830
v -0.56592 -0.58207 0.08830
v -0.54872 -0.40329 -0.09318
v -0.54872 -0.40329 -0.09318
v -0.54872 -0.40329 -0.09318
v -0.52966 -0.28617 0.07436
v -0.52966 -0.28617 0.07436
v -0.57903 0.57576 -0.10571
v -0.57903 0.57576 -0.10571
v -0.53802 0.57762 -0.07999
v -0.53802 0.57762 -0.07999
v -0.54104 -0.63310 0.08278
v -0.54104 -0.63310 0.08278
v -0.54104 -0.63310 0.08278
v -0.54104 -0.63310 0.08278
v -0.54380 -0.58260 0.10391
v -0.54380 -0.58260 0.10391
v -0.56535 -0.47015 0.12550
v -0.56511 -0.43965 0.12211
v -0.54627 -0.42481 0.20070
v -0.54627 -0.42481 0.20070
v -0.55924 -0.39606 0.14901
v -0.55876 -0.41918 0.11461
v -0.52377 -0.34425 0.12152
v -0.52377 -0.34425 0.12152
v -0.53109 -0.39231 -0.08396
v -0.53109 -0.39231 -0.08396
v -0.53109 -0.39231 -0.08396
v -0.49565 0.50440 -0.07839
v -0.49565 0.50440 -0.07839
v -0.52103 -0.47726 0.16572
v -0.53430 -0.49898 0.11298
v -0.53504 -0.52460 0.09470
v -0.55310 -0.45246 0.16415
v -0.51618 -0.43274 0.03050
v -0.51618 -0.43274 0.03050
v -0.53878 -0.47299 0.13338
v -0.53188 -0.46187 -0.00191
v -0.55188 -0.45019 0.20928
v -0.55188 -0.45019 0.20928
v -0.55188 -0.45019 0.20928
v -0.55188 -0.45019 0.20928
v -0.55188 -0.45019 0.20928
v -0.51128 -0.25440 -0.00601
v -0.51128 -0.25440 -0.00601
v -0.51128 -0.25440 -0.00601
v -0.51128 -0.25440 -0.00601
v -0.55188 -0.28036 -0.04131
v -0.47402 0.50499 -0.11739
v -0.48239 0.61529 -0.05441
v -0.54001 -0.46794 0.21358
v -0.54001 -0.46794 0.21358
v -0.54001 -0.46794 0.21358
v -0.54001 -0.46794 0.21358
v -0.54001 -0.46794 0.21358
v -0.52217 -0.47985 0.24099
v -0.52217 -0.47985 0.24099
v -0.52217 -0.47985 0.24099
v -0.52217 -0.47985 0.24099
v -0.52217 -0.47985 0.24099
v -0.52217 -0.47985 0.24099
v -0.52217 -0.47985 0.24099
v -0.51725 -0.40945 0.05166
v -0.51725 -0.40945 0.05166
v -0.51725 -0.40945 0.05166
v -0.53261 -0.40849 0.25719
v -0.53261 -0.40849 0.25719
v -0.53261 -0.40849 0.25719
v -0.53261 -0.40849 0.25719
v -0.51689 -0.39693 0.20779
v -0.52108 -0.29967 -0.12585
v -0.52108 -0.29967 -0.12585
v -0.52082 -0.29035 -0.11683
v -0.50052 -0.62381 0.09029
v -0.50052 -0.62381 0.09029
v -0.50052 -0.62381 0.09029
v -0.51508 -0.56259 0.09955
v -0.51508 -0.56259 0.09955
v -0.52957 -0.47264 0.22076
v -0.52957 -0.47264 0.22076
v -0.52848 -0.45141 -0.04092
v -0.52848 -0.45141 -0.04092
v -0.51637 -0.35590 0.22350
v -0.51637 -0.35590 0.22350
v -0.52438 -0.24818 -0.08744
v -0.49952 -0.27658 0.04538
v -0.49952 -0.27658 0.04538
v -0.47702 -0.61199 0.00632
v -0.51211 -0.44363 0.25359
v -0.51211 -0.44363 0.25359
v -0.51211 -0.44363 0.25359
v -0.50868 -0.37791 0.08142
v -0.50868 -0.37791 0.08142
v -0.50328 0.57994 -0.01093
v -0.50328 0.57994 -0.01093
v -0.48870 -0.64236 0.08140
v -0.48870 -0.64236 0.08140
v -0.52155 -0.55050 0.04289
v -0.46465 -0.57798 0.03139
v -0.49044 -0.57298 0.05840
v -0.49044 -0.57298 0.05840
v -0.52641 -0.29386 -0.13513
v -0.51932 -0.22739 -0.05311
v -0.51932 -0.22739 -0.05311
v -0.50640 -0.19271 -0.10820
v -0.50640 -0.19271 -0.10820
v -0.52557 -0.22419 -0.06866
v -0.52557 -0.22419 -0.06866
v -0.50019 0.55970 -0.04033
v -0.48154 -0.64538 0.04841
v -0.50863 -0.40562 0.06173
v -0.50863 -0.40562 0.06173
v -0.50930 -0.40242 0.06456
v -0.50519 -0.35270 0.08994
v -0.49924 -0.22649 -0.02530
v -0.49924 -0.22649 -0.02530
v -0.50545 -0.23781 -0.17094
v -0.50545 -0.23781 -0.17094
v -0.50545 -0.23781 -0.17094
v -0.44662 0.52102 -0.00517
v -0.44662 0.52102 -0.00517
v -0.48427 -0.41177 0.03205
v -0.48427 -0.41177 0.03205
v -0.48732 -0.39827 0.08157
v -0.48732 -0.39827 0.08157
v -0.47552 -0.40509 -0.03236
v -0.44930 -0.37678 -0.10171
v -0.48485 -0.35250 -0.13345
v -0.48485 -0.35250 -0.13345
v -0.47785 -0.32851 0.09099
v -0.47785 -0.32851 0.09099
v -0.47673 -0.18862 -0.06275
v -0.47673 -0.18862 -0.06275
v -0.47673 -0.18862 -0.06275
v -0.47673 -0.18862 -0.06275
v -0.48259 -0.29003 -0.18462
v -0.48259 -0.29003 -0.18462
v -0.48259 -0.29003 -0.18462
v -0.47371 -0.31123 0.06266
v -0.47371 -0.31123 0.06266
v -0.47309 -0.23752 -0.00764
v -0.49588 -0.20407 -0.12371
v -0.49588 -0.20407 -0.12371
v -0.49239 -0.25585 -0.17379
v -0.46950 -0.39406 0.05036
v -0.46950 -0.39406 0.05036
v -0.49760 0.46851 -0.09502
v -0.49760 0.46851 -0.09502
v -0.43876 0.44664 -0.03767
v -0.43876 0.44664 -0.03767
v -0.45275 0.53368 -0.02418
v -0.45275 0.53368 -0.02418
v -0.45275 0.53368 -0.02418
v -0.45037 -0.36716 0.03998
v -0.45037 -0.36716 0.03998
v -0.44502 -0.31036 -0.17298
v -0.44502 -0.31036 -0.17298
v -0.47875 -0.19640 -0.04854
v -0.47875 -0.19640 -0.04854
v -0.42894 0.38748 -0.06590
v -0.42894 0.38748 -0.06590
v -0.42894 0.38748 -0.06590
v -0.41022 0.52894 -0.10794
v -0.44326 -0.87882 -0.05002
v -0.44326 -0.87882 -0.05002
v -0.41343 -0.89993 -0.11479
v -0.46791 -0.93635 -0.03241
v -0.46791 -0.93635 -0.03241
v -0.41091 -0.38009 -0.06928
v -0.41091 -0.38009 -0.06928
v -0.46993 -0.20212 -0.03307
v -0.46993 -0.20212 -0.03307
v -0.46688 -0.17502 -0.15694
v -0.46688 -0.17502 -0.15694
v -0.41804 0.48004 0.05158
v -0.41804 0.48004 0.05158
v -0.41804 0.48004 0.05158
v -0.41307 -0.28962 0.01753
v -0.41307 -0.28962 0.01753
v -0.41883 -0.18170 -0.06129
v -0.41883 -0.18170 -0.06129
v -0.44995 -0.16004 -0.15166
v -0.42102 0.59019 -0.00433
v -0.42102 0.59019 -0.00433
v -0.46817 -0.39170 -0.01387
v -0.42815 -0.33324 0.03410
v -0.42815 -0.33324 0.03410
v -0.42668 -0.13326 -0.18627
v -0.42668 -0.13326 -0.18627
v -0.42668 -0.13326 -0.18627
v -0.41674 0.51919 0.05816
v -0.41471 -0.36743 -0.04456
v -0.43915 -0.33144 -0.17197
v -0.43915 -0.33144 -0.17197
v -0.42225 -0.22640 -0.03366
v -0.42225 -0.22640 -0.03366
v -0.42225 -0.22640 -0.03366
v -0.41153 0.49932 -0.03737
v -0.41153 0.49932 -0.03737
v -0.39532 -0.33583 -0.14046
v -0.39532 -0.33583 -0.14046
v -0.39532 -0.33583 -0.14046
v -0.43960 -0.93612 0.04643
v -0.43960 -0.93612 0.04643
v -0.43960 -0.93612 0.04643
v -0.42097 -0.89735 0.03866
v -0.42097 -0.89735 0.03866
v -0.41426 -0.88846 -0.00712
v -0.41426 -0.88846 -0.00712
v -0.41426 -0.88846 -0.00712
v -0.37763 -0.15438 -0.13319
v -0.37763 -0.15438 -0.13319
v -0.40156 0.41591 -0.03218
v -0.40156 0.41591 -0.03218
v -0.40156 0.41591 -0.03218
v -0.40156 0.41591 -0.03218
v -0.40156 0.41591 -0.03218
v -0.39387 0.49026 -0.01579
v -0.38438 -0.94062 -0.11899
v -0.38438 -0.94062 -0.11899
v -0.39939 -0.93644 0.03324
v -0.39939 -0.93644 0.03324
v -0.38807 -0.32325 0.00596
v -0.38807 -0.32325 0.00596
v -0.38807 -0.32325 0.00596
v -0.37701 -0.23912 -0.19943
v -0.37701 -0.23912 -0.19943
v -0.40044 -0.12748 -0.17749
v -0.40044 -0.12748 -0.17749
v -0.36820 0.40404 -0.11696
v -0.36820 0.40404 -0.11696
v -0.38136 -0.90705 0.03416
v -0.40974 -0.88344 -0.10761
v -0.40974 -0.88344 -0.10761
v -0.40153 -0.36644 -0.08096
v -0.41436 -0.18722 -0.06501
v -0.36357 -0.20017 -0.08595
v -0.36357 -0.20017 -0.08595
v -0.36357 -0.20017 -0.08595
v -0.38086 0.47066 -0.11685
v -0.35015 0.52825 -0.08611
v -0.35015 0.52825 -0.08611
v -0.39261 -0.94216 -0.02557
v -0.39261 -0.94216 -0.02557
v -0.39915 -0.86761 -0.07624
v -0.37843 0.50077 0.08260
v -0.37843 0.50077 0.08260
v -0.34665 0.55203 -0.05861
v -0.37846 -0.87705 -0.14076
v -0.37846 -0.87705 -0.14076
v -0.37544 -0.85515 0.00485
v -0.37544 -0.85515 0.00485
v -0.38077 -0.30205 -0.04135
v -0.38077 -0.30205 -0.04135
v -0.38077 -0.30205 -0.04135
v -0.38077 -0.30205 -0.04135
v -0.37929 -0.09487 -0.18315
v -0.37929 -0.09487 -0.18315
v -0.38331 0.45486 0.05672
v -0.35172 0.44339 0.08351
v -0.35172 0.44339 0.08351
v -0.41614 -0.24966 -0.04287
v -0.41614 -0.24966 -0.04287
v -0.38234 -0.28059 -0.04131
v -0.38234 -0.28059 -0.04131
v -0.38928 0.38687 -0.09050
v -0.38928 0.38687 -0.09050
v -0.37774 0.36303 -0.09115
v -0.37774 0.36303 -0.09115
v -0.38950 0.35984 -0.04364
v -0.38950 0.35984 -0.04364
v -0.38950 0.35984 -0.04364
v -0.34261 0.42593 -0.01002
v -0.34261 0.42593 -0.01002
v -0.31368 0.45405 0.14890
v -0.31368 0.45405 0.14890
v -0.31368 0.45405 0.14890
v -0.31368 0.45405 0.14890
v -0.35124 -0.85660 -0.05027
v -0.33980 -0.30446 -0.15236
v -0.33980 -0.30446 -0.15236
v -0.37180 0.47336 0.01335
v -0.37125 -0.92125 0.03270
v -0.37125 -0.92125 0.03270
v -0.34637 -0.92401 -0.17592
v -0.34637 -0.92401 -0.17592
v -0.34637 -0.92401 -0.17592
v -0.34637 -0.92401 -0.17592
v -0.35702 -0.32215 -0.08551
v -0.35702 -0.32215 -0.08551
v -0.37503 0.55174 0.02829
v -0.34437 -0.92900 0.02645
v -0.34437 -0.92900 0.02645
v -0.34437 -0.92900 0.02645
v -0.32524 -0.86500 -0.01094
v -0.32524 -0.86500 -0.01094
v -0.31235 -0.15769 -0.23711
v -0.31235 -0.15769 -0.23711
v -0.33823 -0.03809 -0.14139
v -0.30459 0.36779 -0.00466
v -0.30459 0.36779 -0.00466
v -0.35935 -0.89953 -0.17608
v -0.35935 -0.89953 -0.17608
v -0.35935 -0.89953 -0.17608
v -0.34261 -0.12911 -0.05490
v -0.34261 -0.12911 -0.05490
v -0.35776 0.03164 -0.04688
v -0.35776 0.03164 -0.04688
v -0.33238 0.01871 -0.04019
v -0.33238 0.01871 -0.04019
v -0.32443 0.04110 -0.00563
v -0.32443 0.04110 -0.00563
v -0.32443 0.04110 -0.00563
v -0.34299 0.03454 -0.10913
v -0.35491 0.05269 -0.07289
v -0.35491 0.05269 -0.07289
v -0.35467 0.05438 -0.13007
v -0.35467 0.05438 -0.13007
v -0.28653 0.31526 -0.04420
v -0.28653 0.31526 -0.04420
v -0.28653 0.31526 -0.04420
v -0.27450 0.30808 -0.01039
v -0.27450 0.30808 -0.01039
v -0.29757 0.35478 -0.10846
v -0.29757 0.35478 -0.10846
v -0.29757 0.35478 -0.10846
v -0.30395 0.53795 -0.04352
v -0.30395 0.53795 -0.04352
v -0.33994 -0.86267 -0.17283
v -0.33994 -0.86267 -0.17283
v -0.33866 -0.84025 -0.07403
v -0.34135 -0.22228 -0.07762
v -0.34135 -0.22228 -0.07762
v -0.34051 -0.19913 -0.19107
v -0.34051 -0.19913 -0.19107
v -0.33947 -0.06234 -0.07308
v -0.33947 -0.06234 -0.07308
v -0.33947 -0.06234 -0.07308
v -0.33535 0.07526 -0.01972
v -0.33535 0.07526 -0.01972
v -0.33002 0.09018 -0.10931
v -0.27885 0.44002 0.04183
v -0.27885 0.44002 0.04183
v -0.30866 0.53801 0.01117
v -0.30866 0.53801 0.01117
v -0.29348 -0.94422 -0.19278
v -0.29348 -0.94422 -0.19278
v -0.29348 -0.94422 -0.19278
v -0.30814 -0.84507 -0.05777
v -0.35605 -0.56595 0.05489
v -0.35605 -0.56595 0.05489
v -0.33488 -0.63049 -0.02736
v -0.33021 -0.65462 0.00932
v -0.33021 -0.65462 0.00932
v -0.33338 -0.61297 0.06453
v -0.33825 -0.04564 -0.17614
v -0.33825 -0.04564 -0.17614
v -0.30354 -0.03353 -0.19220
v -0.30354 -0.03353 -0.19220
v -0.35210 0.02734 0.01606
v -0.35210 0.02734 0.01606
v -0.32286 0.01427 0.02966
v -0.32286 0.01427 0.02966
v -0.32286 0.01427 0.02966
v -0.33045 0.08095 -0.13768
v -0.33045 0.08095 -0.13768
v -0.26734 0.36004 0.08684
v -0.26734 0.36004 0.08684
v -0.29757 0.44176 -0.10231
v -0.29757 0.44176 -0.10231
v -0.29757 0.44176 -0.10231
v -0.30171 0.48056 -0.08925
v -0.30171 0.48056 -0.08925
v -0.30171 0.48056 -0.08925
v -0.32222 -0.87011 0.04735
v -0.34708 -0.92662 0.08216
v -0.34708 -0.92662 0.08216
v -0.33704 -0.57777 -0.02649
v -0.31687 -0.57911 0.08443
v -0.32205 0.04200 -0.11338
v -0.35089 0.11867 0.19538
v -0.35089 0.11867 0.19538
v -0.33240 0.10563 0.23569
v -0.33240 0.10563 0.23569
v -0.31829 0.20121 0.24121
v -0.31829 0.20121 0.24121
v -0.31282 0.27637 0.20348
v -0.31282 0.27637 0.20348
v -0.32719 0.19807 0.16378
v -0.32719 0.19807 0.16378
v -0.32719 0.19807 0.16378
v -0.20139 -0.94901 -0.21333
v -0.27117 -0.94811 -0.03838
v -0.32529 -0.91910 0.11017
v -0.32529 -0.91910 0.11017
v -0.32529 -0.91910 0.11017
v -0.32593 -0.88457 0.08669
v -0.32593 -0.88457 0.08669
v -0.29075 -0.85318 -0.02465
v -0.30392 -0.82965 -0.06955
v -0.30392 -0.82965 -0.06955
v -0.33749 -0.72565 -0.08381
v -0.32013 -0.72807 -0.12643
v -0.30687 -0.77215 -0.15636
v -0.32807 -0.54574 -0.03269
v -0.29557 -0.20624 -0.16155
v -0.29557 -0.20624 -0.16155
v -0.32274 -0.11441 -0.04011
v -0.32274 -0.11441 -0.04011
v -0.31789 -0.11767 -0.22603
v -0.29783 -0.01233 -0.19125
v -0.29783 -0.01233 -0.19125
v -0.27152 0.01038 0.04031
v -0.27152 0.01038 0.04031
v -0.27152 0.01038 0.04031
v -0.27152 0.01038 0.04031
v -0.27152 0.01038 0.04031
v -0.33749 0.15985 0.11829
v -0.33749 0.15985 0.11829
v -0.33345 0.21753 0.12250
v -0.33345 0.21753 0.12250
v -0.33345 0.21753 0.12250
v -0.33124 0.23925 0.19153
v -0.33124 0.23925 0.19153
v -0.33043 0.24265 0.17786
v -0.32738 0.33512 0.14573
v -0.33514 0.42954 0.16799
v -0.32698 0.29284 0.09056
v -0.32698 0.29284 0.09056
v -0.34413 0.52409 0.14696
v -0.31796 0.51213 0.18894
v -0.32919 0.52662 0.11808
v -0.30680 0.49601 0.11713
v -0.30680 0.49601 0.11713
v -0.31789 -0.87240 -0.18712
v -0.31789 -0.87240 -0.18712
v -0.30795 -0.92505 -0.20081
v -0.30795 -0.92505 -0.20081
v -0.31853 -0.86026 -0.17918
v -0.29857 -0.73367 -0.18188
v -0.29857 -0.73367 -0.18188
v -0.32167 -0.69560 -0.05298
v -0.32167 -0.69560 -0.05298
v -0.32350 -0.68575 -0.11249
v -0.30366 -0.67643 -0.14416
v -0.32407 -0.52335 -0.08667
v -0.32407 -0.52335 -0.08667
v -0.32407 -0.52335 -0.08667
v -0.32407 -0.52335 -0.08667
v -0.32407 -0.52335 -0.08667
v -0.30630 -0.54362 -0.09128
v -0.30630 -0.54362 -0.09128
v -0.30630 -0.54362 -0.09128
v -0.30630 -0.54362 -0.09128
v -0.30630 -0.54362 -0.09128
v -0.33071 -0.54786 -0.10073
v -0.33071 -0.54786 -0.10073
v -0.31463 -0.03478 -0.04125
v -0.31463 -0.03478 -0.04125
v -0.28028 0.07247 -0.05343
v -0.28028 0.07247 -0.05343
v -0.31101 0.07613 -0.12823
v -0.31101 0.07613 -0.12823
v -0.31101 0.07613 -0.12823
v -0.31101 0.07613 -0.12823
v -0.31032 0.10624 -0.14169
v -0.31032 0.10624 -0.14169
v -0.31032 0.10624 -0.14169
v -0.31032 0.10624 -0.14169
v -0.32108 0.13250 -0.00534
v -0.31375 0.10735 -0.10816
v -0.29086 0.17536 0.23392
v -0.29086 0.17536 0.23392
v -0.29960 0.15198 -0.10965
v -0.29960 0.15198 -0.10965
v -0.31646 0.13113 -0.07297
v -0.32248 0.15355 -0.06517
v -0.29032 0.19285 0.16263
v -0.29032 0.19285 0.16263
v -0.32586 0.21152 0.05767
v -0.33252 0.23565 0.08934
v -0.33252 0.23565 0.08934
v -0.33252 0.23565 0.08934
v -0.33252 0.23565 0.08934
v -0.31813 0.24672 0.17731
v -0.31316 0.23426 0.09070
v -0.31316 0.23426 0.09070
v -0.27659 0.30471 0.00932
v -0.27659 0.30471 0.00932
v -0.27659 0.30471 0.00932
v -0.31925 0.37270 0.18897
v -0.26353 0.37883 0.04733
v -0.26353 0.37883 0.04733
v -0.26353 0.37883 0.04733
v -0.32491 0.57971 0.14985
v -0.32491 0.57971 0.14985
v -0.31913 0.54175 0.18111
v -0.30823 0.57137 0.09708
v -0.30823 0.57137 0.09708
v -0.32148 0.60553 0.17756
v -0.32148 0.60553 0.17756
v -0.29714 -0.86140 0.00244
v -0.30438 -0.77842 -0.08806
v -0.30438 -0.77842 -0.08806
v -0.29550 -0.75101 -0.05190
v -0.29550 -0.75101 -0.05190
v -0.28523 -0.72246 -0.01755
v -0.28523 -0.72246 -0.01755
v -0.29132 -0.50807 -0.05818
v -0.28506 -0.47320 0.03422
v -0.31156 -0.12452 -0.22896
v -0.31156 -0.12452 -0.22896
v -0.29132 0.05862 -0.14101
v -0.31898 -0.01962 0.01769
v -0.31898 -0.01962 0.01769
v -0.31423 0.01029 0.01707
v -0.31423 0.01029 0.01707
v -0.32248 0.06265 -0.20106
v -0.32248 0.06265 -0.20106
v -0.29067 0.07253 -0.18798
v -0.29067 0.07253 -0.18798
v -0.31296 0.06155 -0.19205
v -0.31296 0.06155 -0.19205
v -0.31296 0.06155 -0.19205
v -0.30533 0.05580 -0.10615
v -0.30533 0.05580 -0.10615
v -0.31170 0.12614 0.02210
v -0.31170 0.12614 0.02210
v -0.30478 0.14586 0.22759
v -0.30564 0.13709 -0.01839
v -0.29807 0.22006 0.03568
v -0.26527 0.20504 0.03067
v -0.26527 0.20504 0.03067
v -0.28228 0.19244 0.12663
v -0.28228 0.19244 0.12663
v -0.28228 0.19244 0.12663
v -0.28228 0.19244 0.12663
v -0.30478 0.27733 0.02823
v -0.30478 0.27733 0.02823
v -0.30243 0.25102 0.24565
v -0.30243 0.25102 0.24565
v -0.30243 0.25102 0.24565
v -0.29638 0.31035 0.26912
v -0.29638 0.31035 0.26912
v -0.29741 0.36823 0.12655
v -0.29741 0.36823 0.12655
v -0.29574 0.41284 0.06171
v -0.29574 0.41284 0.06171
v -0.29267 0.43023 -0.02421
v -0.29267 0.43023 -0.02421
v -0.29267 0.43023 -0.02421
v -0.30274 0.59835 0.18688
v -0.30274 0.59835 0.18688
v -0.31368 0.56182 0.01539
v -0.30804 0.56670 -0.01280
v -0.27757 -0.94213 0.01087
v -0.24585 -0.90156 0.01672
v -0.24585 -0.90156 0.01672
v -0.28156 -0.85800 -0.04152
v -0.28156 -0.85800 -0.04152
v -0.28199 -0.84380 -0.18911
v -0.29060 -0.73201 -0.19229
v -0.29060 -0.73201 -0.19229
v -0.26843 -0.68142 -0.19992
v -0.26843 -0.68142 -0.19992
v -0.25937 -0.71723 -0.02481
v -0.25937 -0.71723 -0.02481
v -0.25937 -0.71723 -0.02481
v -0.25937 -0.71723 -0.02481
v -0.28963 -0.67010 -0.13462
v -0.26253 -0.66295 0.03559
v -0.26253 -0.66295 0.03559
v -0.26253 -0.66295 0.03559
v -0.28787 -0.45989 -0.06750
v -0.28787 -0.45989 -0.06750
v -0.28787 -0.45989 -0.06750
v -0.22965 -0.09321 -0.19312
v -0.22965 -0.09321 -0.19312
v -0.29144 0.00826 0.06279
v -0.30576 0.05870 0.22069
v -0.30576 0.05870 0.22069
v -0.30576 0.05870 0.22069
v -0.30897 0.08812 0.19454
v -0.30897 0.08812 0.19454
v -0.30897 0.08812 0.19454
v -0.30314 0.08252 0.19977
v -0.30314 0.08252 0.19977
v -0.30314 0.08252 0.19977
v -0.29881 0.08397 -0.14225
v -0.29881 0.08397 -0.14225
v -0.29943 0.08975 0.18859
v -0.29943 0.08975 0.18859
v -0.28128 0.14960 0.02292
v -0.28128 0.14960 0.02292
v -0.28128 0.14960 0.02292
v -0.28806 0.13061 0.10053
v -0.28806 0.13061 0.10053
v -0.28677 0.17652 -0.03948
v -0.28677 0.17652 -0.03948
v -0.25987 0.18620 -0.11910
v -0.28109 0.29284 0.25364
v -0.28109 0.29284 0.25364
v -0.28109 0.29284 0.25364
v -0.27764 0.24437 0.12980
v -0.27764 0.24437 0.12980
v -0.30847 0.40505 0.24523
v -0.30956 0.56101 -0.05355
v -0.31230 0.51582 -0.10428
v -0.31230 0.51582 -0.10428
v -0.29027 0.59902 0.02531
v -0.29027 0.59902 0.02531
v -0.27571 -0.85689 -0.23034
v -0.27571 -0.85689 -0.23034
v -0.27571 -0.85689 -0.23034
v -0.27571 -0.85689 -0.23034
v -0.29136 -0.85454 -0.19698
v -0.29136 -0.85454 -0.19698
v -0.27925 -0.83090 -0.08405
v -0.27925 -0.83090 -0.08405
v -0.27925 -0.83090 -0.08405
v -0.29170 -0.82199 -0.05381
v -0.29170 -0.82199 -0.05381
v -0.28875 -0.81443 -0.19393
v -0.25963 -0.72760 -0.21330
v -0.25963 -0.72760 -0.21330
v -0.27388 -0.57635 -0.08272
v -0.27388 -0.57635 -0.08272
v -0.27388 -0.57635 -0.08272
v -0.24145 -0.54612 0.07821
v -0.29648 -0.53105 -0.11696
v -0.29648 -0.53105 -0.11696
v -0.27295 -0.46559 -0.05079
v -0.27873 -0.05889 0.06667
v -0.27873 -0.05889 0.06667
v -0.29810 -0.05543 0.04713
v -0.29810 -0.05543 0.04713
v -0.26898 0.04186 -0.05385
v -0.29153 0.15527 -0.15659
v -0.29153 0.15527 -0.15659
v -0.27150 0.25459 0.08546
v -0.27150 0.25459 0.08546
v -0.27150 0.25459 0.08546
v -0.30335 0.22314 -0.12243
v -0.30335 0.22314 -0.12243
v -0.26294 0.23719 -0.11062
v -0.29560 0.28177 -0.05785
v -0.29560 0.28177 -0.05785
v -0.29560 0.28177 -0.05785
v -0.29560 0.28177 -0.05785
v -0.30233 0.23940 -0.01013
v -0.30233 0.23940 -0.01013
v -0.31239 0.26562 -0.09234
v -0.26919 0.29321 -0.12850
v -0.26919 0.29321 -0.12850
v -0.26919 0.29321 -0.12850
v -0.29764 0.24529 -0.02270
v -0.29764 0.24529 -0.02270
v -0.28787 0.36887 0.30349
v -0.28787 0.36887 0.30349
v -0.30157 0.39951 -0.12519
v -0.30157 0.39951 -0.12519
v -0.27866 0.58023 -0.06238
v -0.27866 0.58023 -0.06238
v -0.29774 0.62371 -0.08253
v -0.29774 0.62371 -0.08253
v -0.29120 -0.88425 -0.23606
v -0.29120 -0.88425 -0.23606
v -0.29120 -0.88425 -0.23606
v -0.27110 -0.80471 -0.08324
v -0.28035 -0.80784 -0.19616
v -0.29129 -0.76736 -0.19323
v -0.29129 -0.76736 -0.19323
v -0.24728 -0.01797 0.00394
v -0.25742 0.06251 -0.17233
v -0.25742 0.06251 -0.17233
v -0.25742 0.06251 -0.17233
v -0.28254 0.20086 0.02561
v -0.28254 0.20086 0.02561
v -0.28901 0.25195 -0.13747
v -0.28901 0.25195 -0.13747
v -0.27697 0.38597 -0.01080
v -0.27697 0.38597 -0.01080
v -0.28370 0.40319 0.33884
v -0.28370 0.40319 0.33884
v -0.28370 0.40319 0.33884
v -0.28544 0.46125 0.26681
v -0.28259 0.49407 -0.11896
v -0.28259 0.49407 -0.11896
v -0.26684 0.69576 0.02563
v -0.27928 -0.81002 -0.21997
v -0.27928 -0.81002 -0.21997
v -0.27611 -0.65360 -0.15406
v -0.27611 -0.65360 -0.15406
v -0.27611 -0.65360 -0.15406
v -0.25889 -0.62067 -0.16003
v -0.25889 -0.62067 -0.16003
v -0.25889 -0.62067 -0.16003
v -0.27535 -0.51435 -0.13150
v -0.27535 -0.51435 -0.13150
v -0.23384 -0.49204 0.07363
v -0.23384 -0.49204 0.07363
v -0.30564 -0.19053 -0.07991
v -0.30564 -0.19053 -0.07991
v -0.27488 -0.14906 -0.06246
v -0.27488 -0.14906 -0.06246
v -0.25818 0.07006 0.06166
v -0.26377 0.06248 -0.22152
v -0.26377 0.06248 -0.22152
v -0.27007 0.14304 -0.15279
v -0.27007 0.14304 -0.15279
v -0.28849 0.34009 0.19551
v -0.28849 0.34009 0.19551
v -0.28849 0.34009 0.19551
v -0.26605 0.23995 -0.00450
v -0.26479 0.38548 0.01010
v -0.27633 0.49392 0.27052
v -0.28099 0.57782 0.24649
v -0.27626 0.55540 -0.17143
v -0.27464 0.67639 -0.14072
v -0.27464 0.67639 -0.14072
v -0.24623 0.70775 0.16835
v -0.28116 0.68188 -0.08532
v -0.25178 -0.92044 0.00889
v -0.25178 -0.92044 0.00889
v -0.25946 -0.92285 -0.25134
v -0.25946 -0.92285 -0.25134
v -0.24231 -0.88071 -0.27228
v -0.23582 -0.83386 -0.25819
v -0.23582 -0.83386 -0.25819
v -0.20525 -0.74813 -0.05369
v -0.20525 -0.74813 -0.05369
v -0.26905 -0.74137 -0.04371
v -0.26448 -0.62715 -0.17565
v -0.26448 -0.62715 -0.17565
v -0.26448 -0.62715 -0.17565
v -0.21086 -0.62076 0.01450
v -0.21086 -0.62076 0.01450
v -0.26986 -0.55498 -0.08802
v -0.26986 -0.55498 -0.08802
v -0.25799 -0.43286 -0.02472
v -0.25799 -0.43286 -0.02472
v -0.25630 -0.15830 -0.14236
v -0.26665 -0.14145 -0.07093
v -0.22485 -0.02015 0.00743
v -0.22485 -0.02015 0.00743
v -0.22485 -0.02015 0.00743
v -0.24559 -0.07396 0.09262
v -0.24559 -0.07396 0.09262
v -0.24559 -0.07396 0.09262
v -0.21117 0.06477 -0.17558
v -0.21117 0.06477 -0.17558
v -0.26382 0.14278 -0.17921
v -0.26382 0.14278 -0.17921
v -0.28339 0.17528 -0.02280
v -0.28339 0.17528 -0.02280
v -0.26060 0.16979 0.02175
v -0.26060 0.16979 0.02175
v -0.23891 0.24143 0.12415
v -0.23891 0.24143 0.12415
v -0.26705 0.29960 0.17751
v -0.26225 0.33840 0.08546
v -0.26225 0.33840 0.08546
v -0.24752 0.35461 0.09154
v -0.24752 0.35461 0.09154
v -0.24752 0.35461 0.09154
v -0.28273 0.40253 0.23442
v -0.28273 0.40253 0.23442
v -0.26577 0.35731 0.21362
v -0.26160 0.39309 0.32199
v -0.26160 0.39309 0.32199
v -0.26160 0.39309 0.32199
v -0.27590 0.39108 0.35171
v -0.27590 0.39108 0.35171
v -0.26196 0.41995 0.24460
v -0.26196 0.41995 0.24460
v -0.26006 0.40491 -0.15525
v -0.25780 0.48419 0.30923
v -0.24417 0.49383 -0.19280
v -0.25135 0.60689 -0.21030
v -0.25846 -0.74732 -0.21755
v -0.25470 -0.51687 -0.12964
v -0.23534 -0.42365 0.04277
v -0.23534 -0.42365 0.04277
v -0.23534 -0.42365 0.04277
v -0.23534 -0.42365 0.04277
v -0.27583 -0.43602 0.02828
v -0.27583 -0.43602 0.02828
v -0.26638 -0.42307 0.04421
v -0.26638 -0.42307 0.04421
v -0.25342 0.00840 0.04901
v -0.25342 0.00840 0.04901
v -0.23177 -0.07422 0.06764
v -0.23177 -0.07422 0.06764
v -0.23177 -0.07422 0.06764
v -0.23177 -0.07422 0.06764
v -0.23177 -0.07422 0.06764
v -0.24923 0.12640 0.05827
v -0.24923 0.12640 0.05827
v -0.25435 0.21047 -0.13383
v -0.25435 0.21047 -0.13383
v -0.24114 0.28395 -0.11996
v -0.24114 0.28395 -0.11996
v -0.26027 0.29609 -0.04506
v -0.26027 0.29609 -0.04506
v -0.24083 0.31441 -0.12031
v -0.24083 0.31441 -0.12031
v -0.25668 0.44336 0.28032
v -0.25668 0.44336 0.28032
v -0.25368 0.51402 0.27745
v -0.25882 0.55924 -0.19997
v -0.24110 0.57193 0.29444
v -0.21160 -0.92401 -0.11596
v -0.21160 -0.92401 -0.11596
v -0.25516 -0.86383 -0.02908
v -0.23584 -0.81769 -0.08781
v -0.23584 -0.81769 -0.08781
v -0.25109 -0.79289 -0.23563
v -0.25285 -0.77474 -0.23782
v -0.24255 -0.61814 -0.15520
v -0.24255 -0.61814 -0.15520
v -0.24942 -0.51240 -0.09225
v -0.24942 -0.51240 -0.09225
v -0.23624 -0.52440 -0.16266
v -0.23624 -0.52440 -0.16266
v -0.23624 -0.52440 -0.16266
v -0.23624 -0.52440 -0.16266
v -0.23415 -0.01477 0.03280
v -0.23415 -0.01477 0.03280
v -0.23415 -0.01477 0.03280
v -0.21498 0.11830 -0.19717
v -0.21498 0.11830 -0.19717
v -0.23593 0.18660 -0.00102
v -0.23593 0.18660 -0.00102
v -0.23593 0.18660 -0.00102
v -0.25185 0.19529 -0.14678
v -0.25185 0.19529 -0.14678
v -0.25185 0.19529 -0.14678
v -0.25737 0.21428 0.17542
v -0.25737 0.21428 0.17542
v -0.25344 0.28224 -0.16918
v -0.25344 0.28224 -0.16918
v -0.23898 0.30018 0.02666
v -0.23898 0.30018 0.02666
v -0.25708 0.42140 0.30440
v -0.20172 0.56597 0.33662
v -0.20172 0.56597 0.33662
v -0.22249 0.54506 -0.25798
v -0.22249 0.54506 -0.25798
v -0.22249 0.54506 -0.25798
v -0.22249 0.54506 -0.25798
v -0.23149 -0.92087 -0.04487
v -0.23149 -0.92087 -0.04487
v -0.22245 -0.89953 -0.04534
v -0.22245 -0.89953 -0.04534
v -0.24141 -0.72080 -0.02510
v -0.20808 -0.69197 -0.03275
v -0.20808 -0.69197 -0.03275
v -0.19461 -0.53741 -0.13985
v -0.24421 -0.45333 -0.10197
v -0.24421 -0.45333 -0.10197
v -0.24633 -0.42368 -0.05220
v -0.24633 -0.42368 -0.05220
v -0.23622 -0.41459 0.02715
v -0.20665 -0.07646 -0.14927
v -0.20665 -0.07646 -0.14927
v -0.20665 -0.07646 -0.14927
v -0.21590 -0.02749 0.06924
v -0.21590 -0.02749 0.06924
v -0.23724 0.13502 -0.19250
v -0.23724 0.13502 -0.19250
v -0.20049 0.25395 -0.10482
v -0.20049 0.25395 -0.10482
v -0.22449 0.17446 0.21394
v -0.22449 0.17446 0.21394
v -0.24783 0.27117 0.27117
v -0.24783 0.27117 0.27117
v -0.23187 0.29902 0.00185
v -0.23187 0.29902 0.00185
v -0.21876 0.26603 0.06485
v -0.21876 0.26603 0.06485
v -0.23601 0.31093 0.27491
v -0.22333 0.30489 -0.18337
v -0.22333 0.30489 -0.18337
v -0.22475 0.42956 -0.19302
v -0.22475 0.42956 -0.19302
v -0.24857 0.37552 0.30124
v -0.22844 0.43845 0.34057
v -0.22844 0.43845 0.34057
v -0.22844 0.43845 0.34057
v -0.20320 0.47658 0.39732
v -0.20320 0.47658 0.39732
v -0.20320 0.47658 0.39732
v -0.23096 0.52633 -0.24329
v -0.23096 0.52633 -0.24329
v -0.22730 0.62682 -0.22574
v -0.22730 0.62682 -0.22574
v -0.22730 0.62682 -0.22574
v -0.19944 0.79349 0.12877
v -0.19207 0.78959 0.01273
v -0.21062 -0.87963 -0.07998
v -0.21062 -0.87963 -0.07998
v -0.21062 -0.87963 -0.07998
v -0.22773 -0.82408 -0.08231
v -0.22773 -0.82408 -0.08231
v -0.22773 -0.82408 -0.08231
v -0.16495 -0.76233 -0.19389
v -0.16495 -0.76233 -0.19389
v -0.15552 -0.72057 -0.21011
v -0.15552 -0.72057 -0.21011
v -0.21678 -0.59012 -0.09136
v -0.21678 -0.59012 -0.09136
v -0.21678 -0.59012 -0.09136
v -0.20084 -0.61233 -0.12817
v -0.18702 -0.52535 -0.16652
v -0.18702 -0.52535 -0.16652
v -0.22511 -0.34910 -0.09738
v -0.22511 -0.34910 -0.09738
v -0.24638 -0.30365 -0.12045
v -0.24638 -0.30365 -0.12045
v -0.25551 -0.34826 -0.15602
v -0.22773 -0.26209 -0.12284
v -0.22773 -0.26209 -0.12284
v -0.24145 0.02644 0.09506
v -0.24186 0.06460 -0.22647
v -0.24186 0.06460 -0.22647
v -0.20872 0.08043 -0.22534
v -0.20872 0.08043 -0.22534
v -0.23030 0.20673 -0.17644
v -0.23030 0.20673 -0.17644
v -0.23030 0.20673 -0.17644
v -0.21666 0.30559 -0.04596
v -0.21666 0.30559 -0.04596
v -0.23382 0.34017 0.29197
v -0.22347 0.43229 0.36094
v -0.22347 0.43229 0.36094
v -0.22749 0.62252 -0.22500
v -0.22749 0.62252 -0.22500
v -0.22435 0.59632 0.29439
v -0.22435 0.59632 0.29439
v -0.19169 -0.93153 -0.29064
v -0.19169 -0.93153 -0.29064
v -0.20018 -0.79675 -0.06654
v -0.20018 -0.79675 -0.06654
v -0.21091 -0.74540 -0.22232
v -0.21091 -0.74540 -0.22232
v -0.20134 -0.73774 -0.21983
v -0.17325 -0.71686 -0.06330
v -0.17325 -0.71686 -0.06330
v -0.21935 -0.64852 -0.18300
v -0.21935 -0.64852 -0.18300
v -0.19916 -0.46910 -0.19464
v -0.19916 -0.46910 -0.19464
v -0.15519 -0.35706 -0.12650
v -0.15519 -0.35706 -0.12650
v -0.19987 -0.09118 0.11521
v -0.19987 -0.09118 0.11521
v -0.19987 -0.09118 0.11521
v -0.22827 -0.09414 0.04767
v -0.19880 -0.08314 0.06566
v -0.19021 -0.02532 0.12354
v -0.22404 -0.01654 -0.17956
v -0.22019 0.08141 0.08135
v -0.22019 0.08141 0.08135
v -0.22739 0.10621 0.09131
v -0.23582 0.19584 0.00082
v -0.22592 0.22598 -0.05431
v -0.22592 0.22598 -0.05431
v -0.18031 0.77702 0.20697
v -0.18031 0.77702 0.20697
v -0.14477 0.85160 0.02500
v -0.14477 0.85160 0.02500
v -0.19616 -0.61791 -0.06560
v -0.19616 -0.61791 -0.06560
v -0.19616 -0.61791 -0.06560
v -0.24478 -0.53491 -0.16992
v -0.24478 -0.53491 -0.16992
v -0.24478 -0.53491 -0.16992
v -0.20605 -0.43678 0.05535
v -0.20605 -0.43678 0.05535
v -0.20605 -0.43678 0.05535
v -0.19259 -0.36565 -0.13367
v -0.19259 -0.36565 -0.13367
v -0.19259 -0.36565 -0.13367
v -0.20387 -0.29354 -0.19026
v -0.20387 -0.29354 -0.19026
v -0.20601 -0.34776 -0.18720
v -0.20601 -0.34776 -0.18720
v -0.20800 -0.27551 -0.08494
v -0.20800 -0.27551 -0.08494
v -0.20800 -0.27551 -0.08494
v -0.19606 -0.24284 -0.17690
v -0.19606 -0.24284 -0.17690
v -0.19606 -0.24284 -0.17690
v -0.19606 -0.24284 -0.17690
v -0.19606 -0.24284 -0.17690
v -0.18885 -0.02067 -0.10170
v -0.18885 -0.02067 -0.10170
v -0.21065 -0.04477 0.07360
v -0.21065 -0.04477 0.07360
v -0.21065 -0.04477 0.07360
v -0.21065 -0.04477 0.07360
v -0.21747 -0.06237 0.07301
v -0.21747 -0.06237 0.07301
v -0.21892 0.17670 0.06550
v -0.21892 0.17670 0.06550
v -0.19483 0.18541 0.13869
v -0.19847 0.15837 0.19023
v -0.20020 0.18733 0.26082
v -0.20020 0.18733 0.26082
v -0.20020 0.18733 0.26082
v -0.21145 0.24213 -0.00894
v -0.21145 0.24213 -0.00894
v -0.20922 0.26722 -0.10271
v -0.20672 0.30698 -0.14447
v -0.20672 0.30698 -0.14447
v -0.20896 0.26644 0.29002
v -0.20896 0.26644 0.29002
v -0.21928 0.32408 0.29178
v -0.21928 0.32408 0.29178
v -0.20360 0.52604 -0.23784
v -0.20360 0.52604 -0.23784
v -0.21421 0.73868 -0.15366
v -0.13759 -0.93783 -0.24976
v -0.13759 -0.93783 -0.24976
v -0.21571 -0.84772 -0.11826
v -0.21571 -0.84772 -0.11826
v -0.20413 -0.84223 -0.25765
v -0.16247 -0.83956 -0.14943
v -0.17772 -0.78673 -0.23503
v -0.17772 -0.78673 -0.23503
v -0.17684 -0.76843 -0.23002
v -0.17684 -0.76843 -0.23002
v -0.19199 -0.66455 -0.05615
v -0.12396 -0.49411 0.05123
v -0.12396 -0.49411 0.05123
v -0.22290 -0.45894 0.07495
v -0.22290 -0.45894 0.07495
v -0.21324 -0.47636 0.08392
v -0.20299 -0.24014 -0.13093
v -0.20299 -0.24014 -0.13093
v -0.20299 -0.24014 -0.13093
v -0.19575 0.03837 -0.21078
v -0.19575 0.03837 -0.21078
v -0.19575 0.03837 -0.21078
v -0.19575 0.03837 -0.21078
v -0.20182 -0.02990 0.00315
v -0.20672 0.03678 0.12336
v -0.18467 0.17417 -0.20629
v -0.18467 0.17417 -0.20629
v -0.19097 0.20208 0.28605
v -0.19097 0.20208 0.28605
v -0.19102 0.25200 0.30168
v -0.21631 0.32859 -0.09348
v -0.21631 0.32859 -0.09348
v -0.18921 0.34497 -0.20352
v -0.18921 0.34497 -0.20352
v -0.18921 0.34497 -0.20352
v -0.18921 0.34497 -0.20352
v -0.20827 0.49241 -0.25261
v -0.20827 0.49241 -0.25261
v -0.20827 0.49241 -0.25261
v -0.20827 0.49241 -0.25261
v -0.17708 0.66733 -0.25539
v -0.17708 0.66733 -0.25539
v -0.17546 0.72733 -0.22021
v -0.17546 0.72733 -0.22021
v -0.17546 0.72733 -0.22021
v -0.17394 0.68414 0.28751
v -0.19402 0.72695 0.22945
v -0.18479 -0.86959 -0.12280
v -0.18479 -0.86959 -0.12280
v -0.16430 -0.81156 -0.23215
v -0.16430 -0.81156 -0.23215
v -0.18179 -0.73413 -0.19679
v -0.19977 -0.53363 -0.19798
v -0.19977 -0.53363 -0.19798
v -0.19111 -0.22460 -0.07657
v -0.19111 -0.22460 -0.07657
v -0.19111 -0.22460 -0.07657
v -0.19111 -0.22460 -0.07657
v -0.19111 -0.22460 -0.07657
v -0.19111 -0.22460 -0.07657
v -0.20103 -0.05154 0.05185
v -0.18995 0.06904 0.14887
v -0.18995 0.06904 0.14887
v -0.21800 0.14255 0.16258
v -0.21800 0.14255 0.16258
v -0.22654 0.11722 0.18713
v -0.21947 0.12515 0.14080
v -0.21107 0.13372 0.17732
v -0.21107 0.13372 0.17732
v -0.20691 0.11978 0.21256
v -0.20691 0.11978 0.21256
v -0.20691 0.11978 0.21256
v -0.19585 0.16131 0.14034
v -0.19585 0.16131 0.14034
v -0.16433 0.22302 0.31091
v -0.16433 0.22302 0.31091
v -0.18659 0.23298 0.04304
v -0.18659 0.23298 0.04304
v -0.18659 0.23298 0.04304
v -0.19706 0.33480 -0.15104
v -0.19706 0.33480 -0.15104
v -0.19195 0.36794 0.32933
v -0.19195 0.36794 0.32933
v -0.19245 0.50530 0.34193
v -0.19245 0.50530 0.34193
v -0.16977 0.56461 0.36126
v -0.16977 0.56461 0.36126
v -0.20370 0.52470 -0.26991
v -0.20370 0.52470 -0.26991
v -0.21167 0.55276 -0.25936
v -0.18740 0.59104 -0.27685
v -0.17989 -0.92343 -0.14629
v -0.17989 -0.92343 -0.14629
v -0.18923 -0.73861 -0.06771
v -0.18923 -0.73861 -0.06771
v -0.17896 -0.65047 -0.14221
v -0.17896 -0.65047 -0.14221
v -0.18048 -0.57446 -0.18284
v -0.18048 -0.57446 -0.18284
v -0.18048 -0.57446 -0.18284
v -0.16606 -0.38956 0.02592
v -0.16606 -0.38956 0.02592
v -0.20908 -0.10367 0.01525
v -0.20884 -0.13939 0.02574
v -0.19642 -0.13884 0.05011
v -0.19642 -0.13884 0.05011
v -0.17582 -0.02192 -0.20879
v -0.17582 -0.02192 -0.20879
v -0.19528 -0.06429 -0.00241
v -0.15814 -0.08047 0.06804
v -0.15814 -0.08047 0.06804
v -0.19180 0.06280 -0.18961
v -0.19180 0.06280 -0.18961
v -0.16347 0.05237 0.26343
v -0.16347 0.05237 0.26343
v -0.16347 0.05237 0.26343
v -0.19973 0.08522 -0.22676
v -0.20287 0.18733 -0.21182
v -0.20287 0.18733 -0.21182
v -0.20287 0.18733 -0.21182
v -0.19471 0.26902 -0.10881
v -0.19471 0.26902 -0.10881
v -0.18681 0.28456 -0.06490
v -0.18681 0.28456 -0.06490
v -0.18331 0.35234 0.34715
v -0.17253 0.38989 0.38374
v -0.17253 0.38989 0.38374
v -0.17253 0.38989 0.38374
v -0.17253 0.38989 0.38374
v -0.14967 0.51683 0.40320
v -0.14967 0.51683 0.40320
v -0.19823 0.83536 0.16481
v -0.17487 -0.88141 -0.15731
v -0.17487 -0.88141 -0.15731
v -0.17032 -0.74552 -0.20396
v -0.17032 -0.74552 -0.20396
v -0.18331 -0.59816 -0.09030
v -0.18331 -0.59816 -0.09030
v -0.14491 -0.54449 -0.15597
v -0.14491 -0.54449 -0.15597
v -0.17748 -0.47410 0.06258
v -0.17748 -0.47410 0.06258
v -0.14387 -0.46248 0.10179
v -0.16347 -0.31727 -0.14830
v -0.16347 -0.31727 -0.14830
v -0.16954 -0.24571 -0.10311
v -0.16954 -0.24571 -0.10311
v -0.18571 -0.18934 0.00128
v -0.20058 -0.17709 0.00992
v -0.15629 -0.19945 -0.03046
v -0.16559 -0.20863 0.01087
v -0.17755 -0.15725 -0.08470
v -0.17755 -0.15725 -0.08470
v -0.19839 -0.10509 -0.13963
v -0.19839 -0.10509 -0.13963
v -0.16647 -0.07887 -0.11699
v -0.17912 -0.05398 0.08956
v -0.17912 -0.05398 0.08956
v -0.17912 -0.05398 0.08956
v -0.19935 -0.07065 -0.19627
v -0.19935 -0.07065 -0.19627
v -0.15165 -0.08119 -0.21680
v -0.15165 -0.08119 -0.21680
v -0.18464 0.05795 0.18235
v -0.18464 0.05795 0.18235
v -0.18184 0.06965 0.23940
v -0.18184 0.06965 0.23940
v -0.16580 0.04424 0.16970
v -0.16580 0.04424 0.16970
v -0.16580 0.04424 0.16970
v -0.17960 0.10793 -0.24191
v -0.17960 0.10793 -0.24191
v -0.18607 0.11597 -0.21017
v -0.18607 0.11597 -0.21017
v -0.14863 0.19276 0.27337
v -0.14863 0.19276 0.27337
v -0.16911 0.22238 -0.20057
v -0.16911 0.22238 -0.20057
v -0.20008 0.27402 0.30872
v -0.15583 0.28682 -0.11554
v -0.15583 0.28682 -0.11554
v -0.15583 0.28682 -0.11554
v -0.15926 0.43142 -0.26168
v -0.16490 0.47394 -0.26914
v -0.17208 0.50864 0.40713
v -0.17208 0.50864 0.40713
v -0.18433 0.58500 0.34271
v -0.18433 0.58500 0.34271
v -0.15909 0.84486 0.11769
v -0.16856 -0.85286 -0.24778
v -0.16856 -0.85286 -0.24778
v -0.17349 -0.87310 -0.13220
v -0.17349 -0.87310 -0.13220
v -0.16637 -0.77839 -0.08890
v -0.16637 -0.77839 -0.08890
v -0.16637 -0.77839 -0.08890
v -0.17789 -0.74494 -0.05745
v -0.17789 -0.74494 -0.05745
v -0.16164 -0.69208 -0.17221
v -0.16164 -0.69208 -0.17221
v -0.16164 -0.69208 -0.17221
v -0.16901 -0.37933 -0.05625
v -0.16506 -0.29985 -0.18120
v -0.16506 -0.29985 -0.18120
v -0.16506 -0.29985 -0.18120
v -0.15160 -0.28797 -0.12605
v -0.15160 -0.28797 -0.12605
v -0.15160 -0.28797 -0.12605
v -0.17444 -0.21040 -0.06363
v -0.17444 -0.21040 -0.06363
v -0.17444 -0.21040 -0.06363
v -0.17444 -0.21040 -0.06363
v -0.17444 -0.21040 -0.06363
v -0.17760 -0.19506 -0.07454
v -0.17760 -0.19506 -0.07454
v -0.17760 -0.19506 -0.07454
v -0.16559 -0.13669 -0.03916
v -0.16559 -0.13669 -0.03916
v -0.17758 0.06602 -0.24429
v -0.17203 0.06358 -0.22588
v -0.17203 0.06358 -0.22588
v -0.16556 0.06344 -0.23459
v -0.16556 0.06344 -0.23459
v -0.14825 0.10473 0.13682
v -0.14758 0.19929 0.08091
v -0.14758 0.19929 0.08091
v -0.14758 0.19929 0.08091
v -0.14444 0.25386 0.32033
v -0.16999 0.27108 -0.12211
v -0.10535 0.60544 0.33743
v -0.10535 0.60544 0.33743
v -0.15424 0.56255 0.34634
v -0.18667 0.66698 0.29734
v -0.18667 0.66698 0.29734
v -0.17175 0.74228 0.24119
v -0.17175 0.74228 0.24119
v -0.10421 0.87727 -0.02778
v -0.10421 0.87727 -0.02778
v -0.16361 0.83423 0.05274
v -0.14858 0.84068 0.16491
v -0.16121 -0.91413 -0.29056
v -0.16121 -0.91413 -0.29056
v -0.16121 -0.91413 -0.29056
v -0.15950 -0.83381 -0.22810
v -0.15950 -0.83381 -0.22810
v -0.17063 -0.79527 -0.22620
v -0.17063 -0.79527 -0.22620
v -0.15269 -0.70579 -0.13213
v -0.14387 -0.44651 -0.20469
v -0.15122 -0.38706 -0.17310
v -0.15122 -0.38706 -0.17310
v -0.16594 -0.22097 -0.17961
v -0.16594 -0.22097 -0.17961
v -0.16404 -0.20482 -0.12243
v -0.19085 -0.12237 0.06288
v -0.19085 -0.12237 0.06288
v -0.14748 -0.17944 -0.11609
v -0.14748 -0.17944 -0.11609
v -0.18633 -0.11102 0.11575
v -0.18633 -0.11102 0.11575
v -0.18633 -0.11102 0.11575
v -0.14615 -0.02944 0.14651
v -0.14615 -0.02944 0.14651
v -0.10859 0.14597 -0.23489
v -0.13697 0.12477 0.24815
v -0.13300 0.17586 -0.23508
v -0.14725 0.22032 -0.21536
v -0.14725 0.22032 -0.21536
v -0.15455 0.26080 -0.14323
v -0.15455 0.26080 -0.14323
v -0.13785 0.30277 0.36470
v -0.14713 0.37322 0.35833
v -0.14713 0.37322 0.35833
v -0.13761 0.31865 -0.20829
v -0.16499 0.60567 -0.28194
v -0.16647 -0.85681 -0.18717
v -0.15619 -0.79376 -0.13302
v -0.13473 -0.71903 -0.11672
v -0.13473 -0.71903 -0.11672
v -0.13473 -0.71903 -0.11672
v -0.13473 -0.71903 -0.11672
v -0.16133 -0.72464 -0.09822
v -0.10914 -0.61768 -0.05289
v -0.14358 -0.61588 -0.16376
v -0.14358 -0.61588 -0.16376
v -0.14358 -0.61588 -0.16376
v -0.14358 -0.61588 -0.16376
v -0.10521 -0.53703 -0.17747
v -0.10521 -0.53703 -0.17747
v -0.10521 -0.53703 -0.17747
v -0.10521 -0.53703 -0.17747
v -0.14848 -0.25782 -0.17940
v -0.14848 -0.25782 -0.17940
v -0.14848 -0.25782 -0.17940
v -0.14848 -0.25782 -0.17940
v -0.17289 -0.27493 -0.21907
v -0.17289 -0.27493 -0.21907
v -0.16185 -0.26389 -0.01712
v -0.15605 -0.22887 0.06338
v -0.15605 -0.22887 0.06338
v -0.14727 -0.01893 0.19921
v -0.14727 -0.01893 0.19921
v -0.13652 -0.00917 0.18615
v -0.13652 -0.00917 0.18615
v -0.14028 0.12010 -0.23852
v -0.14028 0.12010 -0.23852
v -0.14177 0.17530 0.29130
v -0.14177 0.17530 0.29130
v -0.14177 0.17530 0.29130
v -0.13899 0.21378 0.32989
v -0.14725 0.25479 -0.15731
v -0.11656 0.28624 -0.19041
v -0.11656 0.28624 -0.19041
v -0.11656 0.28624 -0.19041
v -0.11656 0.28624 -0.19041
v -0.11656 0.28624 -0.19041
v -0.11656 0.28624 -0.19041
v -0.17915 0.33773 -0.21361
v -0.17915 0.33773 -0.21361
v -0.17584 0.31810 -0.22574
v -0.17584 0.31810 -0.22574
v -0.17584 0.31810 -0.22574
v -0.10897 0.33158 -0.18774
v -0.10897 0.33158 -0.18774
v -0.16963 0.50272 0.34877
v -0.13300 0.59106 0.38857
v -0.16606 0.59144 -0.28279
v -0.13328 0.62199 0.37045
v -0.13328 0.62199 0.37045
v -0.13328 0.62199 0.37045
v -0.14993 -0.88806 -0.21483
v -0.17056 -0.78696 -0.20125
v -0.10602 -0.57321 0.01038
v -0.10602 -0.57321 0.01038
v -0.13140 -0.61448 -0.19264
v -0.13140 -0.61448 -0.19264
v -0.13140 -0.61448 -0.19264
v -0.13140 -0.61448 -0.19264
v -0.13766 -0.34771 -0.01660
v -0.13766 -0.34771 -0.01660
v -0.12484 -0.34291 0.02479
v -0.12484 -0.34291 0.02479
v -0.12484 -0.34291 0.02479
v -0.16963 -0.32392 -0.22639
v -0.16963 -0.32392 -0.22639
v -0.16951 -0.30975 -0.22495
v -0.16951 -0.30975 -0.22495
v -0.14737 -0.30568 -0.24543
v -0.14737 -0.30568 -0.24543
v -0.14979 -0.25573 -0.22783
v -0.14979 -0.25573 -0.22783
v -0.14917 -0.23886 -0.09983
v -0.14917 -0.23886 -0.09983
v -0.14917 -0.23886 -0.09983
v -0.14125 -0.21258 -0.19597
v -0.14125 -0.21258 -0.19597
v -0.14125 -0.21258 -0.19597
v -0.14125 -0.21258 -0.19597
v -0.13692 -0.26372 0.02788
v -0.13692 -0.26372 0.02788
v -0.13533 -0.25373 -0.13633
v -0.13533 -0.25373 -0.13633
v -0.13533 -0.25373 -0.13633
v -0.15310 -0.20918 -0.11728
v -0.09348 -0.16846 0.11109
v -0.09348 -0.16846 0.11109
v -0.13966 -0.13977 -0.17828
v -0.13966 -0.13977 -0.17828
v -0.09210 -0.10437 0.12522
v -0.09210 -0.10437 0.12522
v -0.09210 -0.10437 0.12522
v -0.14582 -0.05523 0.10448
v -0.14582 -0.05523 0.10448
v -0.14582 -0.05523 0.10448
v -0.16083 -0.01599 0.15407
v -0.12724 -0.00350 -0.25971
v -0.14627 0.05397 -0.24533
v -0.14696 0.07107 0.24840
v -0.14696 0.07107 0.24840
v -0.14679 0.24047 0.32315
v -0.09541 0.29028 -0.17216
v -0.09541 0.29028 -0.17216
v -0.14294 0.28067 -0.21409
v -0.14294 0.28067 -0.21409
v -0.14294 0.28067 -0.21409
v -0.14294 0.28067 -0.21409
v -0.14294 0.28067 -0.21409
v -0.13445 0.53214 -0.29830
v -0.15046 0.55427 -0.29265
v -0.11841 0.62833 -0.26590
v -0.11841 0.62833 -0.26590
v -0.11841 0.62833 -0.26590
v -0.10994 0.81318 -0.12475
v -0.16590 0.95423 0.18549
v -0.16590 0.95423 0.18549
v -0.16590 0.95423 0.18549
v -0.16169 0.91076 0.16604
v -0.16169 0.91076 0.16604
v -0.13433 0.88067 0.18882
v -0.13433 0.88067 0.18882
v -0.09312 0.87471 0.21900
v -0.13787 -0.74064 -0.18329
v -0.11649 -0.49759 -0.21951
v -0.15500 -0.29996 -0.03231
v -0.15445 -0.24934 -0.04870
v -0.13573 -0.24226 0.07661
v -0.13573 -0.24226 0.07661
v -0.15997 -0.17892 -0.15850
v -0.15997 -0.17892 -0.15850
v -0.15997 -0.17892 -0.15850
v -0.11568 -0.17990 0.10012
v -0.11568 -0.17990 0.10012
v -0.11568 -0.17990 0.10012
v -0.13128 0.03625 0.27854
v -0.13128 0.03625 0.27854
v -0.13521 0.06437 0.19814
v -0.06769 0.10160 0.28065
v -0.09998 0.54689 0.44699
v -0.09998 0.54689 0.44699
v -0.13045 0.59960 -0.28349
v -0.10576 0.72939 0.32036
v -0.10576 0.72939 0.32036
v -0.14760 0.76378 -0.20160
v -0.11068 0.69561 -0.30090
v -0.11068 0.69561 -0.30090
v -0.13038 0.86101 0.16393
v -0.13074 0.89034 0.10584
v -0.13074 0.89034 0.10584
v -0.13866 -0.74700 -0.10162
v -0.13866 -0.74700 -0.10162
v -0.13923 -0.60679 -0.17411
v -0.13923 -0.60679 -0.17411
v -0.13064 -0.58928 -0.20011
v -0.11637 -0.51380 0.04990
v -0.11637 -0.51380 0.04990
v -0.11149 -0.45278 -0.21005
v -0.13602 -0.44044 -0.20640
v -0.13602 -0.44044 -0.20640
v -0.09263 -0.39693 0.05359
v -0.10906 -0.37158 0.02690
v -0.10906 -0.37158 0.02690
v -0.13992 -0.32656 -0.11041
v -0.13992 -0.32656 -0.11041
v -0.12129 -0.35534 -0.16270
v -0.12129 -0.35534 -0.16270
v -0.15743 -0.30388 -0.09929
v -0.13545 -0.24414 -0.18847
v -0.13545 -0.24414 -0.18847
v -0.13545 -0.24414 -0.18847
v -0.13630 -0.20200 -0.21743
v -0.13630 -0.20200 -0.21743
v -0.13740 -0.23508 -0.12330
v -0.13352 -0.22538 0.07767
v -0.13352 -0.22538 0.07767
v -0.13352 -0.22538 0.07767
v -0.12638 -0.23383 0.09608
v -0.12638 -0.23383 0.09608
v -0.12638 -0.23383 0.09608
v -0.14575 -0.02746 0.18951
v -0.14575 -0.02746 0.18951
v -0.13309 0.16470 -0.24510
v -0.09655 0.16462 0.33060
v -0.09655 0.16462 0.33060
v -0.09655 0.16462 0.33060
v -0.12248 0.30149 -0.21222
v -0.12248 0.30149 -0.21222
v -0.06303 0.29045 0.35817
v -0.06303 0.29045 0.35817
v -0.06303 0.29045 0.35817
v -0.12512 0.36114 0.42175
v -0.08337 0.37264 -0.29143
v -0.12032 0.48352 0.38150
v -0.09943 0.65734 -0.30751
v -0.10766 -0.56067 0.01996
v -0.10766 -0.56067 0.01996
v -0.10766 -0.56067 0.01996
v -0.15667 -0.48725 0.10982
v -0.15667 -0.48725 0.10982
v -0.12193 -0.52509 0.09242
v -0.12193 -0.52509 0.09242
v -0.07502 -0.48812 0.05897
v -0.07502 -0.48812 0.05897
v -0.12748 -0.35709 -0.16178
v -0.12748 -0.35709 -0.16178
v -0.13697 -0.34114 -0.00447
v -0.12339 -0.29169 0.04546
v -0.12400 -0.27269 0.05621
v -0.12400 -0.27269 0.05621
v -0.10980 -0.21414 -0.16197
v -0.10980 -0.21414 -0.16197
v -0.12698 -0.18202 -0.16327
v -0.11111 -0.16855 -0.14656
v -0.09186 -0.07332 -0.24690
v -0.04015 -0.06179 0.23548
v -0.04015 -0.06179 0.23548
v -0.10416 0.05269 0.27334
v -0.10416 0.05269 0.27334
v -0.01326 0.07226 0.23894
v -0.10649 0.15518 0.30853
v -0.10649 0.15518 0.30853
v -0.10649 0.15518 0.30853
v -0.12457 0.19197 0.09941
v -0.13028 0.20591 -0.23387
v -0.13028 0.20591 -0.23387
v -0.10452 0.24320 -0.23915
v -0.10452 0.24320 -0.23915
v -0.13940 0.28157 -0.20033
v -0.13940 0.28157 -0.20033
v -0.13773 0.54939 -0.29541
v -0.11839 0.89237 0.05978
v -0.11839 0.89237 0.05978
v -0.11875 0.90823 0.05174
v -0.11875 0.90823 0.05174
v -0.12719 0.91697 0.14876
v -0.12719 0.91697 0.14876
v -0.11106 -0.53227 -0.22072
v -0.11106 -0.53227 -0.22072
v -0.08044 -0.46736 0.08050
v -0.08044 -0.46736 0.08050
v -0.10190 -0.35880 0.04034
v -0.10190 -0.35880 0.04034
v -0.10190 -0.35880 0.04034
v -0.10190 -0.35880 0.04034
v -0.12281 -0.27516 -0.15551
v -0.11699 -0.16480 -0.17192
v -0.11699 -0.16480 -0.17192
v -0.11699 -0.16480 -0.17192
v -0.06496 -0.12339 0.11799
v -0.06496 -0.12339 0.11799
v -0.07236 -0.09513 0.17770
v -0.07236 -0.09513 0.17770
v -0.07236 -0.09513 0.17770
v -0.12034 0.01772 0.23731
v -0.10083 0.08728 -0.23847
v -0.09201 0.10807 0.26389
v -0.13526 0.13270 0.09590
v -0.13526 0.13270 0.09590
v -0.07160 0.19017 -0.26315
v -0.08223 0.33053 0.36294
v -0.08223 0.33053 0.36294
v -0.08223 0.33053 0.36294
v -0.10749 0.44391 0.39387
v -0.10956 0.68650 0.34743
v -0.07676 0.82174 -0.14928
v -0.10293 0.90617 0.19760
v -0.10293 0.90617 0.19760
v -0.12355 -0.57960 0.07625
v -0.12355 -0.57960 0.07625
v -0.10773 -0.61774 0.05787
v -0.10773 -0.61774 0.05787
v -0.10773 -0.61774 0.05787
v -0.12312 -0.59067 0.07525
v -0.12312 -0.59067 0.07525
v -0.12162 -0.58257 0.07901
v -0.12162 -0.58257 0.07901
v -0.11494 -0.38958 -0.20670
v -0.11494 -0.38958 -0.20670
v -0.11494 -0.38958 -0.20670
v -0.11494 -0.38958 -0.20670
v -0.10778 -0.42200 -0.20312
v -0.10778 -0.42200 -0.20312
v -0.10778 -0.42200 -0.20312
v -0.10778 -0.42200 -0.20312
v -0.10500 -0.36992 -0.19159
v -0.10500 -0.36992 -0.19159
v -0.10500 -0.36992 -0.19159
v -0.10500 -0.36992 -0.19159
v -0.09950 -0.35764 0.07309
v -0.09950 -0.35764 0.07309
v -0.11040 -0.29508 -0.17373
v -0.11040 -0.29508 -0.17373
v -0.11040 -0.29508 -0.17373
v -0.10683 -0.22155 -0.17360
v -0.10683 -0.22155 -0.17360
v -0.07062 -0.18757 0.13477
v -0.07062 -0.18757 0.13477
v -0.07062 -0.18757 0.13477
v -0.07062 -0.18757 0.13477
v -0.09588 -0.07466 0.11772
v -0.09588 -0.07466 0.11772
v -0.09588 -0.07466 0.11772
v -0.09205 -0.09499 0.18702
v -0.09205 -0.09499 0.18702
v -0.09205 -0.09499 0.18702
v -0.09769 0.02301 0.29217
v -0.09769 0.02301 0.29217
v -0.06441 0.04476 -0.26878
v -0.08761 0.07880 0.09185
v -0.08761 0.07880 0.09185
v -0.10274 0.14144 0.09299
v -0.11109 0.16703 0.29656
v -0.11109 0.16703 0.29656
v -0.10393 0.30039 -0.22902
v -0.07949 0.44109 -0.30112
v -0.04352 0.49348 0.40222
v -0.06964 0.83989 -0.11703
v -0.11691 0.89356 0.02855
v -0.10381 0.92525 0.07363
v -0.10381 0.92525 0.07363
v -0.10949 -0.55806 0.06092
v -0.10949 -0.55806 0.06092
v -0.08575 -0.46466 -0.22666
v -0.10795 -0.40445 -0.19594
v -0.10795 -0.40445 -0.19594
v -0.09974 -0.31201 0.07270
v -0.06405 -0.25384 0.12363
v -0.06405 -0.25384 0.12363
v -0.09115 0.04165 0.25714
v -0.09010 0.05696 0.12333
v -0.06032 0.02693 0.13349
v -0.06032 0.02693 0.13349
v -0.06665 0.12074 0.17785
v -0.09360 0.22331 -0.23698
v -0.07374 0.46456 0.39957
v -0.04664 0.89202 0.00957
v -0.07435 -0.57865 0.01913
v -0.07435 -0.57865 0.01913
v -0.10585 -0.36603 0.03148
v -0.10585 -0.36603 0.03148
v -0.07578 -0.26639 0.08996
v -0.07578 -0.26639 0.08996
v -0.09862 -0.16199 -0.20307
v -0.09862 -0.16199 -0.20307
v -0.05613 -0.14450 0.13011
v -0.05613 -0.14450 0.13011
v -0.05613 -0.14450 0.13011
v -0.05206 -0.06714 0.23165
v -0.07709 0.10128 -0.26506
v -0.09715 0.17025 0.29905
v -0.09715 0.17025 0.29905
v -0.10295 0.21651 -0.23213
v -0.06286 0.25874 0.36836
v -0.06286 0.25874 0.36836
v 0.00420 0.48254 -0.35023
v -0.03370 0.61046 0.42760
v -0.07609 0.84843 0.26178
v -0.08561 0.86914 0.24061
v -0.08561 0.86914 0.24061
v -0.08749 0.92269 0.11745
v -0.06029 -0.56897 -0.02156
v -0.06029 -0.56897 -0.02156
v -0.08282 -0.56735 0.04388
v -0.08282 -0.56735 0.04388
v -0.08937 -0.55155 0.05436
v -0.09198 -0.60191 -0.18124
v -0.09198 -0.60191 -0.18124
v -0.09921 -0.32566 0.07867
v -0.09921 -0.32566 0.07867
v -0.09921 -0.32566 0.07867
v -0.09089 -0.29276 0.09828
v -0.09089 -0.29276 0.09828
v -0.07640 -0.28326 0.09308
v -0.07640 -0.28326 0.09308
v -0.08073 -0.21429 -0.17776
v -0.08703 -0.19901 0.11033
v -0.08703 -0.19901 0.11033
v -0.08703 -0.19901 0.11033
v -0.07236 -0.13846 -0.22284
v -0.07236 -0.13846 -0.22284
v -0.08266 0.12588 0.11342
v -0.07050 0.13566 0.09210
v -0.07050 0.13566 0.09210
v -0.03710 0.11745 0.13600
v -0.07885 0.29844 -0.21002
v -0.07885 0.29844 -0.21002
v -0.07885 0.29844 -0.21002
v -0.07081 0.31781 0.42735
v -0.08642 0.63248 0.34504
v -0.08642 0.63248 0.34504
v -0.08642 0.63248 0.34504
v -0.08263 0.66631 0.39991
v -0.08263 0.66631 0.39991
v -0.03748 0.60991 -0.34869
v -0.03341 0.68928 0.40331
v -0.03341 0.68928 0.40331
v -0.07257 0.67485 -0.36688
v -0.08385 0.65754 -0.34259
v -0.08408 0.74121 -0.31545
v -0.08408 0.74121 -0.31545
v -0.04202 0.82566 0.26812
v -0.04202 0.82566 0.26812
v -0.06886 0.93138 0.15908
v -0.03417 -0.52448 -0.14735
v -0.07267 -0.44415 -0.22917
v -0.07749 -0.41320 0.07707
v -0.06227 -0.27046 -0.19473
v -0.06227 -0.27046 -0.19473
v -0.05770 -0.29250 -0.21422
v -0.05261 -0.17270 0.12905
v -0.05261 -0.17270 0.12905
v -0.05261 -0.17270 0.12905
v -0.04733 -0.12240 -0.21637
v -0.04733 -0.12240 -0.21637
v -0.02330 -0.10991 0.13809
v -0.02330 -0.10991 0.13809
v -0.02330 -0.10991 0.13809
v -0.05718 -0.11488 0.17750
v -0.05718 -0.11488 0.17750
v -0.05718 -0.11488 0.17750
v -0.05718 -0.11488 0.17750
v 0.02226 -0.08020 0.25028
v 0.02226 -0.08020 0.25028
v -0.02937 0.00280 0.16529
v -0.00710 0.01322 0.30356
v -0.07802 0.15660 -0.25033
v -0.07933 0.20995 -0.24170
v -0.06648 0.31996 -0.24687
v -0.07562 0.57872 0.47333
v -0.07562 0.57872 0.47333
v -0.02744 0.66532 0.45282
v -0.02744 0.66532 0.45282
v -0.04012 0.75977 -0.36025
v -0.04012 0.75977 -0.36025
v -0.02616 0.80159 -0.31022
v -0.07450 0.91253 0.19449
v -0.05066 -0.64875 -0.23509
v -0.05066 -0.64875 -0.23509
v -0.07098 -0.39606 -0.22363
v -0.04709 -0.10823 0.22085
v -0.03808 0.06137 -0.27065
v -0.04966 0.26045 -0.23479
v -0.03405 0.35478 0.43006
v -0.00215 0.52116 -0.31074
v -0.07416 0.65917 -0.31960
v -0.01671 0.73110 0.38179
v -0.01671 0.73110 0.38179
v -0.01671 0.73110 0.38179
v -0.01671 0.73110 0.38179
v -0.09227 0.76009 -0.32230
v -0.09227 0.76009 -0.32230
v -0.06227 0.92112 0.15036
v -0.05225 -0.57351 -0.20049
v -0.06298 -0.38183 0.08005
v 0.01726 -0.51708 -0.26041
v 0.00077 -0.19948 -0.20028
v 0.00077 -0.19948 -0.20028
v 0.00077 -0.19948 -0.20028
v -0.04245 -0.11497 0.15958
v -0.04245 -0.11497 0.15958
v -0.04245 -0.11497 0.15958
v -0.04245 -0.11497 0.15958
v -0.03827 0.01061 -0.26642
v -0.00498 -0.01323 0.34081
v -0.00498 -0.01323 0.34081
v -0.00498 -0.01323 0.34081
v -0.03979 0.03800 0.12100
v -0.04500 0.12991 -0.26810
v -0.05009 0.16694 0.35295
v -0.03748 0.20278 -0.25096
v -0.02295 0.27169 -0.24728
v 0.01866 0.32037 -0.21859
v 0.01866 0.32037 -0.21859
v -0.06748 0.63768 -0.35004
v -0.02820 0.76383 0.32773
v -0.02820 0.76383 0.32773
v -0.05965 -0.66496 -0.20345
v -0.05118 -0.54600 0.05299
v -0.05118 -0.54600 0.05299
v -0.06477 -0.58779 0.07574
v -0.06477 -0.58779 0.07574
v -0.05297 -0.28100 0.13601
v -0.05297 -0.28100 0.13601
v -0.05297 -0.28100 0.13601
v -0.03287 -0.23398 0.11759
v -0.03287 -0.23398 0.11759
v -0.02233 0.11397 0.33459
v -0.02233 0.11397 0.33459
v -0.03494 0.14844 0.32651
v -0.03494 0.14844 0.32651
v -0.04390 0.14243 0.33884
v -0.04390 0.14243 0.33884
v -0.04048 0.30059 -0.22197
v -0.04048 0.30059 -0.22197
v -0.02004 0.32179 -0.25415
v -0.02004 0.32179 -0.25415
v -0.02630 0.65353 0.32599
v -0.02630 0.65353 0.32599
v 0.06448 0.87071 -0.13264
v -0.04490 -0.69531 -0.20030
v -0.04490 -0.69531 -0.20030
v -0.01250 -0.51746 0.10180
v -0.03857 -0.54005 -0.00119
v -0.03857 -0.54005 -0.00119
v -0.02223 -0.47430 -0.21111
v -0.02223 -0.47430 -0.21111
v -0.05946 -0.49175 0.03280
v -0.05946 -0.49175 0.03280
v -0.05946 -0.49175 0.03280
v 0.03168 -0.41041 -0.26101
v -0.05118 -0.34091 0.11218
v -0.05118 -0.34091 0.11218
v -0.05118 -0.34091 0.11218
v -0.04885 -0.24139 -0.20612
v -0.04885 -0.24139 -0.20612
v -0.01217 -0.20953 0.16271
v -0.01217 -0.20953 0.16271
v -0.01217 -0.20953 0.16271
v -0.02190 -0.15060 -0.21615
v -0.03268 -0.15165 0.16494
v -0.03268 -0.15165 0.16494
v -0.03268 -0.15165 0.16494
v -0.03268 -0.15165 0.16494
v -0.03268 -0.15165 0.16494
v -0.03268 -0.15165 0.16494
v -0.00101 -0.08871 -0.24231
v -0.00101 -0.08871 -0.24231
v -0.02283 -0.03173 0.30275
v -0.05444 0.12402 0.10485
v -0.05444 0.12402 0.10485
v -0.05444 0.12402 0.10485
v -0.06658 0.25816 0.40978
v -0.04980 0.23455 0.40287
v -0.04980 0.23455 0.40287
v -0.04980 0.23455 0.40287
v -0.04248 0.23330 0.41717
v -0.04248 0.23330 0.41717
v -0.00993 0.37174 -0.30657
v 0.00296 0.39387 0.42002
v -0.01119 0.61845 0.48077
v -0.01119 0.61845 0.48077
v -0.02804 0.59252 -0.37615
v -0.02804 0.59252 -0.37615
v -0.01666 0.69643 0.43638
v -0.01666 0.69643 0.43638
v -0.02980 0.79055 -0.33853
v 0.03715 0.84082 -0.18733
v -0.03146 0.86975 0.22528
v -0.03146 0.86975 0.22528
v 0.02002 -0.48170 0.06203
v 0.02002 -0.48170 0.06203
v 0.02002 -0.48170 0.06203
v -0.03375 -0.41993 0.09613
v -0.03375 -0.41993 0.09613
v -0.02682 -0.37297 0.09939
v -0.02682 -0.37297 0.09939
v 0.01031 -0.27351 0.12889
v 0.01031 -0.27351 0.12889
v 0.01031 -0.27351 0.12889
v -0.04930 -0.13419 0.17155
v -0.04930 -0.13419 0.17155
v -0.04053 -0.13559 -0.22647
v -0.03289 0.11754 -0.27414
v 0.02559 0.08359 0.11940
v 0.02559 0.08359 0.11940
v -0.02290 0.13122 0.34048
v -0.02290 0.13122 0.34048
v -0.02789 0.19351 0.37852
v -0.02789 0.19351 0.37852
v -0.03422 0.28793 0.44672
v -0.03422 0.28793 0.44672
v -0.02259 0.30503 -0.26902
v -0.02259 0.30503 -0.26902
v -0.03567 0.31334 -0.25653
v -0.02825 0.32083 0.41739
v -0.02825 0.32083 0.41739
v -0.01074 0.57373 -0.33961
v -0.01074 0.57373 -0.33961
v -0.02373 0.60454 0.48987
v -0.02373 0.60454 0.48987
v -0.01878 0.61633 0.49031
v -0.01878 0.61633 0.49031
v -0.01878 0.61633 0.49031
v -0.01878 0.61633 0.49031
v -0.01802 0.59551 -0.36039
v -0.01802 0.59551 -0.36039
v -0.04376 0.61009 -0.36540
v -0.04376 0.61009 -0.36540
v 0.00284 0.89301 -0.05045
v -0.02816 -0.58045 0.07175
v -0.02816 -0.58045 0.07175
v -0.02368 -0.52358 -0.07240
v -0.04921 -0.45722 0.03188
v -0.04921 -0.45722 0.03188
v -0.03203 -0.38688 0.11784
v -0.03044 -0.33467 0.14437
v -0.03044 -0.33467 0.14437
v 0.00751 -0.36292 -0.23696
v -0.00781 -0.33554 0.13217
v -0.00781 -0.33554 0.13217
v 0.02973 -0.27255 -0.22997
v -0.03560 -0.17880 0.13533
v -0.03560 -0.17880 0.13533
v -0.02040 -0.15359 0.22050
v -0.02040 -0.15359 0.22050
v -0.03565 -0.11720 -0.22179
v -0.03565 -0.11720 -0.22179
v -0.02628 0.09082 0.28253
v -0.01479 0.09004 -0.25361
v -0.01479 0.09004 -0.25361
v -0.04141 0.17104 -0.26488
v -0.00246 0.19285 -0.25916
v -0.01286 0.24152 0.40634
v -0.01286 0.24152 0.40634
v -0.02827 0.22441 0.42405
v -0.02827 0.22441 0.42405
v -0.03458 0.25505 0.43922
v -0.03458 0.25505 0.43922
v 0.00541 0.32263 -0.27289
v -0.00051 0.42922 0.41547
v 0.03336 0.56830 -0.35597
v 0.03336 0.56830 -0.35597
v -0.01457 0.70317 0.33910
v -0.01429 0.73343 -0.39902
v -0.01429 0.73343 -0.39902
v -0.01540 0.68635 -0.43677
v -0.01540 0.68635 -0.43677
v -0.01381 0.77214 -0.37130
v -0.01381 0.77214 -0.37130
v -0.01381 0.77214 -0.37130
v -0.03091 0.78187 0.30914
v -0.03091 0.78187 0.30914
v -0.03091 0.78187 0.30914
v 0.02099 0.88915 0.15182
v 0.03120 0.89490 0.05312
v -0.02899 -0.55039 -0.07554
v -0.00903 -0.32157 -0.23357
v -0.01188 -0.29058 0.14738
v -0.01188 -0.29058 0.14738
v -0.01188 -0.29058 0.14738
v -0.00070 -0.10602 -0.25545
v -0.00070 -0.10602 -0.25545
v 0.03082 -0.10152 0.26981
v 0.03082 -0.10152 0.26981
v 0.03103 0.05957 0.26763
v -0.00163 0.14789 0.35270
v -0.00163 0.14789 0.35270
v -0.00163 0.14789 0.35270
v -0.01312 0.20664 0.43413
v -0.01312 0.20664 0.43413
v -0.01312 0.20664 0.43413
v -0.00199 0.65740 0.41348
v -0.00199 0.65740 0.41348
v -0.03836 0.77629 0.33285
v -0.03836 0.77629 0.33285
v -0.03836 0.77629 0.33285
v 0.03294 -0.56296 -0.21930
v 0.00648 -0.48496 0.04060
v 0.00648 -0.48496 0.04060
v 0.01774 -0.29566 -0.21582
v 0.00299 -0.16570 -0.19768
v 0.00299 -0.16570 -0.19768
v 0.01519 -0.03801 -0.24610
v 0.00082 0.00001 0.14872
v 0.00082 0.00001 0.14872
v -0.01890 0.01799 -0.27062
v -0.02768 0.25360 0.46810
v -0.02768 0.25360 0.46810
v 0.01305 0.34816 0.43968
v 0.00515 0.58563 -0.39013
v 0.00515 0.58563 -0.39013
v 0.00817 0.65185 0.42327
v 0.00817 0.65185 0.42327
v -0.01990 0.78352 -0.35885
v -0.02054 0.76017 0.32920
v 0.02133 0.80760 -0.31510
v 0.01274 -0.63958 -0.21631
v 0.01274 -0.63958 -0.21631
v 0.01274 -0.63958 -0.21631
v -0.01952 -0.62810 0.07798
v -0.01952 -0.62810 0.07798
v 0.00522 -0.66850 0.09151
v 0.04507 -0.51089 -0.05583
v 0.00251 -0.50102 -0.01059
v 0.00329 -0.40878 0.12810
v 0.00329 -0.40878 0.12810
v 0.04350 -0.25048 0.15982
v 0.04350 -0.25048 0.15982
v 0.04350 -0.25048 0.15982
v 0.04350 -0.25048 0.15982
v 0.02934 -0.22024 0.14284
v 0.02934 -0.22024 0.14284
v 0.02934 -0.22024 0.14284
v 0.02934 -0.22024 0.14284
v -0.00765 -0.14883 0.14885
v -0.00765 -0.14883 0.14885
v -0.00460 -0.10544 0.14728
v -0.00460 -0.10544 0.14728
v -0.00460 -0.10544 0.14728
v -0.00460 -0.10544 0.14728
v -0.00460 -0.10544 0.14728
v 0.03315 0.06843 0.23003
v 0.00582 0.10142 0.15218
v 0.04114 0.15286 0.37117
v 0.04114 0.15286 0.37117
v 0.06049 0.16328 -0.28138
v -0.02337 0.61264 -0.45289
v -0.02337 0.61264 -0.45289
v -0.01038 0.66326 0.48397
v -0.01038 0.66326 0.48397
v -0.00213 0.69503 0.44204
v -0.00213 0.69503 0.44204
v 0.01517 0.72736 -0.42529
v 0.01666 0.70058 0.41371
v 0.01666 0.70058 0.41371
v 0.01666 0.70058 0.41371
v 0.01666 0.70058 0.41371
v 0.00784 0.72071 0.40655
v 0.00784 0.72071 0.40655
v 0.00058 0.78297 0.33244
v 0.00058 0.78297 0.33244
v -0.00111 -0.64649 -0.24984
v -0.00111 -0.64649 -0.24984
v 0.03127 -0.63211 -0.26236
v 0.03127 -0.63211 -0.26236
v 0.03127 -0.63211 -0.26236
v 0.01419 -0.05061 0.29614
v -0.00303 -0.02081 -0.25093
v 0.04300 0.02377 0.34030
v 0.04300 0.02377 0.34030
v 0.04029 0.04497 -0.24860
v 0.04029 0.04497 -0.24860
v -0.00420 0.09904 0.10545
v -0.00420 0.09904 0.10545
v -0.00420 0.09904 0.10545
v 0.04447 0.08400 -0.28203
v 0.04286 0.07772 -0.25743
v 0.04286 0.07772 -0.25743
v 0.00230 0.14377 -0.26391
v 0.00401 0.20075 0.48036
v 0.00401 0.20075 0.48036
v -0.00529 0.23510 -0.26016
v 0.01838 0.30410 -0.27420
v 0.01838 0.30410 -0.27420
v 0.04331 0.28183 0.50735
v 0.04331 0.28183 0.50735
v 0.02818 0.64308 0.43172
v 0.02818 0.64308 0.43172
v 0.04721 0.69396 0.32939
v 0.04721 0.69396 0.32939
v 0.07569 0.80676 -0.31673
v 0.03617 0.78646 0.29907
v 0.01322 -0.66397 -0.24860
v 0.01322 -0.66397 -0.24860
v 0.01636 -0.60432 0.11404
v 0.07742 -0.44897 0.10989
v 0.04640 -0.16837 0.19302
v 0.04640 -0.16837 0.19302
v 0.01712 -0.13634 0.18769
v 0.01712 -0.13634 0.18769
v 0.01712 -0.13634 0.18769
v -0.00027 -0.15170 0.23296
v 0.08556 0.02583 0.14066
v 0.08556 0.02583 0.14066
v 0.04202 0.20045 0.39921
v 0.04202 0.20045 0.39921
v 0.04105 0.37973 -0.31060
v 0.04105 0.37973 -0.31060
v 0.04105 0.37973 -0.31060
v 0.02033 0.40993 0.40901
v 0.00912 0.63649 0.50548
v 0.00912 0.63649 0.50548
v 0.00912 0.63649 0.50548
v -0.01124 0.65397 0.33046
v 0.04571 0.74728 -0.39046
v 0.01857 0.87503 -0.08283
v 0.02452 0.89319 -0.02876
v 0.04091 -0.47979 0.12431
v 0.03655 -0.42519 0.12016
v 0.02818 -0.37846 0.13722
v 0.01505 -0.33319 -0.22417
v 0.02206 -0.18159 0.15442
v 0.02206 -0.18159 0.15442
v 0.03765 -0.12516 0.16613
v 0.03765 -0.12516 0.16613
v 0.03765 -0.12516 0.16613
v 0.03765 -0.12516 0.16613
v 0.03765 -0.12516 0.16613
v 0.03765 -0.12516 0.16613
v 0.08853 0.16122 0.35573
v 0.08853 0.16122 0.35573
v 0.08853 0.16122 0.35573
v 0.02858 0.17414 0.47647
v 0.02858 0.17414 0.47647
v 0.01500 0.43430 -0.31637
v 0.05525 0.42108 -0.32477
v 0.01928 0.44650 -0.32742
v 0.01771 0.53899 -0.32970
v 0.02744 0.76290 -0.38820
v 0.02744 0.76290 -0.38820
v 0.06253 0.79601 -0.33443
v 0.06253 0.79601 -0.33443
v 0.02280 -0.70228 0.09671
v 0.02280 -0.70228 0.09671
v 0.07823 -0.50627 0.04614
v 0.07778 -0.45275 -0.21141
v 0.07778 -0.45275 -0.21141
v 0.06829 -0.54098 -0.24835
v 0.02889 -0.23613 0.14056
v 0.02889 -0.23613 0.14056
v 0.02889 -0.23613 0.14056
v 0.02889 -0.23613 0.14056
v 0.18631 -0.19512 -0.19391
v 0.18631 -0.19512 -0.19391
v 0.18631 -0.19512 -0.19391
v 0.04421 -0.21022 0.18132
v 0.04421 -0.21022 0.18132
v 0.04421 -0.21022 0.18132
v 0.05316 -0.16193 -0.21000
v 0.03622 -0.15031 -0.21144
v 0.03622 -0.15031 -0.21144
v 0.04319 -0.04506 -0.27474
v 0.04914 -0.05813 -0.27474
v 0.01407 -0.01277 0.34032
v 0.04807 -0.06609 0.26289
v 0.04807 -0.06609 0.26289
v 0.03693 0.00988 -0.27490
v 0.05528 -0.01172 0.19571
v 0.05192 0.10392 0.10594
v 0.05192 0.10392 0.10594
v 0.03327 0.07058 0.31552
v 0.03327 0.07058 0.31552
v 0.07866 0.12829 -0.26830
v 0.05482 0.20452 -0.27217
v 0.08918 0.26348 -0.25500
v 0.08918 0.26348 -0.25500
v 0.03358 0.31090 -0.27937
v 0.03358 0.31090 -0.27937
v 0.04307 0.51800 -0.32120
v 0.04307 0.51800 -0.32120
v 0.05808 0.56716 -0.52321
v 0.05808 0.56716 -0.52321
v 0.05808 0.56716 -0.52321
v 0.04930 0.60201 0.49282
v 0.04930 0.60201 0.49282
v 0.04452 0.66866 0.31800
v 0.04452 0.66866 0.31800
v 0.02142 0.59197 -0.53153
v 0.02142 0.59197 -0.53153
v 0.02142 0.59197 -0.53153
v 0.03191 -0.71041 0.11935
v 0.03191 -0.71041 0.11935
v 0.03258 -0.07088 0.12797
v 0.03258 -0.07088 0.12797
v 0.04152 -0.06632 0.16507
v 0.04152 -0.06632 0.16507
v 0.03627 -0.06234 -0.24408
v 0.02397 0.10546 0.34304
v 0.04452 0.34958 0.43381
v 0.04452 0.34958 0.43381
v 0.05271 0.36120 -0.31651
v 0.05271 0.36120 -0.31651
v 0.01976 0.39132 -0.30973
v 0.03070 0.39329 -0.31797
v 0.03070 0.39329 -0.31797
v 0.03070 0.39329 -0.31797
v 0.10797 0.83037 0.18655
v 0.03386 -0.56378 0.07875
v 0.11613 -0.45066 0.10297
v 0.09298 -0.33960 0.15524
v 0.16954 -0.32244 -0.22607
v 0.10899 -0.28280 0.15912
v 0.10899 -0.28280 0.15912
v 0.10899 -0.28280 0.15912
v 0.14273 -0.24130 -0.20553
v 0.03765 -0.07826 -0.24136
v 0.11865 0.05554 0.20113
v 0.10459 0.03710 0.28723
v 0.10885 0.14940 0.35693
v 0.10885 0.14940 0.35693
v 0.10885 0.14940 0.35693
v 0.12300 0.29972 -0.22666
v 0.12300 0.29972 -0.22666
v 0.12300 0.29972 -0.22666
v 0.05056 0.32647 -0.28455
v 0.03967 0.43497 -0.31981
v 0.04552 0.49148 -0.34354
v 0.04552 0.49148 -0.34354
v 0.04612 0.49412 -0.34254
v 0.04612 0.49412 -0.34254
v 0.08956 0.58288 -0.34048
v 0.08956 0.58288 -0.34048
v 0.12610 0.64276 0.41950
v 0.12610 0.64276 0.41950
v 0.09631 0.75994 0.31941
v 0.09631 0.75994 0.31941
v 0.07236 -0.62572 0.08818
v 0.07236 -0.62572 0.08818
v 0.07236 -0.62572 0.08818
v 0.04588 -0.66574 -0.21365
v 0.04588 -0.66574 -0.21365
v 0.06748 -0.62145 0.11886
v 0.10423 -0.47479 0.06645
v 0.10423 -0.47479 0.06645
v 0.10423 -0.47479 0.06645
v 0.10423 -0.47479 0.06645
v 0.10423 -0.47479 0.06645
v 0.08351 -0.34666 -0.24476
v 0.09036 -0.15002 0.18501
v 0.09036 -0.15002 0.18501
v 0.05325 -0.11749 0.20140
v 0.11230 -0.08340 0.23059
v 0.11230 -0.08340 0.23059
v 0.11639 -0.02726 0.13454
v 0.11639 -0.02726 0.13454
v 0.06158 -0.07782 -0.26433
v 0.06158 -0.07782 -0.26433
v 0.12065 0.07944 -0.24461
v 0.12065 0.07944 -0.24461
v 0.12065 0.07944 -0.24461
v 0.06403 0.23661 0.49700
v 0.06403 0.23661 0.49700
v 0.06403 0.23661 0.49700
v 0.09574 0.28767 -0.24069
v 0.09574 0.28767 -0.24069
v 0.09574 0.28767 -0.24069
v 0.06817 0.32960 0.45466
v 0.06817 0.32960 0.45466
v 0.05114 0.38690 -0.31366
v 0.05114 0.38690 -0.31366
v 0.03753 0.38179 -0.30578
v 0.09362 0.49816 0.39941
v 0.07067 0.69233 0.41110
v 0.05256 -0.69124 -0.25889
v 0.05256 -0.69124 -0.25889
v 0.05256 -0.69124 -0.25889
v 0.05925 -0.70257 -0.22718
v 0.05925 -0.70257 -0.22718
v 0.06872 -0.40745 0.12044
v 0.06872 -0.40745 0.12044
v 0.10190 -0.40321 0.15001
v 0.10190 -0.40321 0.15001
v 0.05861 -0.18571 -0.18362
v 0.07017 -0.16204 0.18430
v 0.08418 -0.15551 0.17475
v 0.08418 -0.15551 0.17475
v 0.08418 -0.15551 0.17475
v 0.08418 -0.15551 0.17475
v 0.09155 0.21065 0.46387
v 0.09155 0.21065 0.46387
v 0.06874 0.27881 0.49158
v 0.06429 0.35275 0.41882
v 0.10607 0.43712 -0.31485
v 0.10607 0.43712 -0.31485
v 0.05311 0.45808 -0.33699
v 0.08280 0.61834 -0.49956
v 0.08280 0.61834 -0.49956
v 0.05680 0.77780 -0.36924
v 0.05680 0.77780 -0.36924
v 0.05680 0.77780 -0.36924
v 0.03315 0.77696 0.30861
v 0.11915 -0.28437 -0.23061
v 0.09672 -0.28361 0.12412
v 0.09672 -0.28361 0.12412
v 0.15985 -0.19567 -0.18432
v 0.15985 -0.19567 -0.18432
v 0.08301 -0.10233 -0.22187
v 0.08301 -0.10233 -0.22187
v 0.08301 -0.10233 -0.22187
v 0.10454 0.32353 -0.23305
v 0.10454 0.32353 -0.23305
v 0.15545 0.88046 -0.00547
v 0.09722 -0.11264 0.17395
v 0.08708 0.00169 -0.24231
v 0.08708 0.00169 -0.24231
v 0.08939 0.05054 0.31242
v 0.08939 0.05054 0.31242
v 0.10335 0.09376 0.13359
v 0.10335 0.09376 0.13359
v 0.12919 0.18309 -0.26157
v 0.11418 0.17345 0.36364
v 0.11418 0.17345 0.36364
v 0.11418 0.17345 0.36364
v 0.10214 0.27585 -0.29836
v 0.10214 0.27585 -0.29836
v 0.10214 0.27585 -0.29836
v 0.07987 0.33001 0.41070
v 0.07987 0.33001 0.41070
v 0.12622 0.47031 -0.32468
v 0.12622 0.47031 -0.32468
v 0.12398 0.61781 -0.38265
v 0.12398 0.61781 -0.38265
v 0.06919 0.59278 0.48278
v 0.06919 0.59278 0.48278
v 0.11489 0.58349 0.45255
v 0.11489 0.58349 0.45255
v 0.08713 0.67581 0.32887
v 0.08713 0.67581 0.32887
v 0.12277 0.82871 -0.17165
v 0.09358 -0.56183 0.11203
v 0.09358 -0.56183 0.11203
v 0.09772 -0.47729 -0.14591
v 0.11494 -0.43016 0.11745
v 0.11713 -0.28503 0.17417
v 0.11713 -0.28503 0.17417
v 0.11713 -0.28503 0.17417
v 0.09253 -0.22896 0.14352
v 0.09253 -0.22896 0.14352
v 0.07742 -0.22445 0.16819
v 0.07742 -0.22445 0.16819
v 0.14363 -0.14944 -0.18801
v 0.14363 -0.14944 -0.18801
v 0.08106 -0.06673 0.19999
v 0.08613 0.03413 0.32488
v 0.08613 0.03413 0.32488
v 0.08142 0.41054 0.40615
v 0.10235 0.44371 0.39656
v 0.12517 0.59478 -0.31155
v 0.12517 0.59478 -0.31155
v 0.12517 0.59478 -0.31155
v 0.10147 0.59388 0.48870
v 0.10147 0.59388 0.48870
v 0.10147 0.59388 0.48870
v 0.12636 0.86676 -0.09911
v 0.17734 0.85584 0.04215
v 0.17734 0.85584 0.04215
v 0.10395 -0.76599 -0.26441
v 0.10395 -0.76599 -0.26441
v 0.10395 -0.76599 -0.26441
v 0.10395 -0.76599 -0.26441
v 0.10395 -0.76599 -0.26441
v 0.11703 -0.70756 -0.25971
v 0.11703 -0.70756 -0.25971
v 0.11703 -0.70756 -0.25971
v 0.11703 -0.70756 -0.25971
v 0.11087 -0.69319 -0.22791
v 0.07842 -0.61518 0.10627
v 0.07842 -0.61518 0.10627
v 0.10780 -0.57795 -0.21204
v 0.10093 -0.57888 0.07758
v 0.10093 -0.57888 0.07758
v 0.10328 -0.49765 -0.09017
v 0.19480 -0.41593 -0.23284
v 0.10083 -0.12083 -0.22268
v 0.10083 -0.12083 -0.22268
v 0.11385 -0.07042 -0.26043
v 0.12331 -0.00371 0.24834
v 0.16801 0.04831 0.27161
v 0.09189 0.07412 0.27413
v 0.12039 0.36596 -0.31065
v 0.11884 0.37964 0.42868
v 0.14468 0.51320 -0.32361
v 0.14468 0.51320 -0.32361
v 0.12291 0.55052 -0.28528
v 0.12236 0.62377 -0.39587
v 0.12236 0.62377 -0.39587
v 0.12208 0.60503 0.41246
v 0.12208 0.60503 0.41246
v 0.12208 0.60503 0.41246
v 0.09888 0.64758 -0.46481
v 0.09888 0.64758 -0.46481
v 0.14741 0.75053 -0.32168
v 0.14741 0.75053 -0.32168
v 0.13245 -0.50247 0.01804
v 0.11118 -0.45876 -0.17690
v 0.08373 -0.13260 0.16307
v 0.08373 -0.13260 0.16307
v 0.10821 -0.16776 0.15852
v 0.10821 -0.16776 0.15852
v 0.13166 -0.09133 0.16995
v 0.13166 -0.09133 0.16995
v 0.13166 -0.09133 0.16995
v 0.13166 -0.09133 0.16995
v 0.13166 -0.09133 0.16995
v 0.09607 -0.05526 0.25408
v 0.13637 -0.01541 0.24022
v 0.14353 -0.05009 -0.26976
v 0.14353 -0.05009 -0.26976
v 0.10687 0.04078 0.14896
v 0.19161 0.13354 0.24309
v 0.07704 0.24916 0.39512
v 0.07704 0.24916 0.39512
v 0.13090 0.26661 0.42571
v 0.13090 0.26661 0.42571
v 0.09952 0.32528 -0.27346
v 0.13580 0.78213 -0.30746
v 0.09750 -0.59343 -0.25126
v 0.12469 -0.54606 0.10529
v 0.12469 -0.54606 0.10529
v 0.09053 -0.06545 0.20147
v 0.11125 -0.04794 0.16806
v 0.11125 -0.04794 0.16806
v 0.16349 0.12919 -0.24995
v 0.16349 0.12919 -0.24995
v 0.10861 0.25197 0.42790
v 0.14353 0.30132 -0.19131
v 0.14353 0.30132 -0.19131
v 0.09945 0.32725 0.39445
v 0.09945 0.32725 0.39445
v 0.12672 0.39776 0.42605
v 0.13185 0.66027 0.32722
v 0.13185 0.66027 0.32722
v 0.14425 -0.53654 -0.19878
v 0.14425 -0.53654 -0.19878
v 0.14425 -0.53654 -0.19878
v 0.13435 -0.49710 0.07596
v 0.13435 -0.49710 0.07596
v 0.13435 -0.49710 0.07596
v 0.13435 -0.49710 0.07596
v 0.15491 -0.54565 -0.23790
v 0.15491 -0.54565 -0.23790
v 0.15491 -0.54565 -0.23790
v 0.09990 -0.38674 0.12208
v 0.10599 -0.38157 0.13950
v 0.10599 -0.38157 0.13950
v 0.10599 -0.38157 0.13950
v 0.15148 -0.18809 0.16317
v 0.15148 -0.18809 0.16317
v 0.13802 0.06625 0.13371
v 0.13802 0.06625 0.13371
v 0.13112 0.26954 -0.24362
v 0.10726 0.28741 -0.28439
v 0.10726 0.28741 -0.28439
v 0.11220 0.31055 0.39325
v 0.13435 0.42919 -0.30502
v 0.16780 0.65208 0.38594
v 0.16780 0.65208 0.38594
v 0.16780 0.65208 0.38594
v 0.12698 0.68220 -0.41264
v 0.12698 0.68220 -0.41264
v 0.14729 0.72361 0.32713
v 0.14729 0.72361 0.32713
v 0.11104 0.75634 0.31321
v 0.11104 0.75634 0.31321
v 0.10878 -0.75943 -0.26735
v 0.10878 -0.75943 -0.26735
v 0.12374 -0.60937 0.12027
v 0.12374 -0.60937 0.12027
v 0.14213 -0.52663 0.06701
v 0.14213 -0.52663 0.06701
v 0.13319 -0.44581 -0.19561
v 0.13319 -0.44581 -0.19561
v 0.11182 -0.38328 0.11691
v 0.11182 -0.38328 0.11691
v 0.13090 0.05260 0.21607
v 0.12526 0.12254 0.11648
v 0.12526 0.12254 0.11648
v 0.12526 0.12254 0.11648
v 0.10026 0.21117 -0.26838
v 0.24022 0.21460 -0.18887
v 0.17739 0.30930 -0.23887
v 0.17739 0.30930 -0.23887
v 0.12517 0.29786 0.36441
v 0.12517 0.29786 0.36441
v 0.12517 0.29786 0.36441
v 0.16166 0.33898 -0.19421
v 0.13197 0.35188 0.37117
v 0.13197 0.35188 0.37117
v 0.14629 0.60733 -0.28725
v 0.14629 0.60733 -0.28725
v 0.13404 0.58947 0.34223
v 0.14943 0.66039 -0.34647
v 0.14943 0.66039 -0.34647
v 0.24574 0.57742 0.31657
v 0.24574 0.57742 0.31657
v 0.24574 0.57742 0.31657
v 0.24574 0.57742 0.31657
v 0.20532 0.76308 0.27012
v 0.15143 -0.54019 -0.00233
v 0.15576 -0.46945 0.11572
v 0.15576 -0.46945 0.11572
v 0.15576 -0.46945 0.11572
v 0.19870 -0.42583 -0.23841
v 0.16851 -0.36298 0.12677
v 0.16851 -0.36298 0.12677
v 0.15769 -0.17587 -0.19759
v 0.18543 -0.15263 -0.20838
v 0.13794 -0.07230 0.20017
v 0.13794 -0.07230 0.20017
v 0.14244 -0.06943 0.21082
v 0.14244 -0.06943 0.21082
v 0.14130 -0.03841 0.22456
v 0.16663 0.12785 0.27854
v 0.16663 0.12785 0.27854
v 0.12281 0.28772 -0.27634
v 0.12281 0.28772 -0.27634
v 0.18719 0.48803 0.39336
v 0.12600 0.47356 0.38743
v 0.14553 0.60387 0.44949
v 0.14553 0.60387 0.44949
v 0.14553 0.60387 0.44949
v 0.14553 0.60387 0.44949
v 0.15010 -0.28361 0.12106
v 0.15010 -0.28361 0.12106
v 0.18583 -0.27594 0.10852
v 0.18583 -0.27594 0.10852
v 0.16456 0.06567 0.29140
v 0.16456 0.06567 0.29140
v 0.16456 0.06567 0.29140
v 0.15886 0.09863 0.12097
v 0.15886 0.09863 0.12097
v 0.16661 0.24614 -0.22187
v 0.16661 0.24614 -0.22187
v 0.14306 0.30863 -0.21480
v 0.14306 0.30863 -0.21480
v 0.14306 0.30863 -0.21480
v 0.14306 0.30863 -0.21480
v 0.13652 0.35612 0.41955
v 0.13652 0.35612 0.41955
v 0.14941 0.57535 -0.27400
v 0.17306 0.65223 -0.31206
v 0.17306 0.65223 -0.31206
v 0.17991 0.71847 0.32085
v 0.17991 0.71847 0.32085
v 0.13135 0.66707 -0.39546
v 0.16977 -0.64649 -0.23313
v 0.16977 -0.64649 -0.23313
v 0.16977 -0.64649 -0.23313
v 0.17242 -0.63882 -0.20320
v 0.17242 -0.63882 -0.20320
v 0.15586 -0.50427 0.08963
v 0.15586 -0.50427 0.08963
v 0.16616 -0.53314 0.05843
v 0.18717 -0.58161 -0.23478
v 0.18717 -0.58161 -0.23478
v 0.18717 -0.58161 -0.23478
v 0.22352 -0.29848 -0.18532
v 0.20862 -0.27702 0.13338
v 0.20862 -0.27702 0.13338
v 0.15208 -0.25692 0.14161
v 0.15208 -0.25692 0.14161
v 0.16342 -0.08703 -0.24584
v 0.16342 -0.08703 -0.24584
v 0.16135 -0.06603 -0.22137
v 0.13832 -0.04181 -0.22763
v 0.16233 0.09108 0.21437
v 0.14208 0.12712 -0.21252
v 0.14208 0.12712 -0.21252
v 0.14296 0.18201 0.32893
v 0.14296 0.18201 0.32893
v 0.14782 0.19514 0.33851
v 0.14782 0.19514 0.33851
v 0.14782 0.19514 0.33851
v 0.14782 0.19514 0.33851
v 0.14782 0.19514 0.33851
v 0.14527 0.32429 0.35958
v 0.15024 0.34627 0.37969
v 0.15024 0.34627 0.37969
v 0.15531 0.37990 0.37185
v 0.15531 0.37990 0.37185
v 0.14748 0.56046 0.45471
v 0.14748 0.56046 0.45471
v 0.14748 0.56046 0.45471
v 0.14294 0.63547 0.41479
v 0.14294 0.63547 0.41479
v 0.16209 -0.46323 0.09204
v 0.16209 -0.46323 0.09204
v 0.16209 -0.46323 0.09204
v 0.16209 -0.46323 0.09204
v 0.16209 -0.46323 0.09204
v 0.16209 -0.46323 0.09204
v 0.14287 -0.42339 0.06615
v 0.14287 -0.42339 0.06615
v 0.23284 -0.28823 -0.18697
v 0.17280 -0.20023 0.14506
v 0.17280 -0.20023 0.14506
v 0.14380 0.00532 0.22298
v 0.16330 0.09172 -0.23178
v 0.18019 0.16099 0.09603
v 0.18019 0.16099 0.09603
v 0.18019 0.16099 0.09603
v 0.19028 0.17170 -0.22271
v 0.14218 0.19944 0.32240
v 0.14218 0.19944 0.32240
v 0.14218 0.19944 0.32240
v 0.18602 0.52987 0.35633
v 0.21545 0.57399 -0.28256
v 0.20103 -0.13698 0.15028
v 0.20103 -0.13698 0.15028
v 0.16280 -0.09519 0.17403
v 0.16280 -0.09519 0.17403
v 0.18193 -0.03388 0.19517
v 0.18193 -0.03388 0.19517
v 0.16920 -0.00115 -0.23544
v 0.17134 0.07055 -0.23831
v 0.15650 0.17862 0.32404
v 0.18776 0.21184 0.33063
v 0.18776 0.21184 0.33063
v 0.18776 0.21184 0.33063
v 0.20463 0.26676 0.33084
v 0.15729 0.36277 0.38776
v 0.20812 0.53917 0.43640
v 0.20812 0.53917 0.43640
v 0.19578 0.75782 -0.22783
v 0.19578 0.75782 -0.22783
v 0.19578 0.75782 -0.22783
v 0.20172 -0.48519 -0.12945
v 0.20172 -0.48519 -0.12945
v 0.18074 -0.46927 0.11724
v 0.18074 -0.46927 0.11724
v 0.18074 -0.46927 0.11724
v 0.17422 -0.41351 0.08325
v 0.17422 -0.41351 0.08325
v 0.18103 -0.22236 0.14398
v 0.16561 -0.16283 0.15091
v 0.18812 -0.14845 0.14633
v 0.18812 -0.14845 0.14633
v 0.19302 -0.03127 0.19324
v 0.19302 -0.03127 0.19324
v 0.21393 0.27724 0.32695
v 0.22035 0.34624 -0.23551
v 0.22035 0.34624 -0.23551
v 0.19987 0.54637 0.34269
v 0.20149 0.70023 -0.27368
v 0.20149 0.70023 -0.27368
v 0.22076 0.65205 -0.25058
v 0.22076 0.65205 -0.25058
v 0.18567 0.73848 0.30124
v 0.20398 0.81788 0.19045
v 0.20398 0.81788 0.19045
v 0.16999 -0.63743 -0.22070
v 0.16999 -0.63743 -0.22070
v 0.17163 -0.52872 0.11128
v 0.18343 -0.49745 0.12881
v 0.18814 -0.45780 -0.19247
v 0.20015 -0.37550 0.09968
v 0.20015 -0.37550 0.09968
v 0.18060 -0.38447 0.08373
v 0.18060 -0.38447 0.08373
v 0.18060 -0.38447 0.08373
v 0.18060 -0.38447 0.08373
v 0.20715 -0.34657 0.12322
v 0.19073 -0.02229 0.15212
v 0.19073 -0.02229 0.15212
v 0.20049 0.12468 0.25647
v 0.20049 0.12468 0.25647
v 0.20049 0.12468 0.25647
v 0.23524 0.20275 0.12791
v 0.19240 0.80240 -0.15368
v 0.18003 -0.68064 -0.21203
v 0.18003 -0.68064 -0.21203
v 0.22642 -0.60464 0.06696
v 0.19169 -0.49756 -0.19324
v 0.20962 -0.46954 -0.14656
v 0.20962 -0.46954 -0.14656
v 0.19316 -0.10175 -0.23582
v 0.25204 -0.03458 -0.21499
v 0.18148 0.03437 0.21630
v 0.17960 0.10520 -0.20927
v 0.17960 0.10520 -0.20927
v 0.20731 0.12678 0.17696
v 0.20731 0.12678 0.17696
v 0.19590 0.42259 0.39941
v 0.19590 0.42259 0.39941
v 0.24540 0.58334 0.33490
v 0.24540 0.58334 0.33490
v 0.21655 0.64378 0.34972
v 0.21655 0.64378 0.34972
v 0.21655 0.64378 0.34972
v 0.21655 0.64378 0.34972
v 0.31182 0.73142 -0.11595
v 0.31182 0.73142 -0.11595
v 0.19709 -0.56299 0.13433
v 0.19709 -0.56299 0.13433
v 0.21350 -0.43643 -0.18039
v 0.21350 -0.43643 -0.18039
v 0.22225 -0.25442 0.10134
v 0.22225 -0.25442 0.10134
v 0.22225 -0.25442 0.10134
v 0.22225 -0.25442 0.10134
v 0.19806 -0.21464 0.11651
v 0.19806 -0.21464 0.11651
v 0.22732 -0.11956 -0.20981
v 0.22732 -0.11956 -0.20981
v 0.20555 0.03953 -0.22314
v 0.20696 0.06666 0.19742
v 0.19735 0.13183 0.23926
v 0.19735 0.13183 0.23926
v 0.19735 0.13183 0.23926
v 0.19735 0.13183 0.23926
v 0.24110 0.35385 0.35068
v 0.24110 0.35385 0.35068
v 0.20960 0.33521 -0.19895
v 0.19773 0.34845 -0.17153
v 0.19071 0.40703 -0.27771
v 0.20993 0.41626 0.36395
v 0.20689 0.42140 0.38202
v 0.21386 0.43189 -0.27067
v 0.26341 0.48347 0.33694
v 0.26341 0.48347 0.33694
v 0.19830 0.74211 0.29687
v 0.19830 0.74211 0.29687
v 0.19830 0.74211 0.29687
v 0.23020 -0.69481 -0.21873
v 0.23020 -0.69481 -0.21873
v 0.20191 -0.69655 -0.23425
v 0.20191 -0.69655 -0.23425
v 0.19794 -0.55480 0.10928
v 0.19794 -0.55480 0.10928
v 0.19744 -0.56534 0.08191
v 0.21619 -0.43628 0.12682
v 0.22639 -0.26137 -0.17327
v 0.22639 -0.26137 -0.17327
v 0.20862 -0.15255 0.13812
v 0.20862 -0.15255 0.13812
v 0.20862 -0.15255 0.13812
v 0.18912 0.11821 -0.20231
v 0.18912 0.11821 -0.20231
v 0.21331 0.12916 -0.22527
v 0.21331 0.12916 -0.22527
v 0.23096 0.23307 0.28892
v 0.21493 0.29536 -0.17233
v 0.21493 0.29536 -0.17233
v 0.22137 0.30286 -0.12985
v 0.22137 0.30286 -0.12985
v 0.22137 0.30286 -0.12985
v 0.21286 0.48695 -0.27377
v 0.18726 0.60910 -0.25749
v 0.19216 0.71194 0.33038
v 0.19216 0.71194 0.33038
v 0.23672 -0.68889 -0.19083
v 0.24371 -0.61228 0.05558
v 0.22842 -0.49106 0.15136
v 0.20594 -0.46774 -0.18638
v 0.22014 -0.18005 -0.17248
v 0.20161 -0.15400 0.14457
v 0.20161 -0.15400 0.14457
v 0.23277 0.12155 0.23127
v 0.19842 0.19575 0.09031
v 0.19842 0.19575 0.09031
v 0.23879 0.42027 0.32686
v 0.23879 0.42027 0.32686
v 0.24095 0.55549 -0.27583
v 0.22870 0.51454 0.41812
v 0.22870 0.51454 0.41812
v 0.21828 0.55944 0.41719
v 0.19668 0.69492 0.32529
v 0.19668 0.69492 0.32529
v 0.19668 0.69492 0.32529
v 0.20417 0.72457 0.30332
v 0.23822 -0.58817 -0.17571
v 0.21716 -0.56616 -0.21284
v 0.21854 -0.52001 0.15239
v 0.24857 -0.48014 -0.16664
v 0.24857 -0.48014 -0.16664
v 0.24857 -0.48014 -0.16664
v 0.20893 -0.39461 0.08868
v 0.20893 -0.39461 0.08868
v 0.21840 -0.35822 0.11856
v 0.23596 -0.30882 -0.17901
v 0.21517 -0.22715 0.11918
v 0.21517 -0.22715 0.11918
v 0.19656 -0.19977 -0.16969
v 0.19656 -0.19977 -0.16969
v 0.23379 -0.20081 -0.15694
v 0.23379 -0.20081 -0.15694
v 0.23379 -0.20081 -0.15694
v 0.21833 -0.03144 0.15903
v 0.21174 0.15364 0.08503
v 0.25223 0.16348 0.13160
v 0.22459 0.19810 0.04564
v 0.22459 0.19810 0.04564
v 0.24899 0.26917 -0.14745
v 0.24899 0.26917 -0.14745
v 0.20793 0.40996 -0.26377
v 0.20565 0.39983 0.35845
v 0.24269 0.66939 0.32966
v 0.24269 0.66939 0.32966
v 0.20610 0.72686 0.28724
v 0.20610 0.72686 0.28724
v 0.25646 -0.39638 -0.18933
v 0.22884 -0.35927 0.06791
v 0.22884 -0.35927 0.06791
v 0.23555 -0.36345 0.08530
v 0.23555 -0.36345 0.08530
v 0.23555 -0.36345 0.08530
v 0.23555 -0.36345 0.08530
v 0.23555 -0.36345 0.08530
v 0.23555 -0.36345 0.08530
v 0.22461 0.01694 -0.22146
v 0.21478 0.03268 -0.22339
v 0.24638 0.11115 0.17813
v 0.23213 0.23092 0.05288
v 0.23213 0.23092 0.05288
v 0.26339 0.24111 -0.17225
v 0.26339 0.24111 -0.17225
v 0.24086 0.37032 -0.14734
v 0.24086 0.37032 -0.14734
v 0.24086 0.37032 -0.14734
v 0.23553 0.43738 -0.25749
v 0.23553 0.43738 -0.25749
v 0.23553 0.43738 -0.25749
v 0.23643 0.49389 0.34813
v 0.23306 0.55540 0.39867
v 0.21947 0.70860 0.31121
v 0.21947 0.70860 0.31121
v 0.21655 0.74507 0.27513
v 0.23015 0.70775 0.30303
v 0.23015 0.70775 0.30303
v 0.24276 0.74716 0.24742
v 0.24276 0.74716 0.24742
v 0.23750 0.80104 0.12499
v 0.23750 0.80104 0.12499
v 0.23950 0.78216 0.01103
v 0.23950 0.78216 0.01103
v 0.23643 -0.62433 0.14015
v 0.23643 -0.62433 0.14015
v 0.23643 -0.62433 0.14015
v 0.23286 -0.55948 -0.03678
v 0.22980 -0.39719 -0.21087
v 0.23872 -0.40463 0.10829
v 0.24417 -0.28718 0.11742
v 0.24417 -0.28718 0.11742
v 0.22972 -0.23412 -0.17037
v 0.22972 -0.23412 -0.17037
v 0.25915 -0.09960 0.11789
v 0.25889 -0.09812 0.12723
v 0.25889 -0.09812 0.12723
v 0.27352 -0.09464 -0.19118
v 0.27352 -0.09464 -0.19118
v 0.26129 0.09143 -0.19835
v 0.26129 0.09143 -0.19835
v 0.30316 0.22558 0.19682
v 0.30316 0.22558 0.19682
v 0.26962 0.20255 0.23355
v 0.26962 0.20255 0.23355
v 0.26962 0.20255 0.23355
v 0.27067 0.23144 0.27163
v 0.25506 0.20853 -0.19537
v 0.25506 0.20853 -0.19537
v 0.25095 0.30227 0.30714
v 0.25095 0.30227 0.30714
v 0.24711 0.29652 -0.13136
v 0.24174 0.29545 -0.10208
v 0.24174 0.29545 -0.10208
v 0.23796 0.33315 -0.22573
v 0.22104 0.42968 0.34953
v 0.22478 0.45608 -0.25946
v 0.22478 0.45608 -0.25946
v 0.27031 -0.63330 -0.19458
v 0.27031 -0.63330 -0.19458
v 0.24826 -0.57414 0.14985
v 0.24826 -0.57414 0.14985
v 0.24826 -0.57414 0.14985
v 0.25370 -0.41244 -0.14857
v 0.25370 -0.41244 -0.14857
v 0.25370 -0.41244 -0.14857
v 0.22787 -0.31059 0.09673
v 0.22787 -0.31059 0.09673
v 0.25478 -0.20064 -0.13933
v 0.25478 -0.20064 -0.13933
v 0.23788 0.03074 0.14156
v 0.23788 0.03074 0.14156
v 0.23788 0.03074 0.14156
v 0.23788 0.03074 0.14156
v 0.23788 0.03074 0.14156
v 0.24526 0.17162 0.18536
v 0.24526 0.17162 0.18536
v 0.25401 0.22674 0.01677
v 0.25401 0.22674 0.01677
v 0.26072 0.24858 0.28455
v 0.24769 0.32853 -0.24638
v 0.24769 0.32853 -0.24638
v 0.23760 0.44522 0.34854
v 0.24210 -0.73181 -0.20862
v 0.24210 -0.73181 -0.20862
v 0.26186 -0.52951 -0.20209
v 0.26186 -0.52951 -0.20209
v 0.26267 -0.47421 -0.19484
v 0.26267 -0.47421 -0.19484
v 0.23717 -0.33565 0.08549
v 0.25506 -0.26293 0.07030
v 0.28135 -0.22968 0.03110
v 0.26772 -0.22486 -0.11140
v 0.26772 -0.22486 -0.11140
v 0.26772 -0.22486 -0.11140
v 0.24885 -0.14956 -0.17863
v 0.27383 -0.01158 0.14746
v 0.27383 -0.01158 0.14746
v 0.26310 0.13180 -0.20444
v 0.26310 0.13180 -0.20444
v 0.31035 0.22357 -0.13695
v 0.31035 0.22357 -0.13695
v 0.24233 0.32040 -0.19730
v 0.24233 0.32040 -0.19730
v 0.28818 0.47539 0.33589
v 0.28818 0.47539 0.33589
v 0.24179 0.55688 0.33569
v 0.24179 0.55688 0.33569
v 0.27630 0.70044 0.27865
v 0.27630 0.70044 0.27865
v 0.27630 0.70044 0.27865
v 0.25002 -0.57606 0.13021
v 0.25002 -0.57606 0.13021
v 0.26025 -0.52954 -0.15609
v 0.26025 -0.52954 -0.15609
v 0.26025 -0.52954 -0.15609
v 0.26094 -0.58820 -0.17026
v 0.25494 -0.53561 0.15583
v 0.25494 -0.53561 0.15583
v 0.25494 -0.53561 0.15583
v 0.27188 -0.43631 -0.12725
v 0.27188 -0.43631 -0.12725
v 0.30026 -0.41215 0.11299
v 0.30026 -0.41215 0.11299
v 0.27005 -0.34991 0.04052
v 0.27005 -0.34991 0.04052
v 0.26336 -0.30005 -0.14472
v 0.26336 -0.30005 -0.14472
v 0.26053 -0.32026 0.05034
v 0.24607 -0.30653 0.07796
v 0.27966 -0.27917 -0.12890
v 0.27966 -0.27917 -0.12890
v 0.26967 -0.18841 0.05180
v 0.26967 -0.18841 0.05180
v 0.27868 -0.16457 -0.13123
v 0.27868 -0.16457 -0.13123
v 0.25075 -0.12580 -0.17023
v 0.25075 -0.12580 -0.17023
v 0.26094 0.09640 -0.22487
v 0.26094 0.09640 -0.22487
v 0.27650 0.15962 0.17747
v 0.27650 0.15962 0.17747
v 0.27650 0.15962 0.17747
v 0.24688 0.29452 -0.09788
v 0.24688 0.29452 -0.09788
v 0.25344 0.29411 -0.08088
v 0.25206 0.37993 -0.13676
v 0.25206 0.37993 -0.13676
v 0.25206 0.37993 -0.13676
v 0.24367 0.43500 0.31288
v 0.24367 0.43500 0.31288
v 0.27355 0.55709 0.30933
v 0.27355 0.55709 0.30933
v 0.26186 0.62475 0.32494
v 0.27485 0.68255 -0.20340
v 0.30685 0.75152 -0.06554
v 0.30685 0.75152 -0.06554
v 0.34292 -0.65189 0.13482
v 0.34292 -0.65189 0.13482
v 0.34292 -0.65189 0.13482
v 0.27709 -0.59352 -0.15550
v 0.27709 -0.59352 -0.15550
v 0.27090 -0.36307 -0.17996
v 0.25375 -0.29758 0.06093
v 0.26110 -0.20970 -0.12151
v 0.26110 -0.20970 -0.12151
v 0.27616 -0.02392 -0.20748
v 0.27616 -0.02392 -0.20748
v 0.25770 -0.01596 0.10878
v 0.26265 0.03846 0.09770
v 0.26265 0.03846 0.09770
v 0.28732 0.02969 0.15237
v 0.28732 0.02969 0.15237
v 0.25361 0.05150 0.15216
v 0.27885 0.08818 0.14524
v 0.27885 0.08818 0.14524
v 0.29572 0.23379 0.08305
v 0.29572 0.23379 0.08305
v 0.26584 0.22531 -0.17400
v 0.26584 0.22531 -0.17400
v 0.27364 0.23411 0.12964
v 0.27364 0.23411 0.12964
v 0.30875 0.27074 0.28729
v 0.30875 0.27074 0.28729
v 0.27833 0.49305 0.39000
v 0.27833 0.49305 0.39000
v 0.24776 0.60773 0.33079
v 0.24776 0.60773 0.33079
v 0.30859 0.63550 0.28596
v 0.30859 0.63550 0.28596
v 0.25884 -0.73457 0.01392
v 0.25884 -0.73457 0.01392
v 0.26020 -0.73948 -0.07118
v 0.26020 -0.73948 -0.07118
v 0.26020 -0.73948 -0.07118
v 0.26615 -0.75516 0.00906
v 0.27545 -0.78655 -0.01616
v 0.27545 -0.78655 -0.01616
v 0.25256 -0.73019 -0.03212
v 0.27983 -0.75290 0.04600
v 0.27983 -0.75290 0.04600
v 0.27983 -0.75290 0.04600
v 0.27983 -0.75290 0.04600
v 0.26914 -0.70010 -0.05840
v 0.26914 -0.70010 -0.05840
v 0.26914 -0.70010 -0.05840
v 0.26986 -0.59404 -0.18760
v 0.26986 -0.59404 -0.18760
v 0.31520 -0.59828 -0.01050
v 0.31520 -0.59828 -0.01050
v 0.31520 -0.59828 -0.01050
v 0.31520 -0.59828 -0.01050
v 0.28546 -0.12443 0.07786
v 0.28546 -0.12443 0.07786
v 0.27964 -0.06809 0.12398
v 0.27964 -0.06809 0.12398
v 0.27659 -0.10506 0.04548
v 0.27504 -0.06888 0.13183
v 0.27504 -0.06888 0.13183
v 0.29243 0.02507 0.09126
v 0.29243 0.02507 0.09126
v 0.28780 -0.01471 -0.20504
v 0.28780 -0.01471 -0.20504
v 0.37551 0.06207 -0.16388
v 0.37551 0.06207 -0.16388
v 0.28727 0.11632 0.14681
v 0.32334 0.15599 0.14703
v 0.32334 0.15599 0.14703
v 0.32334 0.15599 0.14703
v 0.28263 0.29362 0.07753
v 0.26103 0.28084 -0.03499
v 0.26103 0.28084 -0.03499
v 0.29707 0.27451 -0.01004
v 0.28382 0.29862 0.03522
v 0.28382 0.29862 0.03522
v 0.26979 0.30834 0.29412
v 0.26979 0.30834 0.29412
v 0.27319 0.32792 0.28960
v 0.28044 0.27506 -0.18262
v 0.28044 0.27506 -0.18262
v 0.26531 0.42837 0.30121
v 0.33476 0.60018 -0.19400
v 0.33476 0.60018 -0.19400
v 0.33476 0.60018 -0.19400
v 0.33476 0.60018 -0.19400
v 0.33476 0.60018 -0.19400
v 0.30400 0.56005 0.30283
v 0.30400 0.56005 0.30283
v 0.30400 0.56005 0.30283
v 0.28539 0.58023 0.32316
v 0.28539 0.58023 0.32316
v 0.28539 0.58023 0.32316
v 0.28539 0.58023 0.32316
v 0.28570 0.71748 -0.16232
v 0.28570 0.71748 -0.16232
v 0.27569 -0.74076 -0.07581
v 0.28147 -0.77790 -0.06078
v 0.28147 -0.77790 -0.06078
v 0.27048 -0.71006 -0.00043
v 0.29543 -0.71851 0.04805
v 0.29543 -0.71851 0.04805
v 0.27017 -0.70541 -0.06248
v 0.27017 -0.70541 -0.06248
v 0.27252 -0.67582 -0.06099
v 0.27252 -0.67582 -0.06099
v 0.30207 -0.61294 0.03051
v 0.30207 -0.61294 0.03051
v 0.29626 -0.53230 -0.17430
v 0.29626 -0.53230 -0.17430
v 0.29139 -0.36237 -0.16259
v 0.29139 -0.36237 -0.16259
v 0.27352 -0.32383 -0.03539
v 0.27352 -0.32383 -0.03539
v 0.27352 -0.32383 -0.03539
v 0.27293 -0.32238 0.00607
v 0.27293 -0.32238 0.00607
v 0.29703 -0.34065 -0.04393
v 0.29703 -0.34065 -0.04393
v 0.29703 -0.34065 -0.04393
v 0.29703 -0.34065 -0.04393
v 0.28404 -0.29871 -0.12803
v 0.28404 -0.29871 -0.12803
v 0.27623 -0.18147 -0.12203
v 0.29519 -0.06170 -0.19137
v 0.29519 -0.06170 -0.19137
v 0.27994 0.03454 0.09698
v 0.26948 0.13061 -0.18909
v 0.26948 0.13061 -0.18909
v 0.26948 0.13061 -0.18909
v 0.29600 0.18692 0.15002
v 0.29600 0.18692 0.15002
v 0.34508 0.24512 -0.04894
v 0.28910 0.34828 -0.06170
v 0.28910 0.34828 -0.06170
v 0.33438 0.44894 -0.17885
v 0.33438 0.44894 -0.17885
v 0.33438 0.44894 -0.17885
v 0.33438 0.44894 -0.17885
v 0.33438 0.44894 -0.17885
v 0.29588 0.48076 0.36917
v 0.29588 0.48076 0.36917
v 0.29217 0.67322 -0.18416
v 0.29217 0.67322 -0.18416
v 0.36216 -0.64085 0.16241
v 0.28337 -0.54319 -0.13797
v 0.30285 -0.51775 0.15392
v 0.30285 -0.51775 0.15392
v 0.30309 -0.53860 0.17347
v 0.30309 -0.53860 0.17347
v 0.30395 -0.53903 -0.14475
v 0.30395 -0.53903 -0.14475
v 0.29260 -0.46846 -0.11861
v 0.29762 -0.45862 0.13985
v 0.29762 -0.45862 0.13985
v 0.28822 -0.34138 -0.10223
v 0.28822 -0.34138 -0.10223
v 0.28573 -0.26616 0.01311
v 0.30112 -0.16698 -0.09585
v 0.28998 -0.13768 0.07447
v 0.28998 -0.13768 0.07447
v 0.29862 -0.11744 0.08652
v 0.27628 -0.03647 0.04102
v 0.28920 -0.01338 0.07016
v 0.28920 -0.01338 0.07016
v 0.29579 0.08487 -0.19499
v 0.28513 0.15402 -0.18855
v 0.32431 0.28482 0.11301
v 0.32431 0.28482 0.11301
v 0.29289 0.31136 -0.21756
v 0.29289 0.31136 -0.21756
v 0.26798 0.34929 -0.21235
v 0.28620 0.35223 -0.20176
v 0.29986 0.38496 -0.12906
v 0.29986 0.38496 -0.12906
v 0.28508 0.43918 -0.20283
v 0.28508 0.43918 -0.20283
v 0.31627 0.53086 -0.19756
v 0.31627 0.53086 -0.19756
v 0.32909 0.62089 -0.20165
v 0.32909 0.62089 -0.20165
v 0.32531 0.64200 -0.18586
v 0.32531 0.64200 -0.18586
v 0.32531 0.64200 -0.18586
v 0.30469 0.72678 0.12931
v 0.27616 -0.91588 -0.11113
v 0.27616 -0.91588 -0.11113
v 0.29203 -0.90737 -0.08802
v 0.29203 -0.90737 -0.08802
v 0.29707 -0.86238 -0.14822
v 0.29707 -0.86238 -0.14822
v 0.28715 -0.88872 -0.07310
v 0.30055 -0.86349 -0.07408
v 0.30055 -0.86349 -0.07408
v 0.28594 -0.84502 -0.08732
v 0.28594 -0.84502 -0.08732
v 0.29762 -0.87112 -0.03470
v 0.29762 -0.87112 -0.03470
v 0.30143 -0.83898 -0.13716
v 0.30143 -0.83898 -0.13716
v 0.30143 -0.83898 -0.13716
v 0.28561 -0.81487 -0.07573
v 0.28561 -0.81487 -0.07573
v 0.29006 -0.82994 -0.00005
v 0.29006 -0.82994 -0.00005
v 0.29006 -0.82994 -0.00005
v 0.29891 -0.79896 -0.12701
v 0.29891 -0.79896 -0.12701
v 0.32940 -0.76393 -0.13778
v 0.32940 -0.76393 -0.13778
v 0.32940 -0.76393 -0.13778
v 0.29429 -0.68398 -0.07140
v 0.29429 -0.68398 -0.07140
v 0.28653 -0.64678 -0.02711
v 0.28653 -0.64678 -0.02711
v 0.31266 -0.45194 -0.07860
v 0.31266 -0.45194 -0.07860
v 0.34394 -0.41058 0.07710
v 0.34394 -0.41058 0.07710
v 0.30166 -0.29232 -0.03908
v 0.30166 -0.29232 -0.03908
v 0.30166 -0.29232 -0.03908
v 0.29327 -0.24229 -0.15089
v 0.28511 -0.20174 -0.08102
v 0.28511 -0.20174 -0.08102
v 0.29603 -0.21159 -0.03133
v 0.29603 -0.21159 -0.03133
v 0.29222 -0.18565 -0.05912
v 0.29222 -0.18565 -0.05912
v 0.29222 -0.18565 -0.05912
v 0.30014 -0.12147 0.06838
v 0.30421 0.00556 0.01891
v 0.30421 0.00556 0.01891
v 0.30421 0.00556 0.01891
v 0.30421 0.00556 0.01891
v 0.33744 0.00439 0.15966
v 0.33744 0.00439 0.15966
v 0.30281 0.12541 0.12574
v 0.30281 0.12541 0.12574
v 0.30923 0.17591 -0.17330
v 0.30923 0.17591 -0.17330
v 0.35793 0.21561 -0.08990
v 0.35793 0.21561 -0.08990
v 0.30383 0.28444 -0.21685
v 0.30383 0.28444 -0.21685
v 0.31373 0.37967 0.24073
v 0.28829 0.57117 0.31625
v 0.28829 0.57117 0.31625
v 0.28829 0.57117 0.31625
v 0.35386 0.64592 0.19478
v 0.29569 -0.93580 -0.12384
v 0.29569 -0.93580 -0.12384
v 0.29569 -0.93580 -0.12384
v 0.32436 -0.94373 -0.07839
v 0.32436 -0.94373 -0.07839
v 0.29039 -0.88727 -0.16436
v 0.29039 -0.88727 -0.16436
v 0.30616 -0.91742 -0.03917
v 0.30616 -0.91742 -0.03917
v 0.29144 -0.87560 -0.06652
v 0.31789 -0.80828 0.03143
v 0.31789 -0.80828 0.03143
v 0.31789 -0.80828 0.03143
v 0.32838 -0.77349 0.04554
v 0.30302 -0.65813 -0.04735
v 0.30609 -0.62912 -0.02942
v 0.30609 -0.62912 -0.02942
v 0.33307 -0.53976 -0.11419
v 0.33307 -0.53976 -0.11419
v 0.29279 -0.29084 -0.01131
v 0.30509 -0.26648 -0.03499
v 0.30509 -0.26648 -0.03499
v 0.30452 -0.27722 -0.14764
v 0.30452 -0.27722 -0.14764
v 0.33302 -0.19782 -0.16381
v 0.33302 -0.19782 -0.16381
v 0.31342 -0.13117 0.02238
v 0.29527 -0.03751 -0.02733
v 0.31870 0.10514 0.13061
v 0.30940 0.10427 -0.19055
v 0.31296 0.31241 -0.20434
v 0.31501 0.36030 -0.12490
v 0.31501 0.36030 -0.12490
v 0.32098 0.31366 -0.13066
v 0.29674 0.44734 0.35953
v 0.30281 0.45837 0.36559
v 0.30281 0.45837 0.36559
v 0.30281 0.45837 0.36559
v 0.29465 0.48721 -0.18538
v 0.29676 0.57245 0.30097
v 0.29365 0.57471 0.30902
v 0.29379 0.57643 0.31020
v 0.31125 0.68374 -0.16431
v 0.31125 0.68374 -0.16431
v 0.32327 0.71124 0.03695
v 0.31910 -0.90490 -0.19155
v 0.30649 -0.93792 -0.06902
v 0.30649 -0.93792 -0.06902
v 0.32024 -0.86424 -0.02180
v 0.32024 -0.86424 -0.02180
v 0.30557 -0.80842 -0.12863
v 0.30557 -0.80842 -0.12863
v 0.29959 -0.82193 0.02113
v 0.29959 -0.82193 0.02113
v 0.30254 -0.80456 0.02176
v 0.35600 -0.75240 -0.12871
v 0.35600 -0.75240 -0.12871
v 0.35600 -0.75240 -0.12871
v 0.35600 -0.75240 -0.12871
v 0.30854 -0.73814 -0.10710
v 0.34732 -0.75063 0.04912
v 0.34732 -0.75063 0.04912
v 0.31765 -0.71564 -0.11441
v 0.33319 -0.66911 -0.10496
v 0.33319 -0.66911 -0.10496
v 0.30980 -0.70582 -0.10577
v 0.30980 -0.70582 -0.10577
v 0.31829 -0.68976 0.06976
v 0.31363 -0.67428 -0.08751
v 0.31363 -0.67428 -0.08751
v 0.31363 -0.67428 -0.08751
v 0.34127 -0.63899 -0.07955
v 0.34127 -0.63899 -0.07955
v 0.36787 -0.53192 -0.03416
v 0.36787 -0.53192 -0.03416
v 0.30076 -0.45313 -0.16832
v 0.30076 -0.45313 -0.16832
v 0.31277 -0.51606 -0.16151
v 0.36445 -0.53154 0.15224
v 0.36445 -0.53154 0.15224
v 0.36445 -0.53154 0.15224
v 0.34727 -0.35990 -0.18036
v 0.34727 -0.35990 -0.18036
v 0.34727 -0.35990 -0.18036
v 0.30488 -0.16794 -0.06146
v 0.31936 -0.11619 -0.03093
v 0.30854 -0.11410 -0.06635
v 0.33159 -0.08047 -0.13925
v 0.32091 -0.12226 0.01105
v 0.30445 -0.06333 -0.08114
v 0.30764 0.01476 -0.00213
v 0.30764 0.01476 -0.00213
v 0.30457 0.29467 -0.15930
v 0.29631 0.51283 -0.16322
v 0.29631 0.51283 -0.16322
v 0.38126 -0.93391 -0.16300
v 0.38126 -0.93391 -0.16300
v 0.33787 -0.93240 -0.02345
v 0.33787 -0.93240 -0.02345
v 0.36109 -0.72362 0.07674
v 0.33369 -0.44595 -0.11951
v 0.33825 -0.37553 -0.00964
v 0.33825 -0.37553 -0.00964
v 0.34587 -0.28872 -0.16587
v 0.34587 -0.28872 -0.16587
v 0.34587 -0.28872 -0.16587
v 0.34587 -0.28872 -0.16587
v 0.34587 -0.28872 -0.16587
v 0.34587 -0.28872 -0.16587
v 0.34587 -0.28872 -0.16587
v 0.34166 -0.27470 -0.13193
v 0.34166 -0.27470 -0.13193
v 0.34166 -0.27470 -0.13193
v 0.33851 -0.28155 -0.01885
v 0.33851 -0.28155 -0.01885
v 0.34280 -0.16829 -0.08077
v 0.34280 -0.16829 -0.08077
v 0.34280 -0.16829 -0.08077
v 0.31775 -0.11790 -0.01427
v 0.30899 -0.08532 -0.08756
v 0.31068 -0.06307 -0.09394
v 0.33752 0.00190 -0.06604
v 0.33752 0.00190 -0.06604
v 0.32667 -0.00490 -0.09685
v 0.32667 -0.00490 -0.09685
v 0.30143 0.01244 -0.00950
v 0.30143 0.01244 -0.00950
v 0.31718 0.03195 0.09294
v 0.31794 0.14458 0.11797
v 0.32055 0.15823 0.10968
v 0.32055 0.15823 0.10968
v 0.32926 0.22592 -0.13023
v 0.32926 0.22592 -0.13023
v 0.32926 0.22592 -0.13023
v 0.31663 0.26589 0.00906
v 0.34689 0.33730 -0.17311
v 0.34689 0.33730 -0.17311
v 0.30859 0.45018 0.24213
v 0.30859 0.45018 0.24213
v 0.32008 0.44284 0.36067
v 0.32008 0.44284 0.36067
v 0.31518 0.52752 0.29068
v 0.31701 0.54207 -0.20908
v 0.31701 0.54207 -0.20908
v 0.32250 0.67979 -0.15991
v 0.33668 -0.83540 -0.16219
v 0.33668 -0.83540 -0.16219
v 0.38797 -0.74479 0.06561
v 0.38797 -0.74479 0.06561
v 0.38797 -0.74479 0.06561
v 0.38797 -0.74479 0.06561
v 0.33059 -0.38671 -0.05758
v 0.33059 -0.38671 -0.05758
v 0.33059 -0.38671 -0.05758
v 0.33059 -0.38671 -0.05758
v 0.33059 -0.38671 -0.05758
v 0.33454 -0.37309 -0.05339
v 0.33454 -0.37309 -0.05339
v 0.33576 -0.06914 -0.12232
v 0.40434 0.17606 -0.12292
v 0.40434 0.17606 -0.12292
v 0.33982 0.23798 -0.20060
v 0.33982 0.23798 -0.20060
v 0.31777 0.33750 -0.07411
v 0.31777 0.33750 -0.07411
v 0.35010 0.30649 0.19327
v 0.35010 0.30649 0.19327
v 0.35010 0.30649 0.19327
v 0.34023 0.43218 0.23712
v 0.34023 0.43218 0.23712
v 0.35041 0.47310 0.23820
v 0.32752 0.65452 0.05502
v 0.35041 0.63535 0.07341
v 0.35041 0.63535 0.07341
v 0.38707 0.59368 0.15665
v 0.31230 -0.90438 0.00593
v 0.31230 -0.90438 0.00593
v 0.31230 -0.90438 0.00593
v 0.33602 -0.91178 0.00485
v 0.32631 -0.89857 0.07230
v 0.32631 -0.89857 0.07230
v 0.32631 -0.89857 0.07230
v 0.32524 -0.91251 0.02982
v 0.32524 -0.91251 0.02982
v 0.32524 -0.91251 0.02982
v 0.32524 -0.91251 0.02982
v 0.34099 -0.93545 0.03920
v 0.32548 -0.89793 0.04088
v 0.32548 -0.89793 0.04088
v 0.32548 -0.89793 0.04088
v 0.33847 -0.85721 0.02297
v 0.33847 -0.85721 0.02297
v 0.33847 -0.85721 0.02297
v 0.38017 -0.80886 0.03297
v 0.38017 -0.80886 0.03297
v 0.38017 -0.80886 0.03297
v 0.37375 -0.71479 -0.12486
v 0.38288 -0.55869 0.16339
v 0.35250 -0.49980 -0.10778
v 0.35250 -0.49980 -0.10778
v 0.34249 -0.47921 -0.12914
v 0.34249 -0.47921 -0.12914
v 0.35091 -0.47709 -0.04272
v 0.35091 -0.47709 -0.04272
v 0.35091 -0.47709 -0.04272
v 0.35091 -0.47709 -0.04272
v 0.43011 -0.50961 -0.01035
v 0.43011 -0.50961 -0.01035
v 0.43011 -0.50961 -0.01035
v 0.32093 -0.12690 -0.09379
v 0.32093 -0.12690 -0.09379
v 0.34863 -0.14186 -0.06558
v 0.34863 -0.14186 -0.06558
v 0.34629 -0.12531 -0.07966
v 0.34629 -0.12531 -0.07966
v 0.35177 0.01616 -0.17573
v 0.35177 0.01616 -0.17573
v 0.35564 0.04026 0.12484
v 0.35564 0.04026 0.12484
v 0.34798 0.09590 -0.18017
v 0.39628 0.15344 -0.13280
v 0.39628 0.15344 -0.13280
v 0.39628 0.15344 -0.13280
v 0.39628 0.15344 -0.13280
v 0.39628 0.15344 -0.13280
v 0.34603 0.15956 0.11385
v 0.34603 0.15956 0.11385
v 0.34603 0.15956 0.11385
v 0.34603 0.15956 0.11385
v 0.33959 0.39187 0.17556
v 0.33959 0.39187 0.17556
v 0.33959 0.39187 0.17556
v 0.33959 0.39187 0.17556
v 0.33959 0.39187 0.17556
v 0.33959 0.39187 0.17556
v 0.33882 0.36797 0.30287
v 0.33882 0.36797 0.30287
v 0.35550 0.38127 0.32429
v 0.35550 0.38127 0.32429
v 0.34039 0.70732 -0.13423
v 0.34039 0.70732 -0.13423
v 0.34039 0.70732 -0.13423
v 0.34877 0.66315 -0.01059
v 0.38505 -0.84388 -0.15299
v 0.38505 -0.84388 -0.15299
v 0.34370 -0.80839 -0.14838
v 0.38681 -0.76649 -0.13686
v 0.38681 -0.76649 -0.13686
v 0.36583 -0.46100 0.11937
v 0.33445 -0.31704 -0.02987
v 0.34525 -0.31071 -0.03578
v 0.34154 -0.30978 -0.15667
v 0.35524 -0.23831 -0.16966
v 0.35524 -0.23831 -0.16966
v 0.36537 0.02708 0.06089
v 0.36537 0.02708 0.06089
v 0.38141 0.11199 0.11204
v 0.35512 0.20467 0.07870
v 0.35512 0.20467 0.07870
v 0.39380 0.27039 -0.18186
v 0.39380 0.27039 -0.18186
v 0.34541 0.27254 -0.01804
v 0.34813 0.26077 0.04274
v 0.34832 0.28084 -0.05674
v 0.34832 0.28084 -0.05674
v 0.31575 0.31006 0.12301
v 0.31575 0.31006 0.12301
v 0.31575 0.31006 0.12301
v 0.31575 0.31006 0.12301
v 0.35372 0.41928 0.14563
v 0.35372 0.41928 0.14563
v 0.35372 0.41928 0.14563
v 0.34299 0.34990 0.15319
v 0.34299 0.34990 0.15319
v 0.34299 0.34990 0.15319
v 0.36352 0.42744 0.22670
v 0.36352 0.42744 0.22670
v 0.35890 0.42974 0.26321
v 0.41531 -0.67884 -0.09532
v 0.41531 -0.67884 -0.09532
v 0.41531 -0.67884 -0.09532
v 0.36464 -0.53395 -0.13014
v 0.36464 -0.53395 -0.13014
v 0.38136 -0.51667 -0.11439
v 0.38136 -0.51667 -0.11439
v 0.38136 -0.51667 -0.11439
v 0.38136 -0.51667 -0.11439
v 0.38008 -0.46896 0.12149
v 0.38008 -0.46896 0.12149
v 0.33523 -0.38648 -0.03535
v 0.35010 -0.40550 -0.00674
v 0.33737 -0.38148 -0.02553
v 0.36571 -0.31318 -0.02510
v 0.34551 -0.27095 -0.14079
v 0.34551 -0.27095 -0.14079
v 0.34551 -0.27095 -0.14079
v 0.34551 -0.27095 -0.14079
v 0.34551 -0.27095 -0.14079
v 0.36402 -0.29351 -0.12616
v 0.36402 -0.29351 -0.12616
v 0.36402 -0.29351 -0.12616
v 0.36402 -0.29351 -0.12616
v 0.36402 -0.29351 -0.12616
v 0.36402 -0.29351 -0.12616
v 0.36621 -0.22829 -0.00465
v 0.36621 -0.22829 -0.00465
v 0.36461 -0.01962 -0.13147
v 0.36461 -0.01962 -0.13147
v 0.36461 -0.01962 -0.13147
v 0.35414 0.01084 -0.05461
v 0.35414 0.01084 -0.05461
v 0.39687 0.23650 -0.13548
v 0.35086 0.28151 0.11627
v 0.35086 0.28151 0.11627
v 0.34351 0.30471 0.05336
v 0.35938 0.33666 0.07942
v 0.35938 0.33666 0.07942
v 0.35448 0.39187 0.20884
v 0.35448 0.39187 0.20884
v 0.33383 0.41330 0.16157
v 0.33383 0.41330 0.16157
v 0.39054 0.62153 -0.12172
v 0.39054 0.62153 -0.12172
v 0.34789 0.59905 -0.02331
v 0.42804 -0.94756 -0.07337
v 0.35374 -0.90127 0.14746
v 0.35374 -0.90127 0.14746
v 0.37881 -0.94643 0.12615
v 0.37420 -0.85483 0.07563
v 0.37420 -0.85483 0.07563
v 0.35476 -0.84417 0.02695
v 0.35476 -0.84417 0.02695
v 0.40881 -0.63522 -0.04965
v 0.40881 -0.63522 -0.04965
v 0.38188 -0.57037 0.00761
v 0.38188 -0.57037 0.00761
v 0.38188 -0.57037 0.00761
v 0.36552 -0.30490 -0.15188
v 0.36552 -0.30490 -0.15188
v 0.36552 -0.30490 -0.15188
v 0.36552 -0.30490 -0.15188
v 0.39287 -0.28997 -0.17148
v 0.39287 -0.28997 -0.17148
v 0.39287 -0.28997 -0.17148
v 0.38436 -0.26407 -0.11707
v 0.38436 -0.26407 -0.11707
v 0.42922 -0.18902 -0.04626
v 0.42922 -0.18902 -0.04626
v 0.39073 -0.17087 -0.09339
v 0.39073 -0.17087 -0.09339
v 0.35840 -0.02102 -0.08500
v 0.42071 -0.06626 -0.00205
v 0.42071 -0.06626 -0.00205
v 0.38845 0.14104 0.09121
v 0.38845 0.14104 0.09121
v 0.36656 0.22601 -0.16872
v 0.36656 0.22601 -0.16872
v 0.36656 0.22601 -0.16872
v 0.37023 0.25343 0.07580
v 0.36062 0.27027 0.18870
v 0.36062 0.27027 0.18870
v 0.37227 0.35981 -0.12026
v 0.37227 0.35981 -0.12026
v 0.37227 0.35981 -0.12026
v 0.37227 0.35981 -0.12026
v 0.39678 0.36166 0.14711
v 0.39678 0.36166 0.14711
v 0.39678 0.36166 0.14711
v 0.39678 0.36166 0.14711
v 0.39678 0.36166 0.14711
v 0.36613 0.23856 0.22084
v 0.36613 0.23856 0.22084
v 0.36613 0.23856 0.22084
v 0.36613 0.23856 0.22084
v 0.36613 0.23856 0.22084
v 0.34639 0.31337 0.28626
v 0.34639 0.31337 0.28626
v 0.35669 0.37979 0.29517
v 0.36870 0.41014 0.22856
v 0.36870 0.41014 0.22856
v 0.39582 0.39991 0.17139
v 0.39582 0.39991 0.17139
v 0.39582 0.39991 0.17139
v 0.35250 0.48108 0.22360
v 0.35493 0.58500 -0.03940
v 0.35493 0.58500 -0.03940
v 0.34977 0.69065 -0.12555
v 0.34977 0.69065 -0.12555
v 0.36564 -0.91030 0.15651
v 0.36564 -0.91030 0.15651
v 0.37418 -0.52530 0.16443
v 0.37418 -0.52530 0.16443
v 0.38103 -0.49466 -0.11118
v 0.38103 -0.49466 -0.11118
v 0.35790 -0.47389 0.12014
v 0.39987 -0.45182 0.00160
v 0.39987 -0.45182 0.00160
v 0.39942 -0.33330 -0.01945
v 0.37261 -0.26976 -0.12880
v 0.37261 -0.26976 -0.12880
v 0.37261 -0.26976 -0.12880
v 0.37261 -0.26976 -0.12880
v 0.37261 -0.26976 -0.12880
v 0.39525 -0.24478 -0.01100
v 0.39525 -0.24478 -0.01100
v 0.39525 -0.24478 -0.01100
v 0.39525 -0.24478 -0.01100
v 0.36618 -0.02956 -0.10425
v 0.37822 -0.00051 -0.04460
v 0.36114 0.05028 -0.14740
v 0.36114 0.05028 -0.14740
v 0.39023 0.05606 0.07449
v 0.39023 0.05606 0.07449
v 0.39023 0.05606 0.07449
v 0.39107 0.09532 -0.15604
v 0.39107 0.09532 -0.15604
v 0.39107 0.09532 -0.15604
v 0.39107 0.09532 -0.15604
v 0.36402 0.21393 0.03863
v 0.36402 0.21393 0.03863
v 0.34627 0.25200 0.10347
v 0.35797 0.21306 0.11491
v 0.35797 0.21306 0.11491
v 0.35797 0.21306 0.11491
v 0.36763 0.25003 -0.17305
v 0.36763 0.25003 -0.17305
v 0.39226 0.24585 0.08855
v 0.39226 0.24585 0.08855
v 0.39226 0.24585 0.08855
v 0.36459 0.22601 0.26885
v 0.36459 0.22601 0.26885
v 0.38826 0.35019 -0.05552
v 0.38826 0.35019 -0.05552
v 0.38826 0.35019 -0.05552
v 0.37910 0.37851 0.21312
v 0.37910 0.37851 0.21312
v 0.40408 0.41359 0.06460
v 0.40408 0.41359 0.06460
v 0.38134 0.43058 0.10676
v 0.37572 0.63884 -0.05805
v 0.38236 -0.92572 0.17968
v 0.38236 -0.92572 0.17968
v 0.36908 -0.71090 0.09476
v 0.39173 -0.57490 -0.00959
v 0.39173 -0.57490 -0.00959
v 0.37855 -0.54078 -0.05793
v 0.37855 -0.54078 -0.05793
v 0.37855 -0.54078 -0.05793
v 0.40410 -0.51487 0.01455
v 0.40410 -0.51487 0.01455
v 0.40106 -0.49347 0.09449
v 0.40106 -0.49347 0.09449
v 0.36663 -0.26189 -0.05270
v 0.36663 -0.26189 -0.05270
v 0.39854 -0.24141 -0.09873
v 0.39854 -0.24141 -0.09873
v 0.39854 -0.24141 -0.09873
v 0.39854 -0.24141 -0.09873
v 0.39854 -0.24141 -0.09873
v 0.39854 -0.24141 -0.09873
v 0.39582 -0.24066 -0.16496
v 0.39582 -0.24066 -0.16496
v 0.39582 -0.24066 -0.16496
v 0.39842 -0.02929 0.02631
v 0.39842 -0.02929 0.02631
v 0.37831 0.00198 0.04572
v 0.38933 0.18457 0.04678
v 0.38933 0.18457 0.04678
v 0.35731 0.19482 0.05604
v 0.35731 0.19482 0.05604
v 0.35802 0.19973 0.15153
v 0.35802 0.19973 0.15153
v 0.38243 0.13160 0.20938
v 0.38243 0.13160 0.20938
v 0.35974 0.22772 0.16900
v 0.35974 0.22772 0.16900
v 0.40517 0.20847 0.16561
v 0.39856 0.24254 0.18081
v 0.39856 0.24254 0.18081
v 0.39856 0.24254 0.18081
v 0.39856 0.24254 0.18081
v 0.40717 0.28215 -0.03702
v 0.40717 0.28215 -0.03702
v 0.38433 0.32037 0.08493
v 0.38433 0.32037 0.08493
v 0.38433 0.32037 0.08493
v 0.39340 0.29191 -0.14093
v 0.39340 0.29191 -0.14093
v 0.39340 0.29191 -0.14093
v 0.35783 0.44426 0.06249
v 0.35783 0.44426 0.06249
v 0.36511 0.36852 0.06845
v 0.36511 0.36852 0.06845
v 0.36511 0.36852 0.06845
v 0.36273 0.37186 0.03619
v 0.36273 0.37186 0.03619
v 0.36954 0.49041 -0.09104
v 0.36954 0.49041 -0.09104
v 0.38153 0.44949 0.03441
v 0.38153 0.44949 0.03441
v 0.35234 0.47368 0.06636
v 0.35234 0.47368 0.06636
v 0.36409 0.56339 -0.01884
v 0.36409 0.56339 -0.01884
v 0.37998 0.50644 -0.06874
v 0.37998 0.50644 -0.06874
v 0.37998 0.50644 -0.06874
v 0.37998 0.50644 -0.06874
v 0.37099 0.58569 0.10722
v 0.37960 -0.85591 0.11356
v 0.38305 -0.82835 0.03666
v 0.38305 -0.82835 0.03666
v 0.38305 -0.82835 0.03666
v 0.39642 -0.80549 -0.12975
v 0.39642 -0.80549 -0.12975
v 0.40049 -0.77169 -0.10219
v 0.40049 -0.77169 -0.10219
v 0.40049 -0.77169 -0.10219
v 0.40049 -0.77169 -0.10219
v 0.38602 -0.71552 -0.11022
v 0.38602 -0.71552 -0.11022
v 0.42183 -0.62912 0.16780
v 0.42183 -0.62912 0.16780
v 0.39235 -0.55782 0.14931
v 0.39235 -0.55782 0.14931
v 0.39804 -0.32476 -0.14531
v 0.39804 -0.32476 -0.14531
v 0.46136 0.01171 -0.14779
v 0.45228 0.04032 0.13619
v 0.45228 0.04032 0.13619
v 0.45228 0.04032 0.13619
v 0.41367 0.04221 0.12690
v 0.42625 0.03588 0.10004
v 0.42625 0.03588 0.10004
v 0.40210 0.17196 0.20096
v 0.41093 0.20438 -0.04215
v 0.41093 0.20438 -0.04215
v 0.39054 0.18875 -0.17596
v 0.39054 0.18875 -0.17596
v 0.39054 0.18875 -0.17596
v 0.38081 0.27442 -0.02600
v 0.40841 0.26318 -0.01535
v 0.40841 0.26318 -0.01535
v 0.39383 0.28993 -0.18809
v 0.39383 0.28993 -0.18809
v 0.39383 0.28993 -0.18809
v 0.39383 0.28993 -0.18809
v 0.38995 0.29077 0.02544
v 0.38995 0.29077 0.02544
v 0.38405 0.31285 -0.00294
v 0.38405 0.31285 -0.00294
v 0.40455 0.32391 0.02200
v 0.40455 0.32391 0.02200
v 0.37765 0.44931 -0.08711
v 0.37765 0.44931 -0.08711
v 0.37765 0.44931 -0.08711
v 0.40541 0.44501 0.12176
v 0.40541 0.44501 0.12176
v 0.36533 0.49732 0.17039
v 0.36533 0.49732 0.17039
v 0.37598 0.51895 0.18945
v 0.36709 0.56551 -0.06100
v 0.39245 0.57910 -0.09910
v 0.35978 0.56426 0.11884
v 0.35978 0.56426 0.11884
v 0.35978 0.56426 0.11884
v 0.35978 0.56426 0.11884
v 0.37644 0.54910 0.14351
v 0.37644 0.54910 0.14351
v 0.37403 0.55831 0.15822
v 0.38888 -0.89959 0.17772
v 0.38888 -0.89959 0.17772
v 0.40812 -0.91297 -0.13941
v 0.41350 -0.86218 0.09754
v 0.42154 -0.85152 0.08186
v 0.42154 -0.85152 0.08186
v 0.43753 -0.85091 -0.08439
v 0.43753 -0.85091 -0.08439
v 0.41459 -0.73556 -0.10327
v 0.41459 -0.73556 -0.10327
v 0.40194 -0.52811 0.13227
v 0.40194 -0.52811 0.13227
v 0.40291 -0.51563 -0.04900
v 0.40291 -0.51563 -0.04900
v 0.39942 -0.48336 0.11320
v 0.39942 -0.48336 0.11320
v 0.39942 -0.48336 0.11320
v 0.39804 -0.40358 -0.08125
v 0.39804 -0.40358 -0.08125
v 0.39804 -0.40358 -0.08125
v 0.36866 -0.36502 -0.16572
v 0.36866 -0.36502 -0.16572
v 0.40365 -0.37036 -0.12414
v 0.40365 -0.37036 -0.12414
v 0.40365 -0.37036 -0.12414
v 0.40513 -0.27377 -0.03558
v 0.40513 -0.27377 -0.03558
v 0.41405 -0.26828 -0.11926
v 0.41405 -0.26828 -0.11926
v 0.41405 -0.26828 -0.11926
v 0.41405 -0.26828 -0.11926
v 0.39023 -0.04573 -0.11823
v 0.40777 0.01197 0.04860
v 0.37320 0.08835 -0.12481
v 0.37320 0.08835 -0.12481
v 0.37320 0.08835 -0.12481
v 0.37320 0.08835 -0.12481
v 0.43895 0.07700 -0.11752
v 0.43895 0.07700 -0.11752
v 0.43895 0.07700 -0.11752
v 0.43895 0.07700 -0.11752
v 0.43895 0.07700 -0.11752
v 0.42390 0.09466 0.09470
v 0.42390 0.09466 0.09470
v 0.42390 0.09466 0.09470
v 0.42390 0.09466 0.09470
v 0.42390 0.09466 0.09470
v 0.38493 0.11333 -0.14608
v 0.38493 0.11333 -0.14608
v 0.40210 0.22113 0.13366
v 0.40210 0.22113 0.13366
v 0.38186 0.26397 -0.17057
v 0.39199 0.25067 -0.18511
v 0.40651 0.25674 0.00796
v 0.40651 0.25674 0.00796
v 0.38957 0.28197 0.21629
v 0.38957 0.28197 0.21629
v 0.39135 0.24355 0.21946
v 0.39135 0.24355 0.21946
v 0.44157 0.39158 0.01144
v 0.40938 0.39265 -0.07852
v 0.40938 0.39265 -0.07852
v 0.39271 0.49987 0.07312
v 0.39271 0.49987 0.07312
v 0.38647 0.52456 0.15694
v 0.38647 0.52456 0.15694
v 0.46684 -0.94762 0.08887
v 0.46684 -0.94762 0.08887
v 0.41735 -0.93417 0.22629
v 0.41735 -0.93417 0.22629
v 0.41735 -0.93417 0.22629
v 0.40268 -0.86918 0.16703
v 0.45123 -0.87548 0.06743
v 0.45123 -0.87548 0.06743
v 0.40622 -0.71993 -0.10621
v 0.40622 -0.71993 -0.10621
v 0.41681 -0.57760 0.16559
v 0.41681 -0.57760 0.16559
v 0.42385 -0.56985 0.03476
v 0.42385 -0.56985 0.03476
v 0.41212 -0.53209 0.02722
v 0.41212 -0.53209 0.02722
v 0.40191 -0.26656 -0.16514
v 0.40191 -0.26656 -0.16514
v 0.44207 -0.07652 -0.06336
v 0.40579 -0.05418 -0.00807
v 0.41914 0.07807 -0.15160
v 0.41914 0.07807 -0.15160
v 0.41914 0.07807 -0.15160
v 0.43565 0.07328 -0.13900
v 0.40294 0.16874 0.24544
v 0.40294 0.16874 0.24544
v 0.40294 0.16874 0.24544
v 0.40065 0.27021 0.19487
v 0.40065 0.27021 0.19487
v 0.39071 0.42132 0.00968
v 0.50790 0.63724 -0.04628
v 0.50790 0.63724 -0.04628
v 0.44257 0.58732 0.08631
v 0.44257 0.58732 0.08631
v 0.40672 -0.92378 0.21979
v 0.40672 -0.92378 0.21979
v 0.42352 -0.86712 0.13704
v 0.40042 -0.84963 -0.14304
v 0.40042 -0.84963 -0.14304
v 0.42371 -0.79617 0.01858
v 0.42371 -0.79617 0.01858
v 0.42371 -0.79617 0.01858
v 0.42746 -0.65993 -0.04146
v 0.44409 -0.52196 -0.00565
v 0.44409 -0.52196 -0.00565
v 0.40772 -0.47471 0.06626
v 0.40772 -0.47471 0.06626
v 0.40772 -0.47471 0.06626
v 0.41590 -0.34184 -0.13140
v 0.41835 -0.26502 -0.08339
v 0.41835 -0.26502 -0.08339
v 0.41835 -0.26502 -0.08339
v 0.43853 -0.07469 -0.09532
v 0.43853 -0.07469 -0.09532
v 0.42908 0.03773 0.03029
v 0.42908 0.03773 0.03029
v 0.41214 0.10741 -0.04596
v 0.41602 0.11440 -0.07584
v 0.41602 0.11440 -0.07584
v 0.41602 0.11440 -0.07584
v 0.41807 0.11850 -0.00506
v 0.41807 0.11850 -0.00506
v 0.40879 0.11316 0.23472
v 0.40879 0.11316 0.23472
v 0.40955 0.11818 0.24490
v 0.40955 0.11818 0.24490
v 0.41133 0.13566 0.06693
v 0.41847 0.18863 -0.20542
v 0.40030 0.25267 -0.13995
v 0.42542 0.37110 -0.06023
v 0.42542 0.37110 -0.06023
v 0.44214 0.48698 0.01640
v 0.42278 0.60887 0.01445
v 0.43579 -0.90121 -0.11138
v 0.43579 -0.90121 -0.11138
v 0.43579 -0.90121 -0.11138
v 0.43750 -0.80505 -0.07961
v 0.42325 -0.77636 -0.09940
v 0.40579 -0.76289 -0.09772
v 0.41438 -0.49806 0.01854
v 0.41438 -0.49806 0.01854
v 0.43755 -0.35752 -0.04740
v 0.43755 -0.35752 -0.04740
v 0.43746 -0.29627 -0.04241
v 0.43746 -0.29627 -0.04241
v 0.43781 -0.22675 -0.07548
v 0.43781 -0.22675 -0.07548
v 0.49389 -0.09673 -0.14431
v 0.49389 -0.09673 -0.14431
v 0.49389 -0.09673 -0.14431
v 0.44193 -0.06751 -0.08291
v 0.44193 -0.06751 -0.08291
v 0.38995 0.08060 0.07606
v 0.38995 0.08060 0.07606
v 0.42449 0.11545 -0.13549
v 0.42449 0.11545 -0.13549
v 0.42449 0.11545 -0.13549
v 0.41295 0.14754 -0.10761
v 0.39832 0.17870 0.03536
v 0.42742 0.16950 -0.02619
v 0.42742 0.16950 -0.02619
v 0.44849 0.15030 0.00329
v 0.44849 0.15030 0.00329
v 0.42804 0.22357 -0.20675
v 0.42804 0.22357 -0.20675
v 0.45575 0.23844 -0.14309
v 0.45575 0.23844 -0.14309
v 0.45575 0.23844 -0.14309
v 0.41714 -0.82248 0.00364
v 0.43232 -0.84316 0.04621
v 0.41383 -0.83047 -0.00325
v 0.41383 -0.83047 -0.00325
v 0.43129 -0.80331 0.01648
v 0.43129 -0.80331 0.01648
v 0.43941 -0.78304 -0.03382
v 0.43527 -0.74238 -0.05801
v 0.43527 -0.74238 -0.05801
v 0.44823 -0.61704 0.13661
v 0.42149 -0.48324 0.05269
v 0.42149 -0.48324 0.05269
v 0.42149 -0.48324 0.05269
v 0.42306 0.09620 0.03956
v 0.42306 0.09620 0.03956
v 0.43046 0.11316 0.00805
v 0.42768 0.16441 -0.18229
v 0.46750 0.14388 -0.17054
v 0.46750 0.14388 -0.17054
v 0.47002 0.18524 -0.14575
v 0.44554 0.31453 -0.17281
v 0.44554 0.31453 -0.17281
v 0.44554 0.31453 -0.17281
v 0.49655 0.50748 -0.08374
v 0.43372 0.51881 0.03918
v 0.43372 0.51881 0.03918
v 0.54515 0.58029 -0.08718
v 0.46001 -0.91181 0.17523
v 0.46001 -0.91181 0.17523
v 0.44212 -0.89575 0.16518
v 0.44419 -0.91489 -0.08805
v 0.44419 -0.91489 -0.08805
v 0.44419 -0.91489 -0.08805
v 0.44312 -0.31837 -0.07839
v 0.43484 -0.27696 -0.07777
v 0.43484 -0.27696 -0.07777
v 0.43484 -0.27696 -0.07777
v 0.46805 0.09161 0.05833
v 0.46805 0.09161 0.05833
v 0.49360 0.54591 0.07330
v 0.49360 0.54591 0.07330
v 0.47721 0.57239 0.09140
v 0.45499 -0.83866 -0.02210
v 0.45499 -0.83866 -0.02210
v 0.43258 -0.84656 -0.04257
v 0.43258 -0.84656 -0.04257
v 0.43774 -0.83793 0.02761
v 0.42894 -0.78429 -0.00095
v 0.42894 -0.78429 -0.00095
v 0.42775 -0.71398 0.02542
v 0.43753 -0.07042 -0.03714
v 0.45261 -0.03130 -0.15785
v 0.43953 0.07706 -0.14328
v 0.43953 0.07706 -0.14328
v 0.48703 0.09355 -0.09998
v 0.43624 0.09878 0.02159
v 0.46241 0.10755 -0.08037
v 0.49469 0.10563 0.02393
v 0.49469 0.10563 0.02393
v 0.47959 0.20411 -0.19112
v 0.47959 0.20411 -0.19112
v 0.45492 0.24219 -0.17525
v 0.45492 0.24219 -0.17525
v 0.45492 0.24219 -0.17525
v 0.46779 0.28735 -0.13153
v 0.47174 0.39617 -0.05626
v 0.47174 0.39617 -0.05626
v 0.60427 0.68423 -0.04743
v 0.60427 0.68423 -0.04743
v 0.46886 -0.85928 0.12965
v 0.47602 -0.86686 0.04732
v 0.47602 -0.86686 0.04732
v 0.50954 0.13372 -0.24828
v 0.50954 0.13372 -0.24828
v 0.49793 0.33544 -0.17739
v 0.49793 0.33544 -0.17739
v 0.57115 -0.93836 0.07484
v 0.57115 -0.93836 0.07484
v 0.44229 -0.75115 -0.01314
v 0.46812 -0.09063 -0.10094
v 0.49212 -0.00565 -0.04710
v 0.48261 0.37584 -0.01822
v 0.48261 0.37584 -0.01822
v 0.48261 0.37584 -0.01822
v 0.49750 -0.91959 -0.04228
v 0.49750 -0.91959 -0.04228
v 0.49284 -0.93792 0.15671
v 0.47971 -0.10056 -0.06971
v 0.47971 -0.10056 -0.06971
v 0.47971 -0.10056 -0.06971
v 0.46793 0.14011 -0.07684
v 0.46793 0.14011 -0.07684
v 0.51770 0.14809 -0.20914
v 0.51770 0.14809 -0.20914
v 0.51770 0.14809 -0.20914
v 0.49008 0.25912 -0.20707
v 0.49008 0.25912 -0.20707
v 0.58576 0.63222 0.01217
v 0.58576 0.63222 0.01217
v 0.58576 0.63222 0.01217
v 0.58576 0.63222 0.01217
v 0.58576 0.63222 0.01217
v 0.48784 -0.88707 -0.05396
v 0.48784 -0.88707 -0.05396
v 0.48989 -0.90075 0.19281
v 0.48989 -0.90075 0.19281
v 0.51258 -0.05851 -0.04303
v 0.51258 -0.05851 -0.04303
v 0.51258 -0.05851 -0.04303
v 0.51258 -0.05851 -0.04303
v 0.51456 0.02330 -0.06896
v 0.51456 0.02330 -0.06896
v 0.53699 0.01183 -0.10607
v 0.53699 0.01183 -0.10607
v 0.51718 0.28128 -0.15441
v 0.51718 0.28128 -0.15441
v 0.49320 0.42306 -0.00168
v 0.49320 0.42306 -0.00168
v 0.46215 0.53812 0.01352
v 0.46215 0.53812 0.01352
v 0.49505 -0.89993 0.10595
v 0.49505 -0.89993 0.10595
v 0.49505 -0.89993 0.10595
v 0.49312 -0.85762 0.01457
v 0.48549 0.07772 -0.09293
v 0.48549 0.07772 -0.09293
v 0.49227 0.10465 -0.04797
v 0.49227 0.10465 -0.04797
v 0.53535 0.09355 -0.07340
v 0.53535 0.09355 -0.07340
v 0.53535 0.09355 -0.07340
v 0.47471 0.21829 -0.16174
v 0.47471 0.21829 -0.16174
v 0.48753 0.20208 -0.22603
v 0.48753 0.20208 -0.22603
v 0.50005 -0.93275 0.18996
v 0.50005 -0.93275 0.18996
v 0.49474 -0.20099 -0.04783
v 0.48951 -0.12891 -0.03767
v 0.48951 -0.12891 -0.03767
v 0.51494 0.19668 -0.24489
v 0.51494 0.19668 -0.24489
v 0.51494 0.19668 -0.24489
v 0.52193 0.41513 -0.04022
v 0.52193 0.41513 -0.04022
v 0.48760 -0.19216 -0.03776
v 0.48760 -0.19216 -0.03776
v 0.52162 -0.24850 -0.04999
v 0.52162 -0.24850 -0.04999
v 0.52974 -0.19750 -0.10434
v 0.52974 -0.19750 -0.10434
v 0.50702 -0.15835 -0.01716
v 0.50702 -0.15835 -0.01716
v 0.51544 -0.22901 -0.02621
v 0.51544 -0.22901 -0.02621
v 0.51544 -0.22901 -0.02621
v 0.51544 -0.22901 -0.02621
v 0.55495 0.30756 -0.20331
v 0.55495 0.30756 -0.20331
v 0.55495 0.30756 -0.20331
v 0.50266 0.40145 -0.02545
v 0.50266 0.40145 -0.02545
v 0.49258 0.55305 -0.00449
v 0.52441 -0.93847 0.10706
v 0.52441 -0.93847 0.10706
v 0.56435 -0.91698 0.11315
v 0.56435 -0.91698 0.11315
v 0.55583 -0.89526 0.02991
v 0.55583 -0.89526 0.02991
v 0.52101 -0.04271 -0.17730
v 0.54039 0.09585 -0.27122
v 0.54039 0.09585 -0.27122
v 0.54039 0.09585 -0.27122
v 0.54146 0.11818 -0.22970
v 0.54146 0.11818 -0.22970
v 0.53606 0.15983 -0.23454
v 0.53606 0.15983 -0.23454
v 0.52541 0.45460 -0.01670
v 0.52541 0.45460 -0.01670
v 0.52662 0.01906 -0.07923
v 0.52398 0.18135 -0.20726
v 0.52398 0.18135 -0.20726
v 0.52398 0.18135 -0.20726
v 0.53295 0.49546 -0.05311
v 0.53295 0.49546 -0.05311
v 0.57534 0.54222 -0.06208
v 0.57534 0.54222 -0.06208
v 0.54168 0.55064 -0.00964
v 0.51280 -0.38857 0.12739
v 0.51280 -0.38857 0.12739
v 0.51280 -0.38857 0.12739
v 0.56207 -0.39260 0.19585
v 0.56207 -0.39260 0.19585
v 0.56207 -0.39260 0.19585
v 0.51513 -0.35871 0.16627
v 0.51513 -0.35871 0.16627
v 0.55198 -0.12438 0.03010
v 0.52051 -0.02311 -0.05758
v 0.56806 0.15044 -0.18611
v 0.56806 0.15044 -0.18611
v 0.56806 0.15044 -0.18611
v 0.55981 0.60686 -0.00728
v 0.55981 0.60686 -0.00728
v 0.54696 -0.45519 0.13970
v 0.54696 -0.45519 0.13970
v 0.54696 -0.45519 0.13970
v 0.52743 -0.46297 0.18081
v 0.52743 -0.46297 0.18081
v 0.54042 -0.33173 0.12912
v 0.54042 -0.33173 0.12912
v 0.56697 -0.33966 0.06303
v 0.56697 -0.33966 0.06303
v 0.56697 -0.33966 0.06303
v 0.56697 -0.33966 0.06303
v 0.56697 -0.33966 0.06303
v 0.56697 -0.33966 0.06303
v 0.56102 -0.25260 -0.08854
v 0.56102 -0.25260 -0.08854
v 0.56102 -0.25260 -0.08854
v 0.56102 -0.25260 -0.08854
v 0.56102 -0.25260 -0.08854
v 0.56102 -0.25260 -0.08854
v 0.57755 -0.03966 -0.01468
v 0.57755 -0.03966 -0.01468
v 0.57624 -0.01907 -0.12446
v 0.57624 -0.01907 -0.12446
v 0.53849 0.11496 -0.25979
v 0.52602 0.17873 -0.21734
v 0.52602 0.17873 -0.21734
v 0.56870 0.21428 -0.17040
v 0.56870 0.21428 -0.17040
v 0.53763 -0.87661 0.08554
v 0.53763 -0.87661 0.08554
v 0.58300 -0.37059 0.07040
v 0.54803 -0.19367 0.03456
v 0.54803 -0.19367 0.03456
v 0.55005 -0.17229 0.03134
v 0.55005 -0.17229 0.03134
v 0.54960 -0.11775 0.00929
v 0.53409 -0.00069 -0.08811
v 0.53409 -0.00069 -0.08811
v 0.56142 0.49439 -0.05766
v 0.56142 0.49439 -0.05766
v 0.58214 -0.92924 0.11274
v 0.58214 -0.92924 0.11274
v 0.54698 -0.34823 0.02535
v 0.54698 -0.34823 0.02535
v 0.53321 -0.29601 0.02550
v 0.53321 -0.29601 0.02550
v 0.53321 -0.29601 0.02550
v 0.53321 -0.29601 0.02550
v 0.53321 -0.30339 -0.00203
v 0.53321 -0.30339 -0.00203
v 0.54760 -0.30499 0.08921
v 0.54760 -0.30499 0.08921
v 0.56977 -0.24684 0.08466
v 0.56977 -0.24684 0.08466
v 0.56977 -0.24684 0.08466
v 0.56977 -0.24684 0.08466
v 0.53754 -0.26683 0.06076
v 0.53754 -0.26683 0.06076
v 0.54494 -0.26302 -0.00427
v 0.55852 -0.18295 -0.12693
v 0.59946 -0.11203 -0.13855
v 0.57056 -0.10300 0.01433
v 0.57056 -0.10300 0.01433
v 0.54082 0.13183 -0.23066
v 0.54860 0.15492 -0.23096
v 0.53409 0.20891 -0.19583
v 0.53409 0.20891 -0.19583
v 0.62489 0.69021 -0.09651
v 0.62489 0.69021 -0.09651
v 0.56461 -0.42673 0.14582
v 0.56461 -0.42673 0.14582
v 0.63641 -0.29293 0.11849
v 0.63641 -0.29293 0.11849
v 0.63641 -0.29293 0.11849
v 0.55543 -0.28097 -0.04643
v 0.55543 -0.28097 -0.04643
v 0.55543 -0.28097 -0.04643
v 0.55474 -0.25129 0.03356
v 0.55474 -0.25129 0.03356
v 0.59528 -0.24551 -0.11376
v 0.59528 -0.24551 -0.11376
v 0.59164 -0.15923 0.04340
v 0.59164 -0.15923 0.04340
v 0.59164 -0.15923 0.04340
v 0.57539 -0.05831 -0.15601
v 0.56435 -0.88878 0.11001
v 0.56435 -0.88878 0.11001
v 0.56437 -0.35325 0.05266
v 0.56437 -0.35325 0.05266
v 0.56437 -0.35325 0.05266
v 0.61288 -0.31747 -0.06121
v 0.61288 -0.31747 -0.06121
v 0.56887 -0.28884 0.10220
v 0.56887 -0.28884 0.10220
v 0.58912 -0.26154 0.11499
v 0.58912 -0.26154 0.11499
v 0.58181 -0.26395 -0.07181
v 0.58181 -0.26395 -0.07181
v 0.61795 -0.21470 0.08593
v 0.61795 -0.21470 0.08593
v 0.61795 -0.21470 0.08593
v 0.59492 0.17336 -0.18281
v 0.59492 0.17336 -0.18281
v 0.66165 0.66692 -0.10896
v 0.59000 -0.93685 0.12615
v 0.59000 -0.93685 0.12615
v 0.57184 -0.90191 0.07923
v 0.60505 -0.39789 0.14029
v 0.60505 -0.39789 0.14029
v 0.60505 -0.39789 0.14029
v 0.58326 -0.35563 0.01678
v 0.58326 -0.35563 0.01678
v 0.56847 -0.32633 0.04538
v 0.56847 -0.32633 0.04538
v 0.56847 -0.32633 0.04538
v 0.56847 -0.32633 0.04538
v 0.60149 -0.18298 -0.14493
v 0.60008 -0.01251 -0.11241
v 0.68670 0.72291 -0.08225
v 0.68670 0.72291 -0.08225
v 0.58241 -0.90516 0.08576
v 0.58241 -0.90516 0.08576
v 0.58241 -0.90516 0.08576
v 0.61514 -0.35805 -0.01229
v 0.57180 -0.36080 0.04210
v 0.57180 -0.36080 0.04210
v 0.64968 -0.38230 0.18155
v 0.64968 -0.38230 0.18155
v 0.64968 -0.38230 0.18155
v 0.64968 -0.38230 0.18155
v 0.64968 -0.38230 0.18155
v 0.57501 -0.24487 0.09965
v 0.57501 -0.24487 0.09965
v 0.57501 -0.24487 0.09965
v 0.60239 0.22984 -0.20217
v 0.60239 0.22984 -0.20217
v 0.59701 0.55151 -0.05991
v 0.59701 0.55151 -0.05991
v 0.62613 -0.37088 0.06119
v 0.62613 -0.37088 0.06119
v 0.59839 0.19926 -0.17799
v 0.62882 0.59368 -0.09593
v 0.62882 0.59368 -0.09593
v 0.61300 -0.26964 0.10735
v 0.65075 -0.10698 -0.02589
v 0.65075 -0.10698 -0.02589
v 0.65075 -0.10698 -0.02589
v 0.63127 0.67119 -0.04740
v 0.63127 0.67119 -0.04740
v 0.63127 0.67119 -0.04740
v 0.63127 0.67119 -0.04740
v 0.63127 0.67119 -0.04740
v 0.63127 0.67119 -0.04740
v 0.62685 -0.38503 0.01636
v 0.62463 0.21065 -0.22622
v 0.62463 0.21065 -0.22622
v 0.62463 0.21065 -0.22622
v 0.60341 0.53016 -0.06043
v 0.60341 0.53016 -0.06043
v 0.64114 -0.25440 0.11900
v 0.64114 -0.25440 0.11900
v 0.64114 -0.25440 0.11900
v 0.64114 -0.25440 0.11900
v 0.61838 -0.10538 0.03586
v 0.61838 -0.10538 0.03586
v 0.63570 0.20469 -0.19028
v 0.63570 0.20469 -0.19028
v 0.63570 0.20469 -0.19028
v 0.63570 0.20469 -0.19028
v 0.63815 -0.51740 -0.00221
v 0.63815 -0.51740 -0.00221
v 0.63815 -0.51740 -0.00221
v 0.61552 -0.53485 -0.00950
v 0.61552 -0.53485 -0.00950
v 0.61552 -0.53485 -0.00950
v 0.61003 -0.54356 0.00385
v 0.61003 -0.54356 0.00385
v 0.63060 -0.42359 0.10307
v 0.63060 -0.42359 0.10307
v 0.66971 -0.25222 -0.07571
v 0.66971 -0.25222 -0.07571
v 0.65382 -0.25788 0.10559
v 0.65382 -0.25788 0.10559
v 0.65382 -0.25788 0.10559
v 0.64155 -0.21946 -0.11278
v 0.64155 -0.21946 -0.11278
v 0.64155 -0.21946 -0.11278
v 0.64155 -0.21946 -0.11278
v 0.64052 -0.14741 -0.10436
v 0.64052 -0.14741 -0.10436
v 0.64226 -0.10596 -0.04480
v 0.64226 -0.10596 -0.04480
v 0.63153 -0.53834 0.00559
v 0.63153 -0.53834 0.00559
v 0.64666 -0.54014 -0.02426
v 0.64666 -0.54014 -0.02426
v 0.64666 -0.54014 -0.02426
v 0.67642 -0.14639 -0.11519
v 0.67642 -0.14639 -0.11519
v 0.65858 -0.21043 0.06647
v 0.63845 -0.51185 0.20170
v 0.63845 -0.51185 0.20170
v 0.63049 -0.50174 0.17057
v 0.63049 -0.50174 0.17057
v 0.61647 -0.55335 0.16286
v 0.61647 -0.55335 0.16286
v 0.68946 -0.43611 -0.02209
v 0.68946 -0.43611 -0.02209
v 0.68946 -0.43611 -0.02209
v 0.64300 -0.35773 -0.04634
v 0.64300 -0.35773 -0.04634
v 0.63919 -0.31045 0.13913
v 0.63919 -0.31045 0.13913
v 0.63919 -0.31045 0.13913
v 0.63919 -0.31045 0.13913
v 0.65111 -0.32000 0.17393
v 0.65111 -0.32000 0.17393
v 0.63605 -0.58666 0.07672
v 0.63605 -0.58666 0.07672
v 0.63605 -0.58666 0.07672
v 0.64174 -0.61727 0.08803
v 0.64174 -0.61727 0.08803
v 0.64597 -0.57371 0.11845
v 0.64597 -0.57371 0.11845
v 0.64597 -0.57371 0.11845
v 0.64576 -0.55036 0.02758
v 0.64576 -0.55036 0.02758
v 0.68082 -0.49596 0.14868
v 0.68082 -0.49596 0.14868
v 0.68082 -0.49596 0.14868
v 0.64271 -0.50076 0.15724
v 0.64271 -0.50076 0.15724
v 0.68109 -0.42612 0.04104
v 0.68109 -0.42612 0.04104
v 0.68109 -0.42612 0.04104
v 0.68109 -0.42612 0.04104
v 0.68109 -0.42612 0.04104
v 0.68589 -0.34599 -0.05073
v 0.68589 -0.34599 -0.05073
v 0.68589 -0.34599 -0.05073
v 0.64954 0.18544 -0.21758
v 0.64954 0.18544 -0.21758
v 0.64954 0.18544 -0.21758
v 0.64100 0.18117 -0.24427
v 0.64100 0.18117 -0.24427
v 0.64100 0.18117 -0.24427
v 0.64478 0.61314 -0.07376
v 0.64478 0.61314 -0.07376
v 0.64533 0.68133 -0.04277
v 0.64533 0.68133 -0.04277
v 0.64533 0.68133 -0.04277
v 0.64533 0.68133 -0.04277
v 0.68525 -0.55016 0.00548
v 0.66629 -0.44180 0.12915
v 0.66629 -0.44180 0.12915
v 0.66629 -0.44180 0.12915
v 0.66032 -0.45028 0.18842
v 0.64895 -0.31120 -0.06573
v 0.64895 -0.31120 -0.06573
v 0.67114 -0.24391 0.08123
v 0.65951 -0.13039 -0.01495
v 0.65951 -0.13039 -0.01495
v 0.65054 0.16209 -0.23424
v 0.65054 0.16209 -0.23424
v 0.65965 0.68792 -0.05100
v 0.65965 0.68792 -0.05100
v 0.65965 0.68792 -0.05100
v 0.68551 -0.50999 0.19408
v 0.68551 -0.50999 0.19408
v 0.67914 -0.48682 0.01988
v 0.67914 -0.48682 0.01988
v 0.67914 -0.48682 0.01988
v 0.67914 -0.48682 0.01988
v 0.66591 -0.25036 0.09849
v 0.66591 -0.25036 0.09849
v 0.68037 -0.21574 0.01412
v 0.68539 -0.17163 -0.04079
v 0.68539 -0.17163 -0.04079
v 0.68539 -0.17163 -0.04079
v 0.67928 0.68801 -0.06541
v 0.67928 0.68801 -0.06541
v 0.67928 0.68801 -0.06541
v 0.67928 0.68801 -0.06541
v 0.66921 -0.53151 0.09762
v 0.66921 -0.53151 0.09762
v 0.68596 -0.34219 0.14107
v 0.68596 -0.34219 0.14107
v 0.68596 -0.34219 0.14107
v 0.70124 -0.27609 0.07599
v 0.70124 -0.27609 0.07599
v 0.67942 -0.10936 -0.04721
v 0.67942 -0.10936 -0.04721
v 0.75196 -0.55274 0.09692
v 0.75196 -0.55274 0.09692
v 0.68858 -0.58454 0.07519
v 0.68858 -0.58454 0.07519
v 0.68054 -0.49849 0.10519
v 0.68054 -0.49849 0.10519
v 0.68054 -0.49849 0.10519
v 0.69664 -0.44595 0.13192
v 0.69664 -0.44595 0.13192
v 0.69015 -0.26526 -0.04353
v 0.69938 -0.29680 -0.04908
v 0.69938 -0.29680 -0.04908
v 0.69938 -0.29680 -0.04908
v 0.68232 -0.18348 -0.06937
v 0.67852 0.69643 -0.06462
v 0.67852 0.69643 -0.06462
v 0.71825 -0.50662 0.04578
v 0.71825 -0.50662 0.04578
v 0.69648 -0.42775 0.13000
v 0.69648 -0.42775 0.13000
v 0.70031 -0.38787 -0.02594
v 0.70031 -0.38787 -0.02594
v 0.70031 -0.38787 -0.02594
v 0.70031 -0.38787 -0.02594
v 0.70031 -0.38787 -0.02594
v 0.70031 -0.38787 -0.02594
v 0.70278 -0.45856 0.19649
v 0.70278 -0.45856 0.19649
v 0.71292 -0.32468 -0.01208
v 0.71292 -0.32468 -0.01208
v 0.69215 -0.24731 0.02718
v 0.69215 -0.24731 0.02718
v 0.70207 -0.37184 -0.01942
v 0.73464 -0.35807 0.13259
v 0.73464 -0.35807 0.13259
v 0.73464 -0.35807 0.13259
v 0.73464 -0.35807 0.13259
v 0.73792 -0.47084 0.13446
v 0.73792 -0.47084 0.13446
v 0.70338 -0.27952 0.03958
v 0.71618 0.70781 -0.10109
v 0.71618 0.70781 -0.10109
v 0.71618 0.70781 -0.10109
v 0.71618 0.70781 -0.10109
v 0.71618 0.70781 -0.10109
v 0.71910 -0.52013 0.06840
v 0.71910 -0.52013 0.06840
v 0.73062 -0.49506 0.06804
v 0.73062 -0.49506 0.06804
v 0.73062 -0.49506 0.06804
v 0.71425 -0.37588 0.11364
v 0.71425 -0.37588 0.11364
v 0.74439 -0.41880 -0.01343
v 0.74439 -0.41880 -0.01343
v 0.74487 -0.50566 0.13833
v 0.73680 -0.49434 -0.01224
v 0.73680 -0.49434 -0.01224
v 0.71963 -0.41970 0.05437
v 0.71963 -0.41970 0.05437
v 0.71963 -0.41970 0.05437
v 0.72395 -0.37329 0.10180
v 0.73054 -0.33531 0.01579
v 0.73054 -0.33531 0.01579
v 0.71589 -0.30606 0.05042
v 0.71589 -0.30606 0.05042
v 0.72036 -0.32607 0.05462
v 0.72036 -0.32607 0.05462
v 0.72191 -0.31390 0.06623
v 0.72191 -0.31390 0.06623
v 0.74389 -0.33507 -0.02895
v 0.74389 -0.33507 -0.02895
v 0.74389 -0.33507 -0.02895
v 0.73266 -0.28977 0.01425
v 0.74018 -0.28745 -0.04804
v 0.74018 -0.28745 -0.04804
v 0.74018 -0.28745 -0.04804
v 0.76854 -0.49065 0.08314
v 0.76854 -0.49065 0.08314
v 0.76854 -0.49065 0.08314
v 0.74049 -0.30716 -0.06787
v 0.74049 -0.30716 -0.06787
v 0.75357 -0.50259 0.02663
v 0.75357 -0.50259 0.02663
v 0.75357 -0.50259 0.02663
v 0.75357 -0.50259 0.02663
v 0.74284 -0.42229 0.01801
v 0.74284 -0.42229 0.01801
v 0.74284 -0.42229 0.01801
v 0.74284 -0.42229 0.01801
v 0.73338 -0.39894 0.07905
v 0.73338 -0.39894 0.07905
v 0.74977 -0.49451 0.12869
v 0.74977 -0.49451 0.12869
v 0.75850 -0.41822 0.02902
v 0.75850 -0.41822 0.02902
v 0.75581 -0.38023 0.08305
v 0.74146 -0.38715 0.00572
v 0.77539 -0.29183 -0.07619
v 0.77539 -0.29183 -0.07619
v 0.77184 -0.28533 -0.04739
v 0.77184 -0.28533 -0.04739
v 0.77184 -0.28533 -0.04739
vt 0.77398 0.51360
vt 0.16539 0.50835
vt 0.77055 0.51080
vt 0.16883 0.50556
vt 0.89877 0.18311
vt 0.75622 0.50964
vt 0.18317 0.50439
vt 0.76022 0.50910
vt 0.17917 0.50387
vt 0.90253 0.18250
vt 0.91536 0.18215
vt 0.73962 0.50675
vt 0.93965 0.18027
vt 0.71533 0.50721
vt 0.78636 0.51803
vt 0.15303 0.51279
vt 0.78376 0.51933
vt 0.15561 0.51408
vt 0.73957 0.51859
vt 0.89795 0.16869
vt 0.18235 0.51182
vt 0.85240 0.06104
vt 0.80108 0.52575
vt 0.13831 0.52052
vt 0.84993 0.05740
vt 0.13541 0.52299
vt 0.78538 0.54409
vt 0.90340 0.17252
vt 0.18781 0.50753
vt 0.74017 0.52618
vt 0.19922 0.52093
vt 0.75009 0.53466
vt 0.18929 0.52943
vt 0.93034 0.17252
vt 0.21474 0.50898
vt 0.93750 0.17461
vt 0.71748 0.51087
vt 0.22191 0.50564
vt 0.83642 0.04668
vt 0.12811 0.53649
vt 0.20116 0.51453
vt 0.76254 0.54032
vt 0.77270 0.54820
vt 0.16669 0.54296
vt 0.54221 0.14253
vt 0.64756 0.51565
vt 0.63102 0.51276
vt 0.54150 0.15447
vt 0.64349 0.50372
vt 0.16210 0.52149
vt 0.76562 0.54583
vt 0.17375 0.54060
vt 0.29737 0.08154
vt 0.07245 0.11269
vt 0.64094 0.52129
vt 0.82061 0.54493
vt 0.52451 0.21436
vt 0.49464 0.13867
vt 0.54910 0.13426
vt 0.06792 0.10364
vt 0.50726 0.14916
vt 0.65000 0.52392
vt 0.51415 0.20948
vt 0.49950 0.13823
vt 0.81732 0.55822
vt 0.50126 0.15196
vt 0.81781 0.54684
vt 0.12158 0.54160
vt 0.52732 0.20110
vt 0.63746 0.50259
vt 0.81488 0.55746
vt 0.18547 0.52767
vt 0.73715 0.11502
vt 0.13979 0.21436
vt 0.61994 0.49726
vt 0.63104 0.49953
vt 0.16529 0.20664
vt 0.64544 0.48928
vt 0.62026 0.52201
vt 0.55375 0.15346
vt 0.17568 0.20697
vt 0.65583 0.50471
vt 0.81437 0.56118
vt 0.50356 0.15492
vt 0.81186 0.56771
vt 0.51084 0.16146
vt 0.80928 0.56187
vt 0.13318 0.54072
vt 0.53892 0.19976
vt 0.15140 0.53056
vt 0.17865 0.52345
vt 0.52277 0.19083
vt 0.51815 0.14504
vt 0.64038 0.50094
vt 0.78662 0.56033
vt 0.15277 0.55509
vt 0.16799 0.53960
vt 0.72415 0.11589
vt 0.12842 0.20136
vt 0.14350 0.20449
vt 0.15367 0.20101
vt 0.73426 0.10881
vt 0.61370 0.50346
vt 0.56269 0.13466
vt 0.05432 0.10202
vt 0.31707 0.06218
vt 0.87353 0.01709
vt 0.97510 0.02127
vt 0.61813 0.02393
vt 0.52209 0.16561
vt 0.72776 0.19042
vt 0.63355 0.54099
vt 0.72184 0.19495
vt 0.62762 0.54774
vt 0.30605 0.06909
vt 0.06001 0.11670
vt 0.08695 0.03369
vt 0.13672 0.55045
vt 0.54246 0.19261
vt 0.16727 0.53661
vt 0.14984 0.19528
vt 0.60807 0.53518
vt 0.79274 0.56721
vt 0.55239 0.19324
vt 0.73242 0.18407
vt 0.79884 0.57763
vt 0.27979 0.01061
vt 0.98271 0.01675
vt 0.51757 0.17139
vt 0.72198 0.18590
vt 0.62776 0.54859
vt 0.79606 0.56139
vt 0.14333 0.55615
vt 0.54907 0.18839
vt 0.27198 0.05420
vt 0.16820 0.19925
vt 0.64308 0.35439
vt 0.59098 0.52074
vt 0.53436 0.18102
vt 0.52796 0.15227
vt 0.74110 0.19629
vt 0.31046 0.06601
vt 0.88014 0.01065
vt 0.08252 0.03064
vt 0.30327 0.03760
vt 0.51826 0.15917
vt 0.71312 0.12659
vt 0.46868 0.12387
vt 0.14069 0.19033
vt 0.05014 0.11402
vt 0.09332 0.03101
vt 0.29248 0.03081
vt 0.52505 0.15952
vt 0.13799 0.55387
vt 0.54372 0.18761
vt 0.28180 0.01221
vt 0.72392 0.18430
vt 0.79391 0.57488
vt 0.28472 0.00929
vt 0.72473 0.18720
vt 0.71917 0.11853
vt 0.46365 0.13194
vt 0.71127 0.10134
vt 0.59754 0.51095
vt 0.65808 0.40520
vt 0.93603 0.29503
vt 0.87916 0.01089
vt 0.30425 0.03563
vt 0.52023 0.15941
vt 0.54389 0.18523
vt 0.55625 0.18039
vt 0.73686 0.19692
vt 0.79345 0.32081
vt 0.09088 0.34879
vt 0.78746 0.40870
vt 0.07340 0.35343
vt 0.76999 0.40664
vt 0.79615 0.31072
vt 0.08138 0.35886
vt 0.27799 0.04761
vt 0.16837 0.19324
vt 0.21604 0.02025
vt 0.60240 0.53594
vt 0.21018 0.01967
vt 0.59654 0.53913
vt 0.98314 0.02197
vt 0.61743 0.01588
vt 0.72563 0.19110
vt 0.63140 0.54902
vt 0.56172 0.18366
vt 0.72984 0.19365
vt 0.46523 0.12720
vt 0.13724 0.19249
vt 0.71164 0.11473
vt 0.64468 0.39480
vt 0.57317 0.14026
vt 0.26432 0.04648
vt 0.36768 0.03105
vt 0.85595 0.02588
vt 0.42976 0.06201
vt 0.57453 0.13480
vt 0.04248 0.11077
vt 0.53271 0.15627
vt 0.25885 0.05811
vt 0.67050 0.35987
vt 0.58775 0.53544
vt 0.20557 0.02783
vt 0.59193 0.54170
vt 0.70556 0.19986
vt 0.36201 0.09718
vt 0.61135 0.55290
vt 0.48339 0.25147
vt 0.15505 0.18097
vt 0.64131 0.36754
vt 0.71615 0.12457
vt 0.45509 0.12590
vt 0.16315 0.18412
vt 0.63885 0.35944
vt 0.58834 0.52146
vt 0.30443 0.02393
vt 0.60664 0.54853
vt 0.54505 0.17864
vt 0.60986 0.01755
vt 0.73378 0.19867
vt 0.79551 0.30114
vt 0.07561 0.36844
vt 0.81611 0.31089
vt 0.47161 0.26184
vt 0.76374 0.38604
vt 0.14897 0.17581
vt 0.63796 0.37362
vt 0.53370 0.14218
vt 0.24952 0.04401
vt 0.85832 0.02341
vt 0.75119 0.20203
vt 0.35531 0.11000
vt 0.59854 0.55898
vt 0.36481 0.11128
vt 0.59724 0.55140
vt 0.83642 0.03955
vt 0.80040 0.30452
vt 0.71260 0.13135
vt 0.45830 0.11913
vt 0.70782 0.20078
vt 0.69517 0.38915
vt 0.47852 0.25055
vt 0.30127 0.01762
vt 0.36262 0.10506
vt 0.60346 0.55483
vt 0.46925 0.25838
vt 0.76612 0.38946
vt 0.45631 0.10190
vt 0.59228 0.08545
vt 0.75244 0.08838
vt 0.61083 0.39428
vt 0.43702 0.12418
vt 0.63311 0.41358
vt 0.44138 0.10575
vt 0.61469 0.40920
vt 0.70556 0.11717
vt 0.45415 0.13330
vt 0.64224 0.39643
vt 0.57617 0.15674
vt 0.28669 0.04871
vt 0.16847 0.18454
vt 0.64857 0.35412
vt 0.59078 0.51417
vt 0.94009 0.30179
vt 0.58483 0.52073
vt 0.87723 0.09326
vt 0.94324 0.30774
vt 0.73004 0.20507
vt 0.69667 0.36692
vt 0.74548 0.08205
vt 0.58306 0.54791
vt 0.30278 0.01674
vt 0.60499 0.55570
vt 0.80261 0.28998
vt 0.06429 0.37960
vt 0.46603 0.12120
vt 0.13803 0.18566
vt 0.72314 0.08614
vt 0.57499 0.52557
vt 0.94295 0.31759
vt 0.35171 0.09366
vt 0.48392 0.24117
vt 0.83919 0.03607
vt 0.80386 0.30336
vt 0.84895 0.02995
vt 0.80998 0.30381
vt 0.46471 0.10906
vt 0.13671 0.17974
vt 0.76127 0.08122
vt 0.61801 0.38589
vt 0.46973 0.12110
vt 0.14174 0.18039
vt 0.65679 0.37571
vt 0.66404 0.37652
vt 0.50243 0.01086
vt 0.66758 0.35781
vt 0.67442 0.37012
vt 0.66893 0.37830
vt 0.68675 0.37665
vt 0.47012 0.23975
vt 0.72575 0.09033
vt 0.57719 0.52818
vt 0.94714 0.31539
vt 0.81036 0.28638
vt 0.05319 0.38320
vt 0.65510 0.36614
vt 0.64993 0.37870
vt 0.64382 0.38305
vt 0.66099 0.36651
vt 0.66569 0.39832
vt 0.95070 0.28815
vt 0.65611 0.37383
vt 0.94696 0.29587
vt 0.57839 0.14377
vt 0.77783 0.02100
vt 0.50448 0.01221
vt 0.37290 0.03857
vt 0.66154 0.35578
vt 0.34733 0.11279
vt 0.59573 0.56100
vt 0.41697 0.03467
vt 0.49149 0.23677
vt 0.58734 0.55482
vt 0.04805 0.38306
vt 0.74662 0.38607
vt 0.78206 0.01997
vt 0.50550 0.00938
vt 0.53368 0.01318
vt 0.25962 0.01904
vt 0.65731 0.35474
vt 0.78489 0.01344
vt 0.37996 0.03102
vt 0.54022 0.00894
vt 0.44031 0.06200
vt 0.26958 0.01221
vt 0.25537 0.01253
vt 0.65447 0.34823
vt 0.67123 0.39329
vt 0.45460 0.23821
vt 0.95044 0.28312
vt 0.86577 0.02200
vt 0.42335 0.05814
vt 0.75261 0.20948
vt 0.26709 0.00835
vt 0.67422 0.35613
vt 0.56721 0.55023
vt 0.94952 0.32537
vt 0.56936 0.55245
vt 0.61077 0.07527
vt 0.77092 0.07900
vt 0.62022 0.38410
vt 0.14070 0.17356
vt 0.63479 0.38189
vt 0.53539 0.01070
vt 0.25713 0.01733
vt 0.87060 0.09067
vt 0.94777 0.30515
vt 0.74458 0.21334
vt 0.68399 0.35239
vt 0.57635 0.56248
vt 0.34453 0.10056
vt 0.48621 0.23398
vt 0.62303 0.40407
vt 0.75174 0.21436
vt 0.27198 0.00920
vt 0.66310 0.34522
vt 0.67874 0.38621
vt 0.46210 0.23616
vt 0.82643 0.30437
vt 0.48377 0.26838
vt 0.61358 0.07738
vt 0.61579 0.38621
vt 0.63766 0.39538
vt 0.63113 0.39811
vt 0.77333 0.06691
vt 0.63232 0.39168
vt 0.56500 0.55161
vt 0.58453 0.56744
vt 0.40577 0.02823
vt 0.57142 0.57568
vt 0.42510 0.14890
vt 0.58082 0.56818
vt 0.42968 0.13948
vt 0.81942 0.29955
vt 0.61508 0.39406
vt 0.67214 0.39089
vt 0.45550 0.23615
vt 0.45626 0.23632
vt 0.46810 0.23534
vt 0.59115 0.56765
vt 0.41238 0.02803
vt 0.55648 0.56495
vt 0.42487 0.16384
vt 0.13222 0.42194
vt 0.82780 0.29033
vt 0.90625 0.22719
vt 0.88003 0.07330
vt 0.95828 0.28779
vt 0.45725 0.23108
vt 0.95756 0.27599
vt 0.96037 0.30312
vt 0.96661 0.31962
vt 0.56541 0.53765
vt 0.95814 0.32717
vt 0.33936 0.08971
vt 0.47385 0.22882
vt 0.58224 0.57665
vt 0.50715 0.22856
vt 0.41804 0.13808
vt 0.80583 0.20792
vt 0.55322 0.55253
vt 0.95869 0.33936
vt 0.11978 0.42737
vt 0.33838 0.09645
vt 0.47797 0.22785
vt 0.49552 0.22770
vt 0.42260 0.15259
vt 0.14025 0.42422
vt 0.12792 0.42504
vt 0.45826 0.22684
vt 0.96181 0.28342
vt 0.80641 0.27785
vt 0.05365 0.39174
vt 0.82007 0.27263
vt 0.56960 0.26084
vt 0.82327 0.29335
vt 0.59031 0.26416
vt 0.90478 0.23172
vt 0.46465 0.22229
vt 0.96635 0.28589
vt 0.96762 0.33658
vt 0.11495 0.43632
vt 0.58561 0.57481
vt 0.50530 0.22904
vt 0.81334 0.25856
vt 0.53315 0.08154
vt 0.03731 0.41103
vt 0.03285 0.37736
vt 0.21311 0.17389
vt 0.84981 0.36577
vt 0.19770 0.16887
vt 0.21730 0.16020
vt 0.72503 0.49952
vt 0.76025 0.20948
vt 0.97575 0.31189
vt 0.50394 0.22695
vt 0.80261 0.20085
vt 0.41570 0.16049
vt 0.14716 0.43111
vt 0.84131 0.28058
vt 0.50405 0.29215
vt 0.91304 0.21369
vt 0.48312 0.21341
vt 0.78178 0.18882
vt 0.40426 0.13773
vt 0.51156 0.35514
vt 0.41167 0.15924
vt 0.50335 0.26593
vt 0.73201 0.37415
vt 0.96211 0.29871
vt 0.47272 0.21700
vt 0.97165 0.28730
vt 0.40613 0.16748
vt 0.08522 0.55369
vt 0.15711 0.44068
vt 0.50437 0.28284
vt 0.97484 0.30602
vt 0.96902 0.33634
vt 0.10993 0.43771
vt 0.40508 0.13115
vt 0.79683 0.20099
vt 0.50091 0.35596
vt 0.58215 0.25435
vt 0.91460 0.23487
vt 0.97946 0.32885
vt 0.41846 0.41791
vt 0.10889 0.44814
vt 0.24561 0.11174
vt 0.84894 0.34281
vt 0.74380 0.49277
vt 0.25003 0.10251
vt 0.84451 0.34467
vt 0.22332 0.17160
vt 0.84291 0.35557
vt 0.73106 0.48675
vt 0.39446 0.15485
vt 0.09026 0.54107
vt 0.82136 0.26532
vt 0.54118 0.07501
vt 0.49757 0.04309
vt 0.03079 0.40426
vt 0.56229 0.25197
vt 0.91879 0.22972
vt 0.19669 0.15918
vt 0.70443 0.47964
vt 0.25518 0.11182
vt 0.74066 0.48321
vt 0.47510 0.20746
vt 0.77379 0.19156
vt 0.98119 0.29400
vt 0.44147 0.43195
vt 0.13190 0.45251
vt 0.39989 0.16539
vt 0.08385 0.55160
vt 0.52099 0.06709
vt 0.02286 0.40710
vt 0.25946 0.10481
vt 0.19940 0.17279
vt 0.84182 0.37948
vt 0.97798 0.31469
vt 0.51023 0.35409
vt 0.39112 0.14360
vt 0.10115 0.52982
vt 0.50715 0.34199
vt 0.02588 0.39123
vt 0.01855 0.37752
vt 0.71514 0.39362
vt 0.83775 0.35996
vt 0.72667 0.48159
vt 0.83931 0.37201
vt 0.51348 0.28722
vt 0.72187 0.35346
vt 0.71431 0.38708
vt 0.19152 0.17432
vt 0.83438 0.38737
vt 0.26087 0.09247
vt 0.83366 0.35271
vt 0.77882 0.20282
vt 0.98293 0.30526
vt 0.42649 0.39432
vt 0.48292 0.34609
vt 0.07610 0.55296
vt 0.16623 0.45196
vt 0.92131 0.21247
vt 0.97705 0.04657
vt 0.92883 0.20609
vt 0.79130 0.20319
vt 0.49538 0.35450
vt 0.43160 0.39431
vt 0.48801 0.34646
vt 0.50446 0.05698
vt 0.02788 0.41117
vt 0.51015 0.05713
vt 0.02513 0.41685
vt 0.02792 0.41761
vt 0.54894 0.24910
vt 0.51501 0.94556
vt 0.56468 0.23795
vt 0.93100 0.22835
vt 0.52889 0.29834
vt 0.70646 0.33768
vt 0.93788 0.19052
vt 0.49258 0.89973
vt 0.82791 0.36584
vt 0.42593 0.42075
vt 0.11635 0.46136
vt 0.92406 0.22280
vt 0.26188 0.10820
vt 0.74054 0.47651
vt 0.18314 0.16313
vt 0.75927 0.04681
vt 0.82675 0.39574
vt 0.69088 0.47059
vt 0.98857 0.31577
vt 0.42171 0.40484
vt 0.72107 0.36640
vt 0.26827 0.11005
vt 0.82626 0.34757
vt 0.73904 0.47012
vt 0.27282 0.09480
vt 0.82171 0.35647
vt 0.46085 0.44092
vt 0.15129 0.46789
vt 0.06258 0.54301
vt 0.55084 0.22890
vt 0.51312 0.93629
vt 0.18311 0.16896
vt 0.76510 0.04372
vt 0.82983 0.39577
vt 0.08425 0.52242
vt 0.52407 0.33700
vt 0.86192 0.09717
vt 0.04598 0.52052
vt 0.86352 0.09113
vt 0.04906 0.51893
vt 0.61291 0.12966
vt 0.04373 0.51070
vt 0.60114 0.33179
vt 0.84710 0.09366
vt 0.85573 0.09650
vt 0.04097 0.52671
vt 0.84211 0.09644
vt 0.04057 0.54032
vt 0.00342 0.42823
vt 0.48292 0.14827
vt 0.52561 0.94569
vt 0.53661 0.22173
vt 0.52732 0.93765
vt 0.00604 0.41881
vt 0.48554 0.16358
vt 0.51621 0.96100
vt 0.70414 0.38349
vt 0.47262 0.94554
vt 0.77388 0.04834
vt 0.82521 0.39500
vt 0.82492 0.37148
vt 0.44549 0.40296
vt 0.50190 0.33671
vt 0.45100 0.42997
vt 0.14142 0.46119
vt 0.93213 0.11084
vt 0.06835 0.52676
vt 0.53997 0.33626
vt 0.03560 0.51406
vt 0.60928 0.33439
vt 0.03204 0.53538
vt 0.94617 0.21601
vt 0.49592 0.92522
vt 0.70527 0.37047
vt 0.47260 0.93252
vt 0.58474 0.07515
vt 0.81416 0.39976
vt 0.68687 0.45800
vt 0.81764 0.36762
vt 0.35467 0.48652
vt 0.63873 0.99658
vt 0.37003 0.50610
vt 0.37577 0.49737
vt 0.61762 0.99043
vt 0.62754 0.99118
vt 0.06438 0.55128
vt 0.17795 0.46172
vt 0.06149 0.55511
vt 0.18083 0.46999
vt 0.60963 0.12306
vt 0.59788 0.33838
vt 0.06299 0.03363
vt 0.60652 0.13002
vt 0.59477 0.33141
vt 0.84031 0.09067
vt 0.03424 0.54214
vt 0.94891 0.20529
vt 0.51496 0.91450
vt 0.00604 0.39811
vt 0.38253 0.13436
vt 0.49551 0.95953
vt 0.00703 0.38888
vt 0.70361 0.39437
vt 0.48627 0.95642
vt 0.82100 0.34260
vt 0.82692 0.33431
vt 0.75230 0.47076
vt 0.35749 0.50588
vt 0.63560 0.98726
vt 0.84610 0.08867
vt 0.72961 0.65493
vt 0.57241 0.88867
vt 0.72650 0.64535
vt 0.57551 0.87909
vt 0.74925 0.64402
vt 0.55276 0.87776
vt 0.39608 0.06838
vt 0.53487 0.88675
vt 0.37745 0.07179
vt 0.44680 0.23639
vt 0.55351 0.89619
vt 0.68197 0.43607
vt 0.72361 0.45269
vt 0.82173 0.32764
vt 0.75897 0.46557
vt 0.52653 0.52630
vt 0.82188 0.33323
vt 0.52094 0.51809
vt 0.81350 0.35973
vt 0.74357 0.02295
vt 0.81665 0.37041
vt 0.39268 0.51954
vt 0.39326 0.52967
vt 0.40375 0.53680
vt 0.34986 0.50736
vt 0.44930 0.42293
vt 0.13973 0.47189
vt 0.08075 0.51891
vt 0.52757 0.33228
vt 0.16081 0.46658
vt 0.05644 0.55488
vt 0.18589 0.47135
vt 0.95912 0.09467
vt 0.07521 0.03110
vt 0.60558 0.14224
vt 0.05104 0.49976
vt 0.55727 0.32009
vt 0.43597 0.24549
vt 0.56260 0.90703
vt 0.75314 0.67228
vt 0.54887 0.90602
vt 0.37354 0.71611
vt 0.38724 0.07276
vt 0.54371 0.88959
vt 0.54290 0.89285
vt 0.52090 0.90050
vt 0.49842 0.89520
vt 0.53095 0.91362
vt 0.37508 0.72370
vt 0.47591 0.90019
vt 0.47877 0.89021
vt 0.47532 0.90707
vt 0.70483 0.34525
vt 0.48260 0.90730
vt 0.56765 0.07379
vt 0.81996 0.39840
vt 0.81759 0.40166
vt 0.68496 0.46143
vt 0.82011 0.39652
vt 0.39458 0.54287
vt 0.99449 0.37528
vt 0.38553 0.51220
vt 0.06006 0.16469
vt 0.38318 0.52636
vt 0.38097 0.53390
vt 0.13753 0.00638
vt 0.34453 0.52021
vt 0.80044 0.18116
vt 0.96143 0.18744
vt 0.98579 0.64920
vt 0.13330 0.01120
vt 0.34936 0.52131
vt 0.16585 0.14882
vt 0.99062 0.65029
vt 0.00342 0.75218
vt 0.13912 0.01221
vt 0.35036 0.52357
vt 0.93971 0.10492
vt 0.54652 0.33034
vt 0.86036 0.07874
vt 0.03627 0.52207
vt 0.84256 0.08605
vt 0.68246 0.05640
vt 0.03539 0.53988
vt 0.57224 0.09235
vt 0.83935 0.08588
vt 0.67529 0.05960
vt 0.02823 0.54308
vt 0.21102 0.79063
vt 0.02197 0.51063
vt 0.02795 0.53510
vt 0.63915 0.20868
vt 0.74310 0.64576
vt 0.01733 0.53545
vt 0.22191 0.79319
vt 0.02229 0.52673
vt 0.01697 0.52488
vt 0.74726 0.66273
vt 0.55476 0.89647
vt 0.55032 0.92145
vt 0.48539 0.05713
vt 0.75744 0.68017
vt 0.54456 0.91391
vt 0.37375 0.72399
vt 0.54194 0.89297
vt 0.54490 0.91359
vt 0.37836 0.72367
vt 0.07959 0.11133
vt 0.69287 0.06770
vt 0.52813 0.93297
vt 0.51194 0.89020
vt 0.99242 0.05518
vt 0.94983 0.21469
vt 0.51049 0.92390
vt 0.17823 0.01865
vt 0.46267 0.89950
vt 0.47172 0.89207
vt 0.22585 0.18604
vt 0.46465 0.91208
vt 0.18482 0.01946
vt 0.45653 0.89291
vt 0.81503 0.35329
vt 0.40523 0.52055
vt 0.06418 0.18441
vt 0.39872 0.51194
vt 0.06629 0.17789
vt 0.39193 0.50376
vt 0.06873 0.17108
vt 0.34089 0.51344
vt 0.33259 0.49143
vt 0.46874 0.43897
vt 0.15918 0.46809
vt 0.03957 0.54292
vt 0.59844 0.13095
vt 0.58669 0.33050
vt 0.06505 0.03662
vt 0.60557 0.13208
vt 0.68566 0.07373
vt 0.20064 0.78775
vt 0.57708 0.10657
vt 0.20299 0.79532
vt 0.68594 0.07160
vt 0.57177 0.10753
vt 0.20038 0.79001
vt 0.84782 0.08469
vt 0.04024 0.53463
vt 0.02348 0.50410
vt 0.62139 0.32876
vt 0.73608 0.64727
vt 0.02087 0.51374
vt 0.54827 0.92668
vt 0.41511 0.23473
vt 0.55184 0.92787
vt 0.47510 0.04517
vt 0.43795 0.23772
vt 0.74716 0.67131
vt 0.55485 0.90504
vt 0.48725 0.13104
vt 0.53465 0.92847
vt 0.65716 0.21143
vt 0.76110 0.64297
vt 0.54092 0.87671
vt 0.67129 0.20999
vt 0.52679 0.87112
vt 0.10748 0.10639
vt 0.51301 0.90506
vt 0.98433 0.05176
vt 0.94215 0.21128
vt 0.56570 0.22606
vt 0.94289 0.23174
vt 0.49825 0.94095
vt 0.18705 0.02393
vt 0.45824 0.89070
vt 0.46693 0.93152
vt 0.46577 0.93822
vt 0.73533 0.45422
vt 0.80282 0.34989
vt 0.50430 0.52213
vt 0.73681 0.01762
vt 0.81132 0.36374
vt 0.42080 0.54459
vt 0.39419 0.54536
vt 0.99260 0.37488
vt 0.38215 0.54716
vt 0.98732 0.36283
vt 0.39068 0.50549
vt 0.49441 0.47826
vt 0.07489 0.16985
vt 0.60272 0.97357
vt 0.37946 0.53162
vt 0.50878 0.46534
vt 0.01384 0.72198
vt 0.61564 0.97432
vt 0.32943 0.51565
vt 0.77881 0.10791
vt 0.96599 0.19606
vt 0.47620 0.43044
vt 0.16663 0.48757
vt 0.59333 0.32393
vt 0.00964 0.01144
vt 0.71533 0.64892
vt 0.58668 0.88266
vt 0.00342 0.01221
vt 0.72233 0.65513
vt 0.57967 0.88887
vt 0.00467 0.01082
vt 0.72100 0.65389
vt 0.58102 0.88763
vt 0.03352 0.54322
vt 0.57514 0.09567
vt 0.72273 0.65655
vt 0.57929 0.89029
vt 0.01791 0.50390
vt 0.14588 0.25823
vt 0.62696 0.32152
vt 0.43174 0.25245
vt 0.56956 0.91125
vt 0.01151 0.51876
vt 0.13101 0.25692
vt 0.00920 0.53771
vt 0.66711 0.20635
vt 0.77105 0.64108
vt 0.53095 0.87481
vt 0.75952 0.67054
vt 0.38682 0.71437
vt 0.50425 0.87681
vt 0.46712 0.94792
vt 0.11699 0.06767
vt 0.47788 0.95999
vt 0.20877 0.18175
vt 0.45808 0.92915
vt 0.56396 0.08409
vt 0.42391 0.55441
vt 0.80993 0.40870
vt 0.98906 0.40459
vt 0.42336 0.54647
vt 0.81366 0.40075
vt 0.41773 0.51958
vt 0.81077 0.37388
vt 0.07015 0.19690
vt 0.74539 0.02004
vt 0.81373 0.36667
vt 0.41381 0.54574
vt 0.39313 0.55035
vt 0.98523 0.37383
vt 0.35714 0.51926
vt 0.33091 0.08893
vt 0.15813 0.15662
vt 0.64346 0.96930
vt 0.98762 0.65641
vt 0.00575 0.75828
vt 0.33079 0.51168
vt 0.58911 0.14054
vt 0.57734 0.32091
vt 0.58991 0.13593
vt 0.57816 0.32552
vt 0.04355 0.52218
vt 0.01656 0.54662
vt 0.22269 0.79512
vt 0.48989 0.04260
vt 0.42815 0.22293
vt 0.38828 0.72493
vt 0.54754 0.96432
vt 0.38070 0.77440
vt 0.39033 0.77159
vt 0.39405 0.21646
vt 0.14795 0.07791
vt 0.53359 0.94894
vt 0.38254 0.75903
vt 0.40540 0.22655
vt 0.54366 0.93759
vt 0.53742 0.95715
vt 0.34717 0.14112
vt 0.53086 0.96576
vt 0.38883 0.77584
vt 0.40241 0.22515
vt 0.54228 0.94058
vt 0.68522 0.20797
vt 0.51286 0.86294
vt 0.37246 0.13341
vt 0.50556 0.96497
vt 0.13233 0.07568
vt 0.46255 0.95003
vt 0.18311 0.18354
vt 0.45220 0.95482
vt 0.57047 0.08545
vt 0.67657 0.45745
vt 0.99274 0.41111
vt 0.07210 0.19066
vt 0.41224 0.54627
vt 0.40261 0.54557
vt 0.99277 0.38329
vt 0.55051 0.31431
vt 0.03864 0.55038
vt 0.20369 0.48096
vt 0.58500 0.10283
vt 0.41390 0.23572
vt 0.55285 0.92908
vt 0.54069 0.96790
vt 0.38412 0.77798
vt 0.55517 0.22232
vt 0.50878 0.93774
vt 0.99072 0.01796
vt 0.79733 0.62078
vt 0.50469 0.85452
vt 0.49087 0.87167
vt 0.11182 0.07475
vt 0.48305 0.96349
vt 0.43505 0.92908
vt 0.41276 0.55193
vt 0.98990 0.39345
vt 0.37554 0.53625
vt 0.60223 0.02393
vt 0.33144 0.10590
vt 0.36770 0.53767
vt 0.59812 0.01608
vt 0.32735 0.10733
vt 0.98366 0.65988
vt 0.01079 0.76175
vt 0.36031 0.03618
vt 0.65632 0.96750
vt 0.45304 0.40351
vt 0.50945 0.32821
vt 0.46291 0.39934
vt 0.51933 0.32088
vt 0.60804 0.31603
vt 0.58349 0.11455
vt 0.20061 0.80172
vt 0.01947 0.54572
vt 0.21979 0.80021
vt 0.29949 0.29015
vt 0.78230 0.65490
vt 0.38424 0.69873
vt 0.40674 0.22641
vt 0.50890 0.93277
vt 0.48310 0.87079
vt 0.46313 0.87651
vt 0.46847 0.97598
vt 0.43966 0.96867
vt 0.84649 0.85020
vt 0.43220 0.89511
vt 0.43836 0.95549
vt 0.73487 0.44807
vt 0.50243 0.52662
vt 0.67292 0.44990
vt 0.98518 0.42029
vt 0.98111 0.41027
vt 0.41843 0.56103
vt 0.97957 0.39911
vt 0.86279 0.05092
vt 0.08777 0.17720
vt 0.07259 0.17559
vt 0.36924 0.54139
vt 0.32868 0.11104
vt 0.98639 0.34992
vt 0.02614 0.72700
vt 0.62568 0.96202
vt 0.35206 0.52053
vt 0.15718 0.15152
vt 0.32299 0.50547
vt 0.78900 0.10080
vt 0.46072 0.41837
vt 0.46473 0.40136
vt 0.49360 0.38271
vt 0.55001 0.30898
vt 0.86603 0.62681
vt 0.58552 0.14842
vt 0.78076 0.07414
vt 0.57377 0.31302
vt 0.20423 0.49197
vt 0.59600 0.10361
vt 0.01953 0.55201
vt 0.21971 0.80171
vt 0.01180 0.51478
vt 0.13500 0.25772
vt 0.14559 0.26314
vt 0.63177 0.31659
vt 0.32296 0.30713
vt 0.39603 0.71571
vt 0.30912 0.29442
vt 0.09772 0.11475
vt 0.52010 0.91484
vt 0.95363 0.20418
vt 0.71244 0.07462
vt 0.51626 0.91339
vt 0.28463 0.28089
vt 0.79716 0.64564
vt 0.29538 0.28583
vt 0.99599 0.02197
vt 0.25440 0.08545
vt 0.79492 0.62480
vt 0.99258 0.01491
vt 0.79445 0.61773
vt 0.28048 0.27846
vt 0.80131 0.64323
vt 0.50428 0.97212
vt 0.48542 0.86157
vt 0.48312 0.98106
vt 0.45620 0.98523
vt 0.98495 0.37853
vt 0.01570 0.76130
vt 0.32081 0.48940
vt 0.80505 0.09540
vt 0.99223 0.20856
vt 0.67260 0.96785
vt 0.80160 0.10504
vt 0.98878 0.19893
vt 0.80540 0.10280
vt 0.99257 0.20117
vt 0.60511 0.14655
vt 0.55680 0.31577
vt 0.58544 0.15171
vt 0.24073 0.01401
vt 0.75244 0.02002
vt 0.53713 0.31063
vt 0.78405 0.08009
vt 0.92393 0.54710
vt 0.62145 0.31389
vt 0.00342 0.54121
vt 0.10857 0.26464
vt 0.14846 0.09270
vt 0.39551 0.77382
vt 0.39709 0.21306
vt 0.39095 0.75599
vt 0.15572 0.09277
vt 0.39557 0.77389
vt 0.27491 0.26996
vt 0.80688 0.63473
vt 0.47831 0.86914
vt 0.46755 0.98277
vt 0.46453 0.86509
vt 0.70515 0.43851
vt 0.47271 0.52747
vt 0.80504 0.36078
vt 0.47941 0.50217
vt 0.08049 0.19376
vt 0.98320 0.38936
vt 0.98361 0.38505
vt 0.59423 0.01549
vt 0.32346 0.10617
vt 0.15232 0.14139
vt 0.01695 0.75241
vt 0.57870 0.01845
vt 0.98604 0.66729
vt 0.02010 0.76916
vt 0.06093 0.80827
vt 0.55128 0.31119
vt 0.78349 0.08838
vt 0.86474 0.62077
vt 0.53066 0.02881
vt 0.21390 0.81334
vt 0.14017 0.26902
vt 0.90982 0.56143
vt 0.63578 0.31073
vt 0.00703 0.54429
vt 0.10549 0.26523
vt 0.23221 0.80456
vt 0.32943 0.29493
vt 0.39164 0.70352
vt 0.53347 0.97545
vt 0.39258 0.78553
vt 0.69700 0.07666
vt 0.52921 0.92883
vt 0.80166 0.62899
vt 0.46595 0.85505
vt 0.86604 0.48144
vt 0.19857 0.03310
vt 0.60693 0.03574
vt 0.47092 0.99658
vt 0.31547 0.81155
vt 0.72207 0.44324
vt 0.48963 0.52673
vt 0.79725 0.36466
vt 0.48952 0.52164
vt 0.07916 0.17069
vt 0.49252 0.47225
vt 0.08710 0.16384
vt 0.13927 0.14734
vt 0.78145 0.16448
vt 0.96913 0.65284
vt 0.96962 0.20595
vt 0.96207 0.64100
vt 0.98851 0.20835
vt 0.48019 0.42000
vt 0.87942 0.66410
vt 0.16754 0.81532
vt 0.59658 0.15549
vt 0.54826 0.30684
vt 0.02138 0.55517
vt 0.21787 0.80803
vt 0.11547 0.27745
vt 0.88511 0.57745
vt 0.33890 0.28576
vt 0.39947 0.69435
vt 0.31589 0.27213
vt 0.21326 0.69580
vt 0.40826 0.21236
vt 0.39771 0.74482
vt 0.92551 0.58033
vt 0.40084 0.72982
vt 0.30642 0.27124
vt 0.52808 0.97882
vt 0.39974 0.78891
vt 0.49841 0.98112
vt 0.28798 0.81100
vt 0.29105 0.26497
vt 0.27607 0.25562
vt 0.80572 0.62039
vt 0.25309 0.69119
vt 0.26830 0.06558
vt 0.81479 0.60687
vt 0.48722 0.84060
vt 0.19411 0.03108
vt 0.47538 0.99309
vt 0.45145 0.98891
vt 0.82626 0.86146
vt 0.33492 0.81039
vt 0.41180 0.90452
vt 0.41273 0.93214
vt 0.79443 0.37290
vt 0.48127 0.51691
vt 0.08649 0.20850
vt 0.27588 0.06174
vt 0.48072 0.50369
vt 0.08243 0.19527
vt 0.96269 0.38210
vt 0.45417 0.48899
vt 0.96045 0.37215
vt 0.45031 0.47906
vt 0.31733 0.09097
vt 0.14455 0.15988
vt 0.47857 0.44800
vt 0.31353 0.09975
vt 0.13745 0.14447
vt 0.03182 0.77008
vt 0.15708 0.11217
vt 0.17728 0.15186
vt 0.54052 0.05615
vt 0.14626 0.11766
vt 0.15688 0.12613
vt 0.55042 0.05171
vt 0.13635 0.11823
vt 0.59767 0.31203
vt 0.58871 0.11572
vt 0.20111 0.80693
vt 0.59660 0.11545
vt 0.20488 0.81483
vt 0.08508 0.02295
vt 0.09842 0.27036
vt 0.23494 0.80969
vt 0.89912 0.58973
vt 0.40133 0.75621
vt 0.29946 0.26719
vt 0.26346 0.07613
vt 0.80426 0.61553
vt 0.45249 0.98872
vt 0.33390 0.81036
vt 0.45872 0.86511
vt 0.87327 0.48682
vt 0.66357 0.43377
vt 0.96905 0.42237
vt 0.48447 0.49718
vt 0.08898 0.18877
vt 0.97363 0.37807
vt 0.44739 0.48496
vt 0.97136 0.37624
vt 0.48524 0.47817
vt 0.09538 0.16976
vt 0.31794 0.11279
vt 0.97565 0.35500
vt 0.97288 0.67491
vt 0.07408 0.81709
vt 0.76025 0.14157
vt 0.94621 0.65869
vt 0.79164 0.06876
vt 0.66264 0.17530
vt 0.56967 0.30214
vt 0.78488 0.08484
vt 0.79190 0.08055
vt 0.58534 0.29984
vt 0.18488 0.48891
vt 0.92943 0.53639
vt 0.61074 0.30698
vt 0.93179 0.54229
vt 0.91026 0.56362
vt 0.12749 0.27140
vt 0.89714 0.57079
vt 0.41572 0.88592
vt 0.91627 0.47634
vt 0.39796 0.92923
vt 0.88594 0.88112
vt 0.13964 0.16651
vt 0.48470 0.45463
vt 0.02963 0.74606
vt 0.57665 0.02017
vt 0.98854 0.66902
vt 0.05843 0.80624
vt 0.34717 0.04053
vt 0.99522 0.21553
vt 0.66947 0.96088
vt 0.16101 0.12081
vt 0.17334 0.14412
vt 0.44288 0.17310
vt 0.14385 0.13428
vt 0.46003 0.18657
vt 0.15676 0.13355
vt 0.44714 0.18584
vt 0.13956 0.10921
vt 0.19480 0.14778
vt 0.02783 0.04620
vt 0.13178 0.13111
vt 0.65469 0.03311
vt 0.85986 0.03342
vt 0.94217 0.11981
vt 0.47210 0.18340
vt 0.49346 0.40868
vt 0.86615 0.65278
vt 0.59246 0.15674
vt 0.24773 0.01904
vt 0.75946 0.01498
vt 0.54415 0.30559
vt 0.24355 0.01741
vt 0.75526 0.01662
vt 0.92566 0.55906
vt 0.70802 0.64970
vt 0.40653 0.71226
vt 0.40566 0.69999
vt 0.33585 0.27460
vt 0.19332 0.68447
vt 0.40525 0.68319
vt 0.90793 0.57464
vt 0.70623 0.66741
vt 0.88562 0.58061
vt 0.15395 0.09853
vt 0.40371 0.77964
vt 0.31702 0.26766
vt 0.21215 0.68655
vt 0.30329 0.26723
vt 0.22586 0.68901
vt 0.19403 0.03760
vt 0.61146 0.03095
vt 0.84341 0.86458
vt 0.67330 0.42089
vt 0.44086 0.53075
vt 0.27874 0.07030
vt 0.47216 0.50932
vt 0.97201 0.40111
vt 0.46474 0.50738
vt 0.96573 0.38790
vt 0.44437 0.49480
vt 0.96551 0.38355
vt 0.44556 0.49044
vt 0.48695 0.46572
vt 0.10591 0.15198
vt 0.65583 0.94134
vt 0.35244 0.03586
vt 0.66421 0.96489
vt 0.66006 0.96258
vt 0.55564 0.04582
vt 0.13114 0.12015
vt 0.95311 0.11818
vt 0.50752 0.43465
vt 0.19796 0.49564
vt 0.59968 0.11199
vt 0.19487 0.81791
vt 0.86835 0.62782
vt 0.93942 0.52576
vt 0.07797 0.01520
vt 0.22719 0.82055
vt 0.33233 0.26859
vt 0.19683 0.68228
vt 0.20871 0.68228
vt 0.88782 0.59521
vt 0.40142 0.76751
vt 0.51855 0.98361
vt 0.99528 0.59521
vt 0.40787 0.79370
vt 0.26784 0.81947
vt 0.18604 0.03648
vt 0.61947 0.03445
vt 0.48345 0.99530
vt 0.30294 0.81492
vt 0.81921 0.87341
vt 0.34456 0.82235
vt 0.17224 0.34432
vt 0.82757 0.87381
vt 0.35885 0.82274
vt 0.43781 0.86674
vt 0.42763 0.88057
vt 0.28611 0.07138
vt 0.47108 0.51452
vt 0.96254 0.39380
vt 0.44506 0.50071
vt 0.96670 0.37539
vt 0.58737 0.02686
vt 0.05873 0.81695
vt 0.12744 0.10723
vt 0.20691 0.14376
vt 0.03995 0.05023
vt 0.71734 0.02295
vt 0.19483 0.01689
vt 0.96605 0.12100
vt 0.79136 0.08385
vt 0.94549 0.53344
vt 0.16553 0.72778
vt 0.94876 0.55093
vt 0.70779 0.62660
vt 0.95460 0.54491
vt 0.94357 0.54679
vt 0.95227 0.54884
vt 0.70614 0.62309
vt 0.79673 0.06104
vt 0.96066 0.54553
vt 0.70515 0.61469
vt 0.94347 0.55540
vt 0.70253 0.63189
vt 0.80029 0.02670
vt 0.20180 0.67593
vt 0.92030 0.57246
vt 0.70033 0.65505
vt 0.40848 0.73501
vt 0.16057 0.10010
vt 0.40600 0.78122
vt 0.29285 0.25829
vt 0.23630 0.68251
vt 0.82162 0.62005
vt 0.26899 0.68263
vt 0.46627 0.84920
vt 0.86572 0.47382
vt 0.61178 0.03857
vt 0.31063 0.81602
vt 0.31730 0.81411
vt 0.32641 0.81990
vt 0.69793 0.43096
vt 0.46549 0.52734
vt 0.48420 0.48334
vt 0.09158 0.17493
vt 0.30832 0.10309
vt 0.46647 0.46236
vt 0.17734 0.07471
vt 0.03337 0.77397
vt 0.04901 0.82155
vt 0.98822 0.22506
vt 0.68072 0.95135
vt 0.88591 0.62495
vt 0.89441 0.62245
vt 0.89427 0.61665
vt 0.74038 0.95859
vt 0.86645 0.67826
vt 0.18051 0.82266
vt 0.87652 0.62914
vt 0.80157 0.07999
vt 0.88038 0.61239
vt 0.20375 0.49659
vt 0.60061 0.10695
vt 0.97276 0.52947
vt 0.24448 0.29526
vt 0.69482 0.60259
vt 0.20601 0.81697
vt 0.07666 0.01833
vt 0.09000 0.27689
vt 0.23032 0.81622
vt 0.88417 0.58103
vt 0.70225 0.69119
vt 0.89462 0.58474
vt 0.70037 0.68074
vt 0.23259 0.68045
vt 0.28763 0.24535
vt 0.39863 0.08034
vt 0.16748 0.08232
vt 0.24152 0.67788
vt 0.82438 0.60548
vt 0.47764 0.83922
vt 0.40183 0.89595
vt 0.28846 0.07959
vt 0.46287 0.51734
vt 0.96397 0.37809
vt 0.45177 0.48499
vt 0.13658 0.16181
vt 0.03268 0.75193
vt 0.12744 0.14903
vt 0.04182 0.76757
vt 0.10861 0.15674
vt 0.66059 0.95409
vt 0.66336 0.94607
vt 0.45438 0.17659
vt 0.63534 0.09261
vt 0.20189 0.13863
vt 0.95973 0.12613
vt 0.90629 0.62827
vt 0.90338 0.62621
vt 0.90871 0.63583
vt 0.91089 0.62599
vt 0.04018 0.06169
vt 0.89866 0.64874
vt 0.88624 0.66181
vt 0.16072 0.81727
vt 0.88000 0.65643
vt 0.79658 0.07488
vt 0.65769 0.16645
vt 0.87408 0.60726
vt 0.87805 0.67529
vt 0.16892 0.81704
vt 0.88055 0.68017
vt 0.16641 0.82841
vt 0.95346 0.53080
vt 0.22518 0.30030
vt 0.96704 0.53359
vt 0.23876 0.29963
vt 0.95045 0.52753
vt 0.22217 0.29581
vt 0.17127 0.73368
vt 0.52001 0.02039
vt 0.21143 0.82176
vt 0.52758 0.02193
vt 0.21334 0.82022
vt 0.80749 0.03565
vt 0.19460 0.67219
vt 0.09268 0.28492
vt 0.23867 0.82425
vt 0.21395 0.68444
vt 0.88257 0.58528
vt 0.69300 0.69279
vt 0.41581 0.77276
vt 0.28843 0.82660
vt 0.29854 0.82525
vt 0.82243 0.60453
vt 0.47959 0.83827
vt 0.46142 0.85360
vt 0.87057 0.47729
vt 0.39957 0.90716
vt 0.96355 0.40365
vt 0.44134 0.51054
vt 0.28878 0.07361
vt 0.46885 0.51536
vt 0.47915 0.49282
vt 0.09702 0.18441
vt 0.66455 0.04178
vt 0.86931 0.05180
vt 0.09429 0.17644
vt 0.30420 0.11023
vt 0.96191 0.36538
vt 0.45933 0.47227
vt 0.95152 0.64196
vt 0.64111 0.04048
vt 0.45853 0.18442
vt 0.63120 0.10043
vt 0.19182 0.13436
vt 0.46136 0.17128
vt 0.92976 0.65858
vt 0.21028 0.13980
vt 0.04334 0.05420
vt 0.71337 0.01956
vt 0.19789 0.02028
vt 0.91131 0.64372
vt 0.71412 0.01592
vt 0.19530 0.02393
vt 0.90765 0.64631
vt 0.05103 0.06453
vt 0.89377 0.63790
vt 0.20145 0.82223
vt 0.38135 0.01604
vt 0.20087 0.82356
vt 0.38289 0.01811
vt 0.20084 0.82509
vt 0.69119 0.63273
vt 0.00342 0.29387
vt 0.69104 0.64604
vt 0.41778 0.72601
vt 0.20914 0.67120
vt 0.88099 0.58152
vt 0.84546 0.62113
vt 0.29282 0.66189
vt 0.83525 0.61901
vt 0.44190 0.86441
vt 0.89009 0.47785
vt 0.42399 0.87778
vt 0.90802 0.47430
vt 0.39185 0.94179
vt 0.87338 0.89076
vt 0.40209 0.92262
vt 0.40056 0.89593
vt 0.66360 0.42652
vt 0.96181 0.41823
vt 0.43116 0.52512
vt 0.96139 0.39911
vt 0.44602 0.50600
vt 0.96405 0.38993
vt 0.44648 0.49683
vt 0.46886 0.47553
vt 0.07945 0.83026
vt 0.95335 0.66978
vt 0.09361 0.82850
vt 0.94151 0.12699
vt 0.22182 0.05420
vt 0.95512 0.12744
vt 0.89035 0.61361
vt 0.74430 0.95726
vt 0.03272 0.06885
vt 0.90394 0.65620
vt 0.65940 0.18003
vt 0.56493 0.29892
vt 0.00342 0.59911
vt 0.94493 0.51000
vt 0.58436 0.28936
vt 0.22048 0.83865
vt 0.42029 0.68620
vt 0.22759 0.83284
vt 0.08916 0.29012
vt 0.23818 0.82945
vt 0.10632 0.28840
vt 0.87597 0.57908
vt 0.22078 0.66963
vt 0.17353 0.08838
vt 0.23755 0.67184
vt 0.26159 0.83174
vt 0.32988 0.82524
vt 0.45576 0.51148
vt 0.46865 0.49647
vt 0.87958 0.06592
vt 0.47253 0.47869
vt 0.10455 0.17028
vt 0.67868 0.04932
vt 0.47694 0.48002
vt 0.05034 0.74304
vt 0.48197 0.01904
vt 0.82866 0.01688
vt 0.16748 0.06593
vt 0.03915 0.83032
vt 0.18625 0.05679
vt 0.05127 0.77269
vt 0.32219 0.59834
vt 0.05792 0.83946
vt 0.65112 0.04443
vt 0.87118 0.03401
vt 0.46854 0.18399
vt 0.62119 0.10001
vt 0.86538 0.04346
vt 0.93213 0.12534
vt 0.92404 0.63265
vt 0.11865 0.02002
vt 0.91571 0.61349
vt 0.95747 0.51250
vt 0.17568 0.74871
vt 0.22608 0.28884
vt 0.17824 0.74638
vt 0.38891 0.01904
vt 0.21433 0.83111
vt 0.81166 0.03137
vt 0.46534 0.03565
vt 0.19045 0.67056
vt 0.19962 0.66990
vt 0.10297 0.29012
vt 0.09509 0.29743
vt 0.86474 0.58514
vt 0.52630 0.00754
vt 0.98131 0.57792
vt 0.68365 0.71061
vt 0.25386 0.83676
vt 0.24166 0.05420
vt 0.26612 0.82187
vt 0.23877 0.04953
vt 0.92920 0.03357
vt 0.26145 0.82264
vt 0.99210 0.57612
vt 0.42696 0.78994
vt 0.26838 0.67720
vt 0.45997 0.84269
vt 0.32650 0.82498
vt 0.45261 0.84701
vt 0.87938 0.46514
vt 0.92859 0.33936
vt 0.44918 0.51891
vt 0.45241 0.49485
vt 0.09619 0.13315
vt 0.05109 0.72798
vt 0.47510 0.01871
vt 0.82177 0.01721
vt 0.16780 0.06302
vt 0.03948 0.83322
vt 0.97810 0.23182
vt 0.94398 0.63252
vt 0.98796 0.23487
vt 0.94284 0.62267
vt 0.69181 0.94156
vt 0.45280 0.19518
vt 0.63693 0.11119
vt 0.45617 0.19483
vt 0.63355 0.11084
vt 0.45715 0.19971
vt 0.63259 0.11572
vt 0.46903 0.19551
vt 0.62069 0.11153
vt 0.20351 0.13378
vt 0.96051 0.13098
vt 0.91807 0.65234
vt 0.87291 0.03796
vt 0.93762 0.13286
vt 0.47930 0.18793
vt 0.61042 0.10394
vt 0.92399 0.62194
vt 0.71067 0.94443
vt 0.95183 0.13428
vt 0.46950 0.17374
vt 0.92161 0.66102
vt 0.91102 0.65649
vt 0.90132 0.60214
vt 0.73333 0.93408
vt 0.89450 0.67100
vt 0.15247 0.83127
vt 0.63697 0.17844
vt 0.17552 0.10808
vt 0.02585 0.59687
vt 0.64977 0.16675
vt 0.87437 0.60371
vt 0.76028 0.94655
vt 0.94673 0.51319
vt 0.18489 0.83421
vt 0.19858 0.82968
vt 0.78514 0.05251
vt 0.69088 0.60616
vt 0.20595 0.67176
vt 0.67861 0.70626
vt 0.43020 0.78624
vt 0.24154 0.04062
vt 0.93703 0.04248
vt 0.52001 0.01318
vt 0.97998 0.58421
vt 0.25254 0.83047
vt 0.31240 0.83250
vt 0.31766 0.82869
vt 0.16136 0.32076
vt 0.39796 0.25953
vt 0.33529 0.83632
vt 0.85029 0.88940
vt 0.37354 0.89104
vt 0.95845 0.47291
vt 0.92413 0.87608
vt 0.38389 0.89566
vt 0.94812 0.47190
vt 0.39104 0.89024
vt 0.94095 0.46540
vt 0.93953 0.45559
vt 0.45669 0.48383
vt 0.06731 0.83677
vt 0.93262 0.63627
vt 0.92058 0.64016
vt 0.91890 0.61035
vt 0.71577 0.94414
vt 0.94655 0.12840
vt 0.48731 0.17902
vt 0.23183 0.05278
vt 0.90405 0.60475
vt 0.11180 0.02686
vt 0.73062 0.93938
vt 0.24808 0.28760
vt 0.68716 0.59899
vt 0.68809 0.61813
vt 0.43679 0.67846
vt 0.83153 0.59506
vt 0.47048 0.82879
vt 0.32845 0.83345
vt 0.42705 0.85893
vt 0.90494 0.45859
vt 0.83201 0.88043
vt 0.15303 0.33677
vt 0.80838 0.88922
vt 0.39573 0.89616
vt 0.38874 0.90999
vt 0.90518 0.88444
vt 0.10362 0.17693
vt 0.67202 0.04839
vt 0.47951 0.01688
vt 0.82618 0.01904
vt 0.04549 0.83340
vt 0.10559 0.14730
vt 0.65115 0.93953
vt 0.07797 0.83796
vt 0.09931 0.06194
vt 0.08090 0.83212
vt 0.67897 0.93388
vt 0.14903 0.01221
vt 0.68499 0.93780
vt 0.93896 0.65486
vt 0.10800 0.83120
vt 0.94582 0.66729
vt 0.10115 0.83563
vt 0.93356 0.65220
vt 0.93941 0.13425
vt 0.47179 0.18614
vt 0.21631 0.04694
vt 0.48182 0.19304
vt 0.60790 0.10906
vt 0.91719 0.65792
vt 0.12401 0.01662
vt 0.91489 0.61009
vt 0.71978 0.94362
vt 0.12570 0.01224
vt 0.91688 0.60571
vt 0.71778 0.94192
vt 0.95517 0.51046
vt 0.17604 0.75074
vt 0.22493 0.83282
vt 0.47610 0.02629
vt 0.64930 0.11336
vt 0.18791 0.65980
vt 0.94189 0.03752
vt 0.25750 0.83534
vt 0.37256 0.10401
vt 0.54092 0.12647
vt 0.21785 0.65182
vt 0.23468 0.66659
vt 0.27443 0.84466
vt 0.26381 0.66546
vt 0.15146 0.32766
vt 0.09847 0.13614
vt 0.05069 0.72569
vt 0.63999 0.93745
vt 0.11986 0.15361
vt 0.65747 0.94913
vt 0.11571 0.14461
vt 0.64846 0.94086
vt 0.05632 0.23018
vt 0.65725 0.92969
vt 0.94623 0.66708
vt 0.10074 0.83416
vt 0.94243 0.62963
vt 0.93065 0.61776
vt 0.92613 0.61520
vt 0.70854 0.94134
vt 0.91220 0.66712
vt 0.13477 0.83836
vt 0.90455 0.66743
vt 0.90135 0.66346
vt 0.16829 0.84263
vt 0.23783 0.26590
vt 0.20119 0.75891
vt 0.78076 0.04657
vt 0.68070 0.60023
vt 0.44974 0.68840
vt 0.64404 0.11572
vt 0.18566 0.66217
vt 0.42756 0.67182
vt 0.42325 0.72160
vt 0.08475 0.29416
vt 0.23474 0.83349
vt 0.08350 0.30030
vt 0.24363 0.83963
vt 0.52087 0.00990
vt 0.98019 0.58335
vt 0.31649 0.83172
vt 0.38827 0.92094
vt 0.89422 0.88739
vt 0.38448 0.92287
vt 0.89230 0.88731
vt 0.38241 0.89978
vt 0.91539 0.88530
vt 0.32081 0.59719
vt 0.05905 0.83807
vt 0.06126 0.22889
vt 0.66220 0.93098
vt 0.14600 0.00900
vt 0.94662 0.61897
vt 0.31202 0.02490
vt 0.68803 0.93610
vt 0.92673 0.66560
vt 0.90045 0.66949
vt 0.53367 0.04794
vt 0.14652 0.83665
vt 0.63052 0.18297
vt 0.74406 0.92731
vt 0.95236 0.49436
vt 0.56872 0.27179
vt 0.03055 0.58437
vt 0.23827 0.28499
vt 0.20652 0.84050
vt 0.43101 0.68246
vt 0.00635 0.30973
vt 0.68811 0.64247
vt 0.23101 0.84746
vt 0.37713 0.09447
vt 0.18897 0.08728
vt 0.22739 0.65638
vt 0.25438 0.66239
vt 0.89473 0.45949
vt 0.84446 0.89729
vt 0.94702 0.45792
vt 0.92702 0.89107
vt 0.11186 0.13162
vt 0.63548 0.94124
vt 0.10750 0.12255
vt 0.05068 0.71667
vt 0.62640 0.93748
vt 0.11164 0.12900
vt 0.63285 0.94115
vt 0.11252 0.13092
vt 0.63478 0.94078
vt 0.46816 0.01904
vt 0.08721 0.06201
vt 0.80713 0.01904
vt 0.09300 0.83714
vt 0.46046 0.01819
vt 0.81485 0.01819
vt 0.78955 0.11608
vt 0.08530 0.83885
vt 0.08252 0.05841
vt 0.94928 0.67417
vt 0.80195 0.11542
vt 0.09769 0.83951
vt 0.94635 0.61118
vt 0.31981 0.02463
vt 0.93147 0.66993
vt 0.81976 0.11670
vt 0.11550 0.83822
vt 0.91397 0.66990
vt 0.13300 0.83908
vt 0.10108 0.01860
vt 0.19533 0.10581
vt 0.42139 0.01964
vt 0.72879 0.92865
vt 0.63789 0.17137
vt 0.16846 0.10986
vt 0.75566 0.93466
vt 0.95457 0.49439
vt 0.02586 0.58216
vt 0.18883 0.76681
vt 0.25132 0.27961
vt 0.67916 0.59574
vt 0.19638 0.84916
vt 0.01770 0.32255
vt 0.67675 0.64343
vt 0.01410 0.30764
vt 0.47263 0.03439
vt 0.18848 0.66326
vt 0.25724 0.83977
vt 0.29071 0.84558
vt 0.26618 0.64718
vt 0.85214 0.89899
vt 0.88679 0.88774
vt 0.38044 0.91765
vt 0.89752 0.89085
vt 0.10822 0.13677
vt 0.64062 0.93790
vt 0.07514 0.84410
vt 0.46462 0.01648
vt 0.81067 0.01648
vt 0.93550 0.61128
vt 0.11182 0.08792
vt 0.71302 0.92708
vt 0.67761 0.60409
vt 0.67735 0.63593
vt 0.02419 0.33491
vt 0.67027 0.63352
vt 0.43703 0.70294
vt 0.23888 0.84222
vt 0.25930 0.65437
vt 0.88226 0.90446
vt 0.05863 0.72589
vt 0.63571 0.92953
vt 0.14772 0.01111
vt 0.68632 0.93703
vt 0.92464 0.60717
vt 0.71003 0.92987
vt 0.89978 0.67691
vt 0.14719 0.84103
vt 0.62843 0.18799
vt 0.18508 0.10692
vt 0.73904 0.92520
vt 0.19835 0.76017
vt 0.20984 0.84614
vt 0.47596 0.03380
vt 0.18924 0.65994
vt 0.23726 0.83999
vt 0.54847 0.12404
vt 0.21030 0.65177
vt 0.30059 0.86551
vt 0.84666 0.59966
vt 0.93327 0.45153
vt 0.93820 0.45380
vt 0.93725 0.89519
vt 0.90794 0.89474
vt 0.06197 0.73558
vt 0.63801 0.92619
vt 0.05661 0.72000
vt 0.63841 0.93155
vt 0.64216 0.93310
vt 0.32534 0.61378
vt 0.04247 0.84260
vt 0.93874 0.60986
vt 0.32113 0.01701
vt 0.69592 0.93545
vt 0.93091 0.60519
vt 0.70375 0.93347
vt 0.64125 0.08176
vt 0.70602 0.93002
vt 0.13474 0.84529
vt 0.90860 0.60232
vt 0.10498 0.02443
vt 0.72607 0.93256
vt 0.52305 0.06006
vt 0.15279 0.84727
vt 0.01888 0.31135
vt 0.02176 0.30903
vt 0.43612 0.72334
vt 0.44407 0.71290
vt 0.98421 0.56895
vt 0.67468 0.71528
vt 0.25676 0.84573
vt 0.22437 0.65367
vt 0.85190 0.61932
vt 0.29926 0.65739
vt 0.53368 0.47515
vt 0.44207 0.83999
vt 0.91653 0.33234
vt 0.14166 0.31637
vt 0.89540 0.44137
vt 0.90483 0.33153
vt 0.13733 0.33182
vt 0.14311 0.32770
vt 0.14957 0.34763
vt 0.80491 0.89555
vt 0.92786 0.44343
vt 0.94382 0.90556
vt 0.91786 0.89918
vt 0.06819 0.76551
vt 0.08002 0.84720
vt 0.67509 0.93028
vt 0.00342 0.06592
vt 0.12137 0.84968
vt 0.11612 0.85077
vt 0.19179 0.10716
vt 0.42568 0.02100
vt 0.73233 0.92436
vt 0.51708 0.05852
vt 0.15660 0.85324
vt 0.62060 0.17977
vt 0.17685 0.10501
vt 0.04222 0.59380
vt 0.66744 0.02295
vt 0.17803 0.09564
vt 0.22409 0.00795
vt 0.03415 0.58442
vt 0.24135 0.25104
vt 0.21604 0.76329
vt 0.66290 0.62596
vt 0.65760 0.59304
vt 0.22301 0.84593
vt 0.23571 0.84562
vt 0.26189 0.84868
vt 0.83911 0.58878
vt 0.46291 0.82252
vt 0.44230 0.82741
vt 0.90340 0.31975
vt 0.13892 0.35204
vt 0.79425 0.90602
vt 0.80615 0.90935
vt 0.92628 0.89783
vt 0.43604 0.08775
vt 0.03133 0.85245
vt 0.09146 0.84761
vt 0.19953 0.76995
vt 0.20035 0.85544
vt 0.24773 0.85267
vt 0.23317 0.64492
vt 0.30977 0.86398
vt 0.14859 0.32808
vt 0.90535 0.43740
vt 0.63275 0.02100
vt 0.39796 0.33742
vt 0.97086 0.91159
vt 0.14795 0.35212
vt 0.80328 0.89360
vt 0.91579 0.90074
vt 0.33480 0.60702
vt 0.68255 0.92682
vt 0.06267 0.86860
vt 0.02031 0.05090
vt 0.66476 0.19873
vt 0.13826 0.86468
vt 0.17804 0.09990
vt 0.22058 0.01221
vt 0.76802 0.03662
vt 0.03766 0.58869
vt 0.18827 0.85539
vt 0.26290 0.25753
vt 0.65710 0.58418
vt 0.20955 0.74736
vt 0.02907 0.33227
vt 0.21666 0.85379
vt 0.18846 0.64874
vt 0.23400 0.85557
vt 0.25040 0.85904
vt 0.65147 0.71733
vt 0.45734 0.79730
vt 0.14134 0.32297
vt 0.20999 0.00792
vt 0.91315 0.44013
vt 0.02747 0.85031
vt 0.04254 0.23586
vt 0.64347 0.92403
vt 0.03261 0.23262
vt 0.63354 0.92726
vt 0.63568 0.08122
vt 0.21509 0.29375
vt 0.70655 0.92444
vt 0.11923 0.08936
vt 0.71774 0.91966
vt 0.17584 0.64213
vt 0.44759 0.66563
vt 0.64833 0.09868
vt 0.18405 0.64514
vt 0.65126 0.10083
vt 0.18262 0.64727
vt 0.66554 0.71812
vt 0.25728 0.85487
vt 0.98978 0.55496
vt 0.44813 0.80575
vt 0.30428 0.64308
vt 0.54800 0.47970
vt 0.84842 0.93092
vt 0.33654 0.63601
vt 0.02025 0.85380
vt 0.65028 0.91481
vt 0.06714 0.73072
vt 0.64489 0.92102
vt 0.07103 0.78070
vt 0.34194 0.58340
vt 0.64111 0.06006
vt 0.06217 0.72264
vt 0.65640 0.92599
vt 0.08804 0.87204
vt 0.62060 0.06796
vt 0.69050 0.02686
vt 0.69229 0.92403
vt 0.01033 0.06273
vt 0.12828 0.85287
vt 0.42335 0.04930
vt 0.96295 0.03273
vt 0.72357 0.91473
vt 0.14989 0.85930
vt 0.65869 0.01712
vt 0.18679 0.09862
vt 0.21827 0.01093
vt 0.75927 0.03430
vt 0.46741 0.05878
vt 0.73735 0.91962
vt 0.15987 0.01617
vt 0.16461 0.86426
vt 0.25383 0.26178
vt 0.85547 0.07178
vt 0.02559 0.31179
vt 0.43995 0.72030
vt 0.54861 0.11418
vt 0.55422 0.11583
vt 0.24463 0.18079
vt 0.20455 0.64866
vt 0.55453 0.11243
vt 0.24637 0.17739
vt 0.27422 0.86213
vt 0.24248 0.63612
vt 0.84855 0.58701
vt 0.55160 0.44285
vt 0.13513 0.31223
vt 0.41946 0.28577
vt 0.43490 0.83131
vt 0.90083 0.32366
vt 0.79942 0.90848
vt 0.83540 0.92441
vt 0.93835 0.44091
vt 0.93361 0.90808
vt 0.05786 0.25280
vt 0.08109 0.71568
vt 0.65878 0.90707
vt 0.63941 0.07178
vt 0.67349 0.91986
vt 0.62823 0.07100
vt 0.68466 0.91823
vt 0.62060 0.07944
vt 0.20003 0.29545
vt 0.70834 0.90938
vt 0.66285 0.02107
vt 0.18262 0.09705
vt 0.15346 0.85486
vt 0.21372 0.85667
vt 0.83642 0.06831
vt 0.04463 0.32142
vt 0.17995 0.64227
vt 0.44746 0.66423
vt 0.56399 0.12161
vt 0.19478 0.64346
vt 0.54153 0.10539
vt 0.21726 0.64495
vt 0.98578 0.55555
vt 0.25834 0.85913
vt 0.26032 0.85600
vt 0.53368 0.11237
vt 0.22509 0.64353
vt 0.14382 0.30776
vt 0.42358 0.27707
vt 0.84526 0.58485
vt 0.45676 0.81859
vt 0.84805 0.58474
vt 0.45396 0.81848
vt 0.90134 0.31083
vt 0.54978 0.44057
vt 0.13887 0.31295
vt 0.42185 0.28202
vt 0.13768 0.31641
vt 0.41572 0.28321
vt 0.86798 0.91624
vt 0.03435 0.24134
vt 0.63528 0.91853
vt 0.07068 0.74768
vt 0.64355 0.05183
vt 0.06461 0.72287
vt 0.68135 0.91946
vt 0.68556 0.01920
vt 0.69378 0.91908
vt 0.09935 0.86629
vt 0.68017 0.02210
vt 0.69357 0.91369
vt 0.12087 0.87158
vt 0.42972 0.01950
vt 0.73088 0.92032
vt 0.04291 0.57418
vt 0.20587 0.78076
vt 0.16475 0.02295
vt 0.15784 0.85602
vt 0.44665 0.67802
vt 0.21729 0.13141
vt 0.20716 0.86098
vt 0.22644 0.85464
vt 0.23163 0.86392
vt 0.25342 0.17996
vt 0.20621 0.63987
vt 0.55665 0.11078
vt 0.24974 0.17575
vt 0.54936 0.10718
vt 0.20943 0.64504
vt 0.26253 0.86580
vt 0.25089 0.63694
vt 0.43407 0.28096
vt 0.32100 0.87243
vt 0.55079 0.47657
vt 0.12969 0.34577
vt 0.34182 0.20417
vt 0.12070 0.33457
vt 0.33062 0.20391
vt 0.13628 0.35499
vt 0.35103 0.20429
vt 0.79162 0.91228
vt 0.20557 0.01221
vt 0.91743 0.44079
vt 0.95357 0.90820
vt 0.91612 0.92056
vt 0.89264 0.92299
vt 0.06943 0.74842
vt 0.10919 0.86235
vt 0.62589 0.08350
vt 0.20752 0.12158
vt 0.70428 0.91467
vt 0.15674 0.02029
vt 0.16049 0.86433
vt 0.05510 0.56246
vt 0.21807 0.76837
vt 0.46029 0.68156
vt 0.65455 0.09076
vt 0.00342 0.10303
vt 0.18392 0.63720
vt 0.56086 0.10838
vt 0.25336 0.17334
vt 0.19791 0.63995
vt 0.85783 0.60302
vt 0.55378 0.45887
vt 0.21122 0.01088
vt 0.91611 0.44254
vt 0.95921 0.90643
vt 0.35508 0.60450
vt 0.65681 0.05844
vt 0.07787 0.72079
vt 0.11536 0.86873
vt 0.35108 0.06699
vt 0.14630 0.86522
vt 0.17668 0.86812
vt 0.03874 0.34131
vt 0.65571 0.62989
vt 0.19002 0.86000
vt 0.54969 0.10030
vt 0.20908 0.64341
vt 0.23159 0.63371
vt 0.13181 0.31058
vt 0.42736 0.28910
vt 0.85652 0.60070
vt 0.55621 0.45653
vt 0.79458 0.91083
vt 0.91228 0.43832
vt 0.80499 0.92064
vt 0.45113 0.08328
vt 0.35027 0.62274
vt 0.03351 0.86754
vt 0.02301 0.24340
vt 0.62394 0.91649
vt 0.61433 0.91060
vt 0.08705 0.74374
vt 0.07692 0.73297
vt 0.11449 0.20850
vt 0.67614 0.91106
vt 0.94971 0.04248
vt 0.94287 0.02130
vt 0.19214 0.28809
vt 0.71382 0.90149
vt 0.13405 0.08334
vt 0.95308 0.03528
vt 0.77063 0.01624
vt 0.72102 0.90484
vt 0.75995 0.02834
vt 0.46146 0.06262
vt 0.77028 0.02760
vt 0.46073 0.06299
vt 0.89189 0.04126
vt 0.89111 0.12432
vt 0.04668 0.59162
vt 0.46079 0.69052
vt 0.45429 0.70904
vt 0.01360 0.09863
vt 0.18511 0.62702
vt 0.22460 0.87889
vt 0.11685 0.31702
vt 0.42057 0.30404
vt 0.44279 0.81999
vt 0.89935 0.31234
vt 0.43522 0.82997
vt 0.89738 0.32232
vt 0.34037 0.21118
vt 0.89808 0.42945
vt 0.62548 0.01340
vt 0.89291 0.32906
vt 0.40589 0.34469
vt 0.90288 0.43156
vt 0.63027 0.01511
vt 0.91769 0.43328
vt 0.95912 0.91571
vt 0.44782 0.09126
vt 0.03186 0.86424
vt 0.45553 0.09424
vt 0.35468 0.62097
vt 0.03528 0.87195
vt 0.25226 0.25298
vt 0.18077 0.86378
vt 0.64567 0.58430
vt 0.22097 0.73855
vt 0.37859 0.12143
vt 0.19644 0.87408
vt 0.84352 0.07163
vt 0.03754 0.31774
vt 0.45190 0.72016
vt 0.20574 0.87509
vt 0.23101 0.13233
vt 0.20424 0.87469
vt 0.21994 0.86505
vt 0.25743 0.16234
vt 0.19651 0.63586
vt 0.24169 0.86323
vt 0.98556 0.54582
vt 0.25812 0.86888
vt 0.69857 0.11930
vt 0.21581 0.62650
vt 0.85443 0.59869
vt 0.56097 0.45452
vt 0.31389 0.62557
vt 0.56550 0.47887
vt 0.80461 0.93358
vt 0.95117 0.92418
vt 0.45124 0.09096
vt 0.02771 0.86764
vt 0.62960 0.90794
vt 0.66658 0.89342
vt 0.43728 0.04208
vt 0.73336 0.90080
vt 0.45557 0.05338
vt 0.05183 0.58199
vt 0.74098 0.90776
vt 0.04770 0.57122
vt 0.05892 0.33516
vt 0.63554 0.63182
vt 0.26648 0.18166
vt 0.19644 0.62681
vt 0.09404 0.01971
vt 0.37014 0.01221
vt 0.27611 0.87427
vt 0.24630 0.63198
vt 0.08252 0.04086
vt 0.89470 0.30723
vt 0.55644 0.43697
vt 0.30437 0.63949
vt 0.34511 0.21845
vt 0.86027 0.91998
vt 0.87315 0.92140
vt 0.65924 0.90210
vt 0.67224 0.90314
vt 0.68336 0.90513
vt 0.10643 0.86809
vt 0.43149 0.05127
vt 0.73022 0.90658
vt 0.45069 0.05850
vt 0.88721 0.05132
vt 0.90117 0.12900
vt 0.20063 0.12145
vt 0.05672 0.58714
vt 0.74365 0.90288
vt 0.02487 0.10231
vt 0.73779 0.04425
vt 0.18709 0.61575
vt 0.26328 0.16327
vt 0.19017 0.63001
vt 0.28910 0.86807
vt 0.28595 0.87765
vt 0.29200 0.86909
vt 0.31402 0.86871
vt 0.34884 0.21410
vt 0.78759 0.92210
vt 0.68800 0.27610
vt 0.80040 0.93045
vt 0.00536 0.25347
vt 0.60629 0.90640
vt 0.09494 0.71946
vt 0.09483 0.78076
vt 0.36574 0.57827
vt 0.05698 0.88075
vt 0.95319 0.03906
vt 0.94629 0.02588
vt 0.77073 0.02002
vt 0.71724 0.90495
vt 0.62060 0.19721
vt 0.49519 0.03565
vt 0.13930 0.90884
vt 0.95245 0.01617
vt 0.76709 0.01386
vt 0.72340 0.90132
vt 0.14719 0.87715
vt 0.35898 0.07027
vt 0.14995 0.87312
vt 0.17501 0.87478
vt 0.17191 0.87620
vt 0.21408 0.74725
vt 0.24436 0.24491
vt 0.22217 0.75993
vt 0.18808 0.87329
vt 0.64276 0.61871
vt 0.05090 0.31658
vt 0.46526 0.72004
vt 0.16553 0.62890
vt 0.46082 0.67016
vt 0.21627 0.88322
vt 0.23441 0.87755
vt 0.72509 0.02338
vt 0.24845 0.88573
vt 0.40540 0.05029
vt 0.25974 0.87250
vt 0.85837 0.00983
vt 0.30903 0.87475
vt 0.43995 0.32078
vt 0.30225 0.22139
vt 0.64306 0.33057
vt 0.09209 0.04907
vt 0.56599 0.43998
vt 0.30787 0.62621
vt 0.56486 0.48159
vt 0.09815 0.31209
vt 0.43124 0.32276
vt 0.30814 0.21266
vt 0.00342 0.25563
vt 0.60435 0.90423
vt 0.89996 0.11609
vt 0.05553 0.59622
vt 0.90121 0.05225
vt 0.05765 0.58738
vt 0.17090 0.87314
vt 0.17383 0.63111
vt 0.68107 0.10317
vt 0.23192 0.62621
vt 0.09264 0.01530
vt 0.27170 0.87704
vt 0.27887 0.86920
vt 0.09229 0.02295
vt 0.36768 0.00897
vt 0.27935 0.87181
vt 0.92439 0.94127
vt 0.03832 0.25609
vt 0.66618 0.88420
vt 0.69261 0.88971
vt 0.10900 0.90484
vt 0.23629 0.11879
vt 0.17655 0.28824
vt 0.70613 0.88589
vt 0.12831 0.89847
vt 0.16712 0.87346
vt 0.62768 0.61743
vt 0.63102 0.59693
vt 0.02971 0.10202
vt 0.18428 0.61091
vt 0.47881 0.66030
vt 0.98451 0.52090
vt 0.62663 0.71923
vt 0.25707 0.89378
vt 0.26343 0.87654
vt 0.28927 0.87395
vt 0.85205 0.01514
vt 0.30271 0.87533
vt 0.85267 0.01489
vt 0.30333 0.87547
vt 0.44746 0.27729
vt 0.68656 0.32683
vt 0.86687 0.32769
vt 0.91365 0.69543
vt 0.42486 0.33056
vt 0.95601 0.93849
vt 0.58642 0.05420
vt 0.02358 0.26526
vt 0.62451 0.89462
vt 0.45902 0.08264
vt 0.35816 0.62898
vt 0.62553 0.89578
vt 0.05949 0.27285
vt 0.00342 0.09131
vt 0.49171 0.07411
vt 0.10114 0.71463
vt 0.66043 0.88702
vt 0.10323 0.88438
vt 0.18808 0.11696
vt 0.73773 0.89033
vt 0.06044 0.57873
vt 0.07449 0.57179
vt 0.23746 0.76405
vt 0.91991 0.10570
vt 0.07547 0.59466
vt 0.46632 0.09033
vt 0.16721 0.87915
vt 0.24952 0.12927
vt 0.34717 0.02754
vt 0.20464 0.89322
vt 0.69610 0.13005
vt 0.27172 0.15839
vt 0.20504 0.62158
vt 0.98164 0.52740
vt 0.41460 0.04475
vt 0.25420 0.88728
vt 0.68603 0.10791
vt 0.22718 0.62058
vt 0.37253 0.01050
vt 0.27782 0.87666
vt 0.27660 0.87343
vt 0.26729 0.61454
vt 0.88005 0.32969
vt 0.02393 0.03726
vt 0.35975 0.63503
vt 0.02121 0.87701
vt 0.02551 0.02971
vt 0.36133 0.63774
vt 0.11266 0.19292
vt 0.67646 0.89549
vt 0.11969 0.18503
vt 0.67747 0.88759
vt 0.14154 0.87845
vt 0.73487 0.89514
vt 0.19385 0.04485
vt 0.91225 0.13623
vt 0.18955 0.11940
vt 0.73642 0.89180
vt 0.68823 0.13623
vt 0.27828 0.16628
vt 0.69482 0.12001
vt 0.23268 0.62152
vt 0.49171 0.06456
vt 0.28977 0.88975
vt 0.29476 0.87713
vt 0.31443 0.22727
vt 0.64869 0.31838
vt 0.35238 0.22109
vt 0.67971 0.28043
vt 0.79211 0.92908
vt 0.95344 0.92346
vt 0.11806 0.89287
vt 0.17946 0.29659
vt 0.70593 0.88882
vt 0.62690 0.19493
vt 0.13916 0.90254
vt 0.37012 0.07276
vt 0.47642 0.08524
vt 0.16138 0.88426
vt 0.99019 0.52529
vt 0.47779 0.80073
vt 0.87869 0.95256
vt 0.91534 0.12602
vt 0.36829 0.11994
vt 0.18614 0.88522
vt 0.63464 0.59094
vt 0.23201 0.73217
vt 0.06314 0.31899
vt 0.63131 0.63349
vt 0.22931 0.89525
vt 0.74389 0.04236
vt 0.04346 0.01607
vt 0.19001 0.60964
vt 0.40089 0.04195
vt 0.72819 0.03369
vt 0.25139 0.88881
vt 0.67556 0.10782
vt 0.22727 0.61781
vt 0.49960 0.06690
vt 0.29767 0.89454
vt 0.45565 0.28731
vt 0.67652 0.31852
vt 0.09682 0.05127
vt 0.57073 0.44237
vt 0.23366 0.06690
vt 0.58161 0.44956
vt 0.30958 0.61608
vt 0.57499 0.47901
vt 0.83914 0.94479
vt 0.60163 0.04852
vt 0.63972 0.88957
vt 0.09958 0.76518
vt 0.67105 0.88447
vt 0.23822 0.11521
vt 0.17461 0.28467
vt 0.70559 0.88396
vt 0.59588 0.06741
vt 0.71894 0.88981
vt 0.59228 0.06154
vt 0.72001 0.89342
vt 0.48447 0.07080
vt 0.15016 0.89868
vt 0.06706 0.57906
vt 0.63542 0.58796
vt 0.23124 0.73608
vt 0.24643 0.61744
vt 0.25434 0.61245
vt 0.45592 0.27039
vt 0.69345 0.32399
vt 0.32731 0.89430
vt 0.87272 0.31121
vt 0.24227 0.06442
vt 0.57841 0.44097
vt 0.85640 0.94563
vt 0.89003 0.95778
vt 0.96437 0.78523
vt 0.03615 0.03857
vt 0.13107 0.04614
vt 0.82834 0.06006
vt 0.37197 0.65283
vt 0.00342 0.88923
vt 0.13219 0.06006
vt 0.82945 0.04614
vt 0.37510 0.63893
vt 0.01733 0.89236
vt 0.37362 0.63549
vt 0.58894 0.04990
vt 0.62701 0.89317
vt 0.37290 0.60807
vt 0.03473 0.27207
vt 0.63566 0.88782
vt 0.10091 0.75190
vt 0.08675 0.91087
vt 0.47622 0.08098
vt 0.15697 0.88850
vt 0.16898 0.89160
vt 0.24009 0.74508
vt 0.25072 0.73271
vt 0.47477 0.68002
vt 0.27283 0.89316
vt 0.23908 0.60853
vt 0.50980 0.06664
vt 0.30788 0.89894
vt 0.31676 0.89375
vt 0.45525 0.29046
vt 0.67338 0.31710
vt 0.22412 0.06177
vt 0.01402 0.02588
vt 0.58332 0.45911
vt 0.32139 0.23110
vt 0.65696 0.31144
vt 0.69104 0.28693
vt 0.80343 0.95065
vt 0.10785 0.72615
vt 0.10278 0.77255
vt 0.19930 0.04474
vt 0.74188 0.89191
vt 0.18383 0.12326
vt 0.73350 0.88608
vt 0.20912 0.05615
vt 0.92354 0.12096
vt 0.80511 0.04932
vt 0.07910 0.58622
vt 0.75169 0.88051
vt 0.23360 0.75735
vt 0.24320 0.74788
vt 0.35596 0.12647
vt 0.17382 0.89866
vt 0.63047 0.62983
vt 0.49851 0.68740
vt 0.27481 0.18264
vt 0.20803 0.61848
vt 0.67915 0.12291
vt 0.28763 0.17536
vt 0.26316 0.88818
vt 0.80681 0.94789
vt 0.04450 0.88771
vt 0.80908 0.06967
vt 0.64347 0.88215
vt 0.06932 0.57871
vt 0.91868 0.11063
vt 0.07425 0.58666
vt 0.35737 0.02881
vt 0.21648 0.90341
vt 0.28234 0.17482
vt 0.62174 0.71083
vt 0.48707 0.79080
vt 0.22661 0.61315
vt 0.24111 0.38468
vt 0.24340 0.60665
vt 0.30588 0.60543
vt 0.58564 0.47939
vt 0.82957 0.02634
vt 0.88037 0.02438
vt 0.38157 0.59821
vt 0.05418 0.28002
vt 0.82074 0.07666
vt 0.10829 0.71237
vt 0.65512 0.87987
vt 0.82741 0.03565
vt 0.88254 0.03369
vt 0.05586 0.90137
vt 0.11305 0.18550
vt 0.11719 0.18405
vt 0.17726 0.29293
vt 0.68261 0.88661
vt 0.17353 0.12216
vt 0.72866 0.87579
vt 0.07140 0.32554
vt 0.62307 0.63346
vt 0.24990 0.89570
vt 0.72940 0.03037
vt 0.25414 0.89003
vt 0.67141 0.11244
vt 0.28789 0.89648
vt 0.85693 0.33567
vt 0.44187 0.35624
vt 0.91586 0.70341
vt 0.32963 0.23780
vt 0.66938 0.30318
vt 0.43699 0.33921
vt 0.95785 0.95062
vt 0.42835 0.33141
vt 0.95454 0.94200
vt 0.13037 0.04771
vt 0.82763 0.05849
vt 0.02747 0.27749
vt 0.62840 0.88238
vt 0.11015 0.71449
vt 0.64808 0.87800
vt 0.10802 0.77700
vt 0.37894 0.57662
vt 0.11182 0.18267
vt 0.68220 0.88522
vt 0.62475 0.61387
vt 0.06836 0.31214
vt 0.62609 0.63757
vt 0.48272 0.71754
vt 0.23600 0.88836
vt 0.23682 0.92168
vt 0.49512 0.80212
vt 0.25936 0.90672
vt 0.66455 0.11547
vt 0.28627 0.18994
vt 0.21962 0.60702
vt 0.49139 0.79149
vt 0.23247 0.60540
vt 0.24697 0.39022
vt 0.69923 0.32100
vt 0.33028 0.89932
vt 0.28902 0.60491
vt 0.46171 0.27871
vt 0.68513 0.30838
vt 0.28615 0.57833
vt 0.30065 0.40320
vt 0.61274 0.48194
vt 0.51655 0.37493
vt 0.94427 0.96443
vt 0.11237 0.73100
vt 0.82731 0.06720
vt 0.90869 0.01146
vt 0.66169 0.87475
vt 0.08438 0.91179
vt 0.11417 0.16916
vt 0.68704 0.87173
vt 0.14388 0.90204
vt 0.14942 0.90863
vt 0.92505 0.11643
vt 0.08060 0.57903
vt 0.08167 0.57650
vt 0.24463 0.76072
vt 0.24437 0.75335
vt 0.17916 0.59716
vt 0.49256 0.67897
vt 0.48214 0.81103
vt 0.25422 0.89374
vt 0.26488 0.59226
vt 0.26143 0.60682
vt 0.86223 0.32055
vt 0.23293 0.06204
vt 0.01375 0.02029
vt 0.90440 0.68829
vt 0.16677 0.29731
vt 0.70593 0.87611
vt 0.15825 0.30030
vt 0.70776 0.86760
vt 0.35108 0.04765
vt 0.61674 0.59594
vt 0.24991 0.72857
vt 0.07636 0.31783
vt 0.61810 0.63650
vt 0.61625 0.71810
vt 0.24431 0.90416
vt 0.98663 0.51614
vt 0.62187 0.71641
vt 0.48695 0.79638
vt 0.25919 0.89854
vt 0.23348 0.60432
vt 0.24797 0.37870
vt 0.32268 0.90007
vt 0.69332 0.31032
vt 0.34098 0.90568
vt 0.44474 0.34043
vt 0.95636 0.95839
vt 0.67347 0.30678
vt 0.79248 0.01904
vt 0.38764 0.62438
vt 0.03186 0.90491
vt 0.79960 0.01721
vt 0.38827 0.62257
vt 0.81903 0.07341
vt 0.65341 0.87474
vt 0.11588 0.71653
vt 0.81884 0.03490
vt 0.89110 0.03294
vt 0.04730 0.90906
vt 0.11470 0.91769
vt 0.15283 0.29438
vt 0.70750 0.86218
vt 0.61006 0.06787
vt 0.71228 0.87564
vt 0.34717 0.12078
vt 0.16503 0.90340
vt 0.17002 0.90291
vt 0.17578 0.89741
vt 0.61727 0.61427
vt 0.35227 0.01990
vt 0.21599 0.89831
vt 0.42139 0.01065
vt 0.19205 0.60279
vt 0.75190 0.04834
vt 0.42451 0.00838
vt 0.70788 0.02986
vt 0.04862 0.02205
vt 0.19516 0.60163
vt 0.22591 0.60224
vt 0.23114 0.60105
vt 0.24564 0.38819
vt 0.23914 0.59985
vt 0.25364 0.39005
vt 0.00342 0.01984
vt 0.58936 0.44906
vt 0.89406 0.68704
vt 0.86285 0.32880
vt 0.91191 0.69654
vt 0.06226 0.28663
vt 0.82879 0.07283
vt 0.00616 0.07753
vt 0.91020 0.01709
vt 0.49445 0.08788
vt 0.66319 0.87326
vt 0.01566 0.08211
vt 0.50393 0.08330
vt 0.11713 0.91992
vt 0.16846 0.12647
vt 0.72578 0.87071
vt 0.24497 0.74293
vt 0.20757 0.90336
vt 0.77813 0.27393
vt 0.61303 0.64244
vt 0.49580 0.72241
vt 0.22660 0.90979
vt 0.42553 0.01221
vt 0.70654 0.03369
vt 0.19620 0.60298
vt 0.27485 0.59254
vt 0.32235 0.91579
vt 0.54615 0.59339
vt 0.74083 0.86398
vt 0.80420 0.04834
vt 0.08652 0.58524
vt 0.81878 0.04332
vt 0.09107 0.58022
vt 0.18546 0.90477
vt 0.20252 0.90529
vt 0.19124 0.59956
vt 0.71739 0.03174
vt 0.05260 0.02393
vt 0.19915 0.59213
vt 0.21222 0.58811
vt 0.24956 0.38627
vt 0.60380 0.45341
vt 0.88899 0.69140
vt 0.71337 0.28519
vt 0.82577 0.96216
vt 0.36611 0.91110
vt 0.12433 0.76126
vt 0.23708 0.21088
vt 0.91463 0.01109
vt 0.19678 0.08376
vt 0.66174 0.86882
vt 0.01801 0.07465
vt 0.50628 0.09076
vt 0.72050 0.86876
vt 0.73468 0.87242
vt 0.34327 0.01025
vt 0.73809 0.86706
vt 0.09371 0.58068
vt 0.25667 0.75164
vt 0.21471 0.58590
vt 0.50535 0.80131
vt 0.26815 0.91695
vt 0.27877 0.58924
vt 0.70246 0.29889
vt 0.35239 0.91246
vt 0.70796 0.31037
vt 0.34093 0.91704
vt 0.95169 0.95976
vt 0.92532 0.96411
vt 0.95534 0.74994
vt 0.79544 0.01689
vt 0.38769 0.62223
vt 0.64759 0.87098
vt 0.65504 0.86818
vt 0.39202 0.57948
vt 0.21910 0.08838
vt 0.68406 0.86419
vt 0.02492 0.07314
vt 0.51319 0.09229
vt 0.21697 0.08373
vt 0.68193 0.86885
vt 0.69094 0.86253
vt 0.09316 0.59046
vt 0.76812 0.86644
vt 0.09656 0.06909
vt 0.36512 0.05597
vt 0.60819 0.60424
vt 0.50889 0.71482
vt 0.84341 0.96136
vt 0.39008 0.63252
vt 0.02373 0.90735
vt 0.13021 0.71450
vt 0.39286 0.58894
vt 0.12621 0.76533
vt 0.23520 0.20716
vt 0.16152 0.91048
vt 0.17751 0.92448
vt 0.25393 0.73603
vt 0.02100 0.01816
vt 0.21077 0.90724
vt 0.07764 0.06960
vt 0.60656 0.62318
vt 0.24930 0.59019
vt 0.26380 0.38349
vt 0.61266 0.47758
vt 0.51513 0.37057
vt 0.63406 0.04591
vt 0.22608 0.07428
vt 0.45347 0.35821
vt 0.91389 0.71203
vt 0.85240 0.98978
vt 0.93475 0.82286
vt 0.12323 0.69847
vt 0.63943 0.86493
vt 0.12714 0.77339
vt 0.39805 0.57440
vt 0.11475 0.09628
vt 0.48087 0.09760
vt 0.53451 0.62135
vt 0.71287 0.85893
vt 0.53812 0.61189
vt 0.72235 0.86470
vt 0.46046 0.58924
vt 0.15727 0.91861
vt 0.19515 0.91342
vt 0.26000 0.72834
vt 0.09247 0.07080
vt 0.36683 0.06006
vt 0.60894 0.60835
vt 0.25771 0.71283
vt 0.23294 0.57943
vt 0.24744 0.39509
vt 0.50278 0.79261
vt 0.49996 0.78608
vt 0.28261 0.90990
vt 0.26229 0.39193
vt 0.26351 0.38762
vt 0.28853 0.91540
vt 0.26380 0.57412
vt 0.27828 0.39837
vt 0.40806 0.05740
vt 0.44912 0.33480
vt 0.95065 0.96277
vt 0.40203 0.63589
vt 0.02036 0.91930
vt 0.39530 0.63630
vt 0.01994 0.91257
vt 0.12348 0.04808
vt 0.12343 0.70443
vt 0.12331 0.71095
vt 0.66960 0.86038
vt 0.46915 0.62301
vt 0.12352 0.91838
vt 0.34815 0.01221
vt 0.54327 0.59710
vt 0.73713 0.86218
vt 0.02327 0.01651
vt 0.21387 0.90951
vt 0.02902 0.02197
vt 0.21648 0.91527
vt 0.20420 0.58184
vt 0.60475 0.70631
vt 0.25603 0.91566
vt 0.72438 0.24016
vt 0.60322 0.69619
vt 0.50559 0.77617
vt 0.30164 0.91516
vt 0.33071 0.90907
vt 0.41604 0.06458
vt 0.44767 0.34199
vt 0.40357 0.63447
vt 0.13433 0.71722
vt 0.65655 0.85748
vt 0.39625 0.58184
vt 0.14289 0.91690
vt 0.34647 0.01067
vt 0.73678 0.86384
vt 0.26613 0.71527
vt 0.77678 0.26566
vt 0.50013 0.72377
vt 0.24875 0.57998
vt 0.26325 0.40076
vt 0.31795 0.92184
vt 0.60870 0.45777
vt 0.88313 0.69575
vt 0.89383 0.69598
vt 0.41482 0.06864
vt 0.44874 0.34603
vt 0.95741 0.96239
vt 0.40958 0.06159
vt 0.40394 0.61050
vt 0.05098 0.91618
vt 0.64967 0.85982
vt 0.72873 0.04381
vt 0.40639 0.58479
vt 0.07146 0.92366
vt 0.95947 0.01801
vt 0.67951 0.86210
vt 0.68818 0.85986
vt 0.11223 0.92065
vt 0.53875 0.61486
vt 0.71937 0.86062
vt 0.49274 0.02988
vt 0.13819 0.91128
vt 0.48389 0.02684
vt 0.47303 0.60859
vt 0.13794 0.92015
vt 0.76596 0.85988
vt 0.60552 0.64506
vt 0.59588 0.63397
vt 0.76614 0.26509
vt 0.60246 0.65443
vt 0.59664 0.70039
vt 0.24981 0.92377
vt 0.28331 0.91398
vt 0.24388 0.58787
vt 0.41585 0.07471
vt 0.45969 0.35210
vt 0.40577 0.06104
vt 0.94836 0.96463
vt 0.09139 0.92554
vt 0.96788 0.02295
vt 0.68792 0.85737
vt 0.96689 0.01881
vt 0.14069 0.10010
vt 0.47706 0.12354
vt 0.61309 0.17253
vt 0.53069 0.64729
vt 0.68693 0.85577
vt 0.18978 0.91795
vt 0.19351 0.91562
vt 0.26938 0.71775
vt 0.76786 0.25728
vt 0.50816 0.73268
vt 0.59322 0.70629
vt 0.24312 0.92718
vt 0.72021 0.22411
vt 0.51023 0.78033
vt 0.00342 0.43879
vt 0.81299 0.08438
vt 0.43702 0.16310
vt 0.28983 0.92056
vt 0.26627 0.58054
vt 0.89285 0.70037
vt 0.45417 0.34278
vt 0.95406 0.96780
vt 0.94548 0.96710
vt 0.45670 0.34298
vt 0.95212 0.97034
vt 0.93889 0.97334
vt 0.93851 0.73639
vt 0.90974 0.97209
vt 0.95132 0.76551
vt 0.88261 0.97256
vt 0.94684 0.79265
vt 0.10694 0.05724
vt 0.13259 0.69709
vt 0.62484 0.85556
vt 0.13175 0.73919
vt 0.09120 0.91919
vt 0.67713 0.85502
vt 0.48469 0.10539
vt 0.70507 0.85373
vt 0.46984 0.61651
vt 0.13001 0.91917
vt 0.53845 0.58450
vt 0.54067 0.58415
vt 0.75007 0.85022
vt 0.46488 0.58332
vt 0.16321 0.92959
vt 0.49464 0.12503
vt 0.20749 0.92670
vt 0.21691 0.43171
vt 0.52506 0.69842
vt 0.19693 0.57264
vt 0.21143 0.42296
vt 0.51707 0.68968
vt 0.20381 0.57240
vt 0.59521 0.71179
vt 0.23537 0.92520
vt 0.22068 0.57710
vt 0.23516 0.40546
vt 0.59710 0.69656
vt 0.73098 0.24192
vt 0.59837 0.68959
vt 0.50954 0.79899
vt 0.26549 0.39538
vt 0.44147 0.16358
vt 0.29429 0.91800
vt 0.41157 0.62126
vt 0.03500 0.92883
vt 0.11888 0.06006
vt 0.13541 0.69477
vt 0.63679 0.85275
vt 0.13671 0.76580
vt 0.22472 0.19356
vt 0.40761 0.56867
vt 0.12811 0.09738
vt 0.53341 0.63471
vt 0.47723 0.60855
vt 0.13799 0.92514
vt 0.10439 0.59298
vt 0.06983 0.22033
vt 0.54408 0.55348
vt 0.78076 0.85522
vt 0.26735 0.73689
vt 0.59754 0.62118
vt 0.26911 0.70335
vt 0.75927 0.25827
vt 0.59545 0.66130
vt 0.20789 0.57476
vt 0.51185 0.80391
vt 0.26394 0.92345
vt 0.26918 0.39561
vt 0.40485 0.64469
vt 0.01155 0.92212
vt 0.71698 0.05225
vt 0.05971 0.92683
vt 0.73013 0.05052
vt 0.07286 0.92702
vt 0.53074 0.64068
vt 0.52712 0.62338
vt 0.51778 0.61546
vt 0.85811 0.13391
vt 0.48388 0.61431
vt 0.13222 0.92822
vt 0.15013 0.92374
vt 0.54548 0.56355
vt 0.77069 0.84666
vt 0.50423 0.12648
vt 0.21711 0.92712
vt 0.58204 0.69789
vt 0.23896 0.93837
vt 0.51058 0.79222
vt 0.26200 0.92218
vt 0.62284 0.47733
vt 0.54083 0.37032
vt 0.28127 0.57926
vt 0.29577 0.39866
vt 0.46769 0.34472
vt 0.94632 0.98132
vt 0.92738 0.72894
vt 0.13582 0.69946
vt 0.63632 0.85234
vt 0.71698 0.04129
vt 0.40917 0.59655
vt 0.05969 0.92644
vt 0.40934 0.61051
vt 0.13700 0.69335
vt 0.87816 0.10040
vt 0.64596 0.85115
vt 0.22039 0.19925
vt 0.41195 0.57436
vt 0.59770 0.16594
vt 0.67533 0.84038
vt 0.60488 0.18320
vt 0.52003 0.64408
vt 0.14975 0.68042
vt 0.11432 0.92718
vt 0.52238 0.63702
vt 0.52894 0.63375
vt 0.47971 0.62724
vt 0.11930 0.93106
vt 0.95068 0.05420
vt 0.52271 0.60563
vt 0.47915 0.59995
vt 0.14656 0.93083
vt 0.46987 0.59074
vt 0.15579 0.92418
vt 0.49581 0.13135
vt 0.20868 0.92660
vt 0.55616 0.09326
vt 0.59010 0.62306
vt 0.27655 0.70622
vt 0.73199 0.24215
vt 0.59715 0.68859
vt 0.73603 0.24224
vt 0.72273 0.22182
vt 0.51290 0.77781
vt 0.00609 0.43650
vt 0.25226 0.57882
vt 0.26676 0.40409
vt 0.29581 0.40493
vt 0.52139 0.37665
vt 0.46426 0.36274
vt 0.34820 0.92992
vt 0.86439 0.98860
vt 0.93954 0.81086
vt 0.15793 0.69836
vt 0.32087 0.31405
vt 0.61828 0.83023
vt 0.41318 0.61178
vt 0.04448 0.93045
vt 0.09932 0.92898
vt 0.52490 0.63162
vt 0.48147 0.61070
vt 0.13582 0.92665
vt 0.46101 0.56649
vt 0.18004 0.93024
vt 0.53628 0.56460
vt 0.07572 0.23076
vt 0.53364 0.55164
vt 0.08159 0.21775
vt 0.27912 0.73713
vt 0.10813 0.59046
vt 0.11414 0.59211
vt 0.27710 0.72322
vt 0.53368 0.08869
vt 0.58553 0.64552
vt 0.59265 0.70671
vt 0.23937 0.92776
vt 0.21894 0.44770
vt 0.51803 0.71441
vt 0.21317 0.56333
vt 0.22765 0.41018
vt 0.62051 0.46445
vt 0.87802 0.70245
vt 0.62664 0.05449
vt 0.46090 0.36678
vt 0.47538 0.36017
vt 0.91192 0.72721
vt 0.34055 0.34282
vt 0.59860 0.85023
vt 0.53759 0.02393
vt 0.08917 0.14760
vt 0.34171 0.36307
vt 0.34545 0.34397
vt 0.24854 0.02629
vt 0.35293 0.34998
vt 0.33950 0.35378
vt 0.42432 0.09780
vt 0.34490 0.33518
vt 0.59423 0.84523
vt 0.83003 0.15967
vt 0.54697 0.02089
vt 0.08704 0.13822
vt 0.33234 0.36004
vt 0.41146 0.61190
vt 0.04434 0.92873
vt 0.15134 0.73294
vt 0.21009 0.23780
vt 0.30811 0.34864
vt 0.33005 0.13069
vt 0.96591 0.05045
vt 0.52892 0.59040
vt 0.53989 0.57700
vt 0.75723 0.84527
vt 0.52122 0.58579
vt 0.54176 0.57719
vt 0.75703 0.84637
vt 0.08281 0.23229
vt 0.53211 0.55483
vt 0.46159 0.56429
vt 0.18224 0.93300
vt 0.47138 0.54601
vt 0.20052 0.95387
vt 0.27910 0.71652
vt 0.50733 0.01991
vt 0.57896 0.63030
vt 0.28769 0.70707
vt 0.52016 0.72682
vt 0.74696 0.24540
vt 0.59377 0.67362
vt 0.58520 0.66767
vt 0.76367 0.24117
vt 0.52045 0.73687
vt 0.22211 0.57259
vt 0.23661 0.40856
vt 0.24126 0.40963
vt 0.51965 0.78872
vt 0.01285 0.46145
vt 0.26517 0.40687
vt 0.80420 0.05647
vt 0.03941 0.14600
vt 0.47576 0.14800
vt 0.90352 0.84144
vt 0.32859 0.94418
vt 0.24689 0.08545
vt 0.35596 0.01221
vt 0.89397 0.72319
vt 0.61767 0.06104
vt 0.24247 0.08061
vt 0.46986 0.37333
vt 0.36039 0.00740
vt 0.84135 0.98357
vt 0.35651 0.93249
vt 0.08548 0.14791
vt 0.08411 0.15674
vt 0.35085 0.36060
vt 0.33471 0.34624
vt 0.33672 0.33471
vt 0.60243 0.84152
vt 0.54571 0.02185
vt 0.08679 0.13948
vt 0.32656 0.36065
vt 0.34022 0.14270
vt 0.14823 0.72319
vt 0.31160 0.33887
vt 0.71630 0.04562
vt 0.05904 0.93501
vt 0.13492 0.68467
vt 0.09949 0.93385
vt 0.31405 0.03746
vt 0.42832 0.02797
vt 0.50196 0.63787
vt 0.32392 0.03760
vt 0.51183 0.63752
vt 0.31202 0.03186
vt 0.42432 0.03355
vt 0.59847 0.20330
vt 0.49993 0.64187
vt 0.15007 0.67645
vt 0.11464 0.93210
vt 0.48135 0.60398
vt 0.46484 0.57548
vt 0.17105 0.93477
vt 0.07984 0.23093
vt 0.50396 0.12284
vt 0.59178 0.71029
vt 0.21682 0.92863
vt 0.54963 0.08862
vt 0.58546 0.62959
vt 0.57377 0.67694
vt 0.74060 0.22934
vt 0.52171 0.75995
vt 0.83171 0.10791
vt 0.00342 0.14591
vt 0.43977 0.14440
vt 0.86752 0.83784
vt 0.29259 0.94409
vt 0.62469 0.46941
vt 0.87509 0.70741
vt 0.83616 0.98511
vt 0.34597 0.93404
vt 0.62090 0.82564
vt 0.41468 0.59980
vt 0.88241 0.11180
vt 0.65020 0.83975
vt 0.87744 0.11186
vt 0.64524 0.83970
vt 0.41958 0.59881
vt 0.05743 0.93684
vt 0.41688 0.58201
vt 0.15738 0.05344
vt 0.66429 0.84100
vt 0.13991 0.67030
vt 0.10448 0.93310
vt 0.51351 0.62414
vt 0.48757 0.60053
vt 0.96275 0.04936
vt 0.52811 0.59356
vt 0.53098 0.58874
vt 0.52015 0.56947
vt 0.08203 0.23731
vt 0.52709 0.56397
vt 0.20594 0.93491
vt 0.50953 0.12270
vt 0.23101 0.45167
vt 0.53010 0.71836
vt 0.52261 0.79704
vt 0.25985 0.93420
vt 0.26888 0.92828
vt 0.26957 0.93262
vt 0.52427 0.77598
vt 0.01746 0.43529
vt 0.82600 0.09618
vt 0.43745 0.15010
vt 0.82069 0.05731
vt 0.45927 0.14884
vt 0.90845 0.84326
vt 0.33352 0.94282
vt 0.83575 0.99300
vt 0.91348 0.83951
vt 0.33854 0.94192
vt 0.93365 0.76449
vt 0.38369 0.37258
vt 0.30700 0.15837
vt 0.38167 0.36709
vt 0.78396 0.48682
vt 0.37096 0.38141
vt 0.31972 0.16335
vt 0.37723 0.36353
vt 0.04346 0.03593
vt 0.37122 0.36376
vt 0.36683 0.36692
vt 0.80810 0.15822
vt 0.05283 0.03662
vt 0.37305 0.35439
vt 0.44324 0.06972
vt 0.36539 0.37877
vt 0.32529 0.16439
vt 0.57873 0.05713
vt 0.35966 0.36416
vt 0.25237 0.03662
vt 0.36324 0.34615
vt 0.81169 0.15723
vt 0.56652 0.05335
vt 0.35587 0.37636
vt 0.56396 0.04501
vt 0.34754 0.37893
vt 0.34314 0.17104
vt 0.32850 0.36313
vt 0.33503 0.14519
vt 0.31965 0.35259
vt 0.33687 0.13465
vt 0.21068 0.20296
vt 0.42165 0.57809
vt 0.58730 0.17449
vt 0.12345 0.62762
vt 0.43581 0.03467
vt 0.50109 0.63037
vt 0.81212 0.24921
vt 0.12807 0.93429
vt 0.86534 0.13806
vt 0.49110 0.60880
vt 0.50294 0.61115
vt 0.83134 0.25055
vt 0.87054 0.13976
vt 0.49631 0.60497
vt 0.83751 0.25147
vt 0.52667 0.58970
vt 0.08560 0.24952
vt 0.51489 0.55947
vt 0.24529 0.19895
vt 0.00342 0.20409
vt 0.09352 0.21601
vt 0.29105 0.74316
vt 0.50243 0.02498
vt 0.28281 0.71435
vt 0.51473 0.11908
vt 0.22760 0.93811
vt 0.52418 0.09923
vt 0.57072 0.68669
vt 0.52522 0.79687
vt 0.25344 0.93681
vt 0.25359 0.42126
vt 0.47054 0.37549
vt 0.35970 0.00957
vt 0.89660 0.72000
vt 0.91441 0.74891
vt 0.38845 0.37562
vt 0.30225 0.16301
vt 0.77543 0.48594
vt 0.39033 0.36480
vt 0.78625 0.47912
vt 0.37690 0.38526
vt 0.31380 0.16176
vt 0.38407 0.35546
vt 0.79559 0.48345
vt 0.37411 0.36196
vt 0.25986 0.03146
vt 0.35808 0.33866
vt 0.81685 0.15061
vt 0.82513 0.14812
vt 0.33295 0.13947
vt 0.31545 0.35314
vt 0.33222 0.13519
vt 0.42650 0.59899
vt 0.05727 0.94377
vt 0.50770 0.63001
vt 0.50207 0.62422
vt 0.81828 0.24840
vt 0.26709 0.02350
vt 0.11975 0.93698
vt 0.84564 0.14946
vt 0.13864 0.94376
vt 0.51571 0.59202
vt 0.50388 0.56973
vt 0.28659 0.71917
vt 0.21056 0.93814
vt 0.26009 0.93899
vt 0.52789 0.77499
vt 0.02107 0.44117
vt 0.02249 0.45226
vt 0.54751 0.36471
vt 0.62634 0.47027
vt 0.86976 0.70826
vt 0.54488 0.36326
vt 0.44887 0.14594
vt 0.89693 0.72363
vt 0.89746 0.72172
vt 0.89787 0.72143
vt 0.84088 0.98965
vt 0.92340 0.83438
vt 0.92995 0.78648
vt 0.30961 0.16860
vt 0.38895 0.36257
vt 0.78848 0.48338
vt 0.05589 0.03124
vt 0.37140 0.35132
vt 0.35811 0.37675
vt 0.33257 0.16536
vt 0.25740 0.03471
vt 0.36133 0.34110
vt 0.35720 0.34095
vt 0.06636 0.15067
vt 0.34479 0.37676
vt 0.45347 0.02589
vt 0.34591 0.17737
vt 0.07765 0.14728
vt 0.42506 0.11386
vt 0.59478 0.82918
vt 0.07550 0.14192
vt 0.07179 0.13085
vt 0.32497 0.37111
vt 0.07736 0.13959
vt 0.33370 0.37131
vt 0.60926 0.83607
vt 0.07645 0.13208
vt 0.32619 0.36696
vt 0.33043 0.14902
vt 0.06987 0.12367
vt 0.32386 0.14713
vt 0.19754 0.22200
vt 0.09456 0.65411
vt 0.11331 0.68603
vt 0.07788 0.93608
vt 0.06291 0.93895
vt 0.87912 0.12647
vt 0.14148 0.07080
vt 0.64692 0.82510
vt 0.13916 0.04639
vt 0.34620 0.29673
vt 0.10007 0.94716
vt 0.49577 0.60076
vt 0.50303 0.58845
vt 0.49459 0.58795
vt 0.47724 0.57995
vt 0.51302 0.58990
vt 0.49108 0.57586
vt 0.50988 0.55727
vt 0.24611 0.20395
vt 0.01859 0.45679
vt 0.01863 0.13684
vt 0.45498 0.14067
vt 0.30269 0.18338
vt 0.76611 0.46557
vt 0.38764 0.35172
vt 0.79933 0.47590
vt 0.60121 0.82589
vt 0.11502 0.67442
vt 0.58866 0.19513
vt 0.13179 0.64826
vt 0.27694 0.02783
vt 0.44483 0.01122
vt 0.36475 0.02385
vt 0.66162 0.03333
vt 0.43311 0.00836
vt 0.34963 0.27979
vt 0.11702 0.94682
vt 0.27593 0.01976
vt 0.44816 0.01221
vt 0.12035 0.94582
vt 0.68603 0.03638
vt 0.81469 0.24045
vt 0.65135 0.02278
vt 0.86540 0.15180
vt 0.13916 0.02449
vt 0.50700 0.58886
vt 0.48954 0.58109
vt 0.48803 0.57580
vt 0.49467 0.56034
vt 0.25322 0.21917
vt 0.48734 0.56196
vt 0.25063 0.22650
vt 0.50813 0.55784
vt 0.24463 0.20571
vt 0.08870 0.23189
vt 0.28641 0.70979
vt 0.50668 0.02881
vt 0.28704 0.70654
vt 0.52663 0.10883
vt 0.57754 0.69628
vt 0.23951 0.94287
vt 0.58054 0.66313
vt 0.84096 0.83647
vt 0.26601 0.94707
vt 0.27036 0.42094
vt 0.54682 0.39265
vt 0.86607 0.70942
vt 0.54858 0.36443
vt 0.88623 0.72609
vt 0.81802 0.06006
vt 0.46194 0.15158
vt 0.92247 0.83333
vt 0.43485 0.07568
vt 0.32615 0.17278
vt 0.42899 0.12354
vt 0.59617 0.81950
vt 0.83195 0.13393
vt 0.04390 0.63035
vt 0.59048 0.20655
vt 0.49668 0.65283
vt 0.78967 0.24233
vt 0.12914 0.65968
vt 0.09369 0.94319
vt 0.58955 0.20555
vt 0.13237 0.65869
vt 0.48127 0.57725
vt 0.55967 0.69454
vt 0.15583 0.25846
vt 0.53378 0.79301
vt 0.24237 0.94539
vt 0.84100 0.81291
vt 0.52853 0.76291
vt 0.23616 0.43256
vt 0.58103 0.40427
vt 0.53623 0.69926
vt 0.86352 0.73883
vt 0.55113 0.39384
vt 0.87327 0.73858
vt 0.91646 0.78218
vt 0.91189 0.77780
vt 0.18520 0.37302
vt 0.90198 0.75798
vt 0.38096 0.34473
vt 0.21524 0.30730
vt 0.80632 0.48199
vt 0.80606 0.47634
vt 0.89810 0.02358
vt 0.23104 0.31063
vt 0.82211 0.47866
vt 0.90143 0.03369
vt 0.51708 0.03890
vt 0.22092 0.31037
vt 0.81201 0.47892
vt 0.81424 0.47517
vt 0.89795 0.03107
vt 0.52056 0.03627
vt 0.22356 0.31043
vt 0.53025 0.04053
vt 0.36973 0.34067
vt 0.21929 0.31353
vt 0.35822 0.33829
vt 0.81671 0.13579
vt 0.02866 0.63812
vt 0.06213 0.14173
vt 0.64047 0.82071
vt 0.58801 0.04150
vt 0.43113 0.58947
vt 0.10712 0.67671
vt 0.07169 0.94601
vt 0.20159 0.20896
vt 0.43075 0.58407
vt 0.95068 0.07471
vt 0.10762 0.65614
vt 0.44961 0.59181
vt 0.96954 0.06700
vt 0.09987 0.64843
vt 0.64149 0.02588
vt 0.14902 0.01929
vt 0.64506 0.01917
vt 0.14545 0.02588
vt 0.64111 0.02252
vt 0.14940 0.02531
vt 0.46856 0.55694
vt 0.18958 0.94823
vt 0.09786 0.22429
vt 0.29538 0.73462
vt 0.20856 0.94733
vt 0.56159 0.69689
vt 0.06412 0.04369
vt 0.15348 0.26384
vt 0.92422 0.14343
vt 0.22225 0.95882
vt 0.51273 0.02782
vt 0.57356 0.63819
vt 0.21218 0.26238
vt 0.29310 0.70622
vt 0.25649 0.43677
vt 0.93701 0.05156
vt 0.01703 0.03348
vt 0.11762 0.03375
vt 0.85394 0.75348
vt 0.56071 0.40848
vt 0.84825 0.72319
vt 0.56640 0.37819
vt 0.85142 0.71809
vt 0.56323 0.37308
vt 0.84805 0.99658
vt 0.06690 0.09424
vt 0.92902 0.82722
vt 0.91850 0.79779
vt 0.42335 0.07349
vt 0.32412 0.18428
vt 0.33257 0.17444
vt 0.44613 0.02783
vt 0.34255 0.18471
vt 0.66371 0.82477
vt 0.80624 0.24141
vt 0.80775 0.23883
vt 0.11200 0.94578
vt 0.84424 0.15476
vt 0.12902 0.94905
vt 0.10016 0.23952
vt 0.01798 0.19898
vt 0.30152 0.71756
vt 0.57139 0.64656
vt 0.29421 0.02158
vt 0.06490 0.01770
vt 0.25010 0.95822
vt 0.53512 0.74955
vt 0.53576 0.73509
vt 0.82751 0.80877
vt 0.53581 0.75877
vt 0.34400 0.07373
vt 0.99634 0.07471
vt 0.05985 0.07657
vt 0.83447 0.76599
vt 0.94354 0.05492
vt 0.86046 0.76060
vt 0.64306 0.26905
vt 0.33751 0.06654
vt 0.01622 0.04346
vt 0.84395 0.75880
vt 0.86241 0.74131
vt 0.55224 0.39632
vt 0.86294 0.73262
vt 0.05225 0.13317
vt 0.30623 0.15088
vt 0.05960 0.66867
vt 0.43403 0.59760
vt 0.05864 0.95129
vt 0.58642 0.03464
vt 0.43801 0.59348
vt 0.09819 0.67320
vt 0.06276 0.95528
vt 0.57870 0.16393
vt 0.66181 0.82138
vt 0.12918 0.65438
vt 0.12465 0.64758
vt 0.13037 0.65205
vt 0.80716 0.23397
vt 0.44906 0.01129
vt 0.37072 0.02393
vt 0.88721 0.01074
vt 0.63349 0.03857
vt 0.12125 0.94673
vt 0.37420 0.01952
vt 0.43743 0.00951
vt 0.89162 0.01611
vt 0.39663 0.01303
vt 0.35909 0.28093
vt 0.11588 0.95114
vt 0.88351 0.15737
vt 0.82737 0.23386
vt 0.47910 0.56545
vt 0.25966 0.23474
vt 0.92117 0.34743
vt 0.49738 0.55821
vt 0.25718 0.21645
vt 0.04054 0.47063
vt 0.58697 0.42260
vt 0.53642 0.71759
vt 0.83319 0.78257
vt 0.84080 0.77636
vt 0.32285 0.47733
vt 0.85394 0.74556
vt 0.56071 0.40056
vt 0.94211 0.05019
vt 0.85904 0.75682
vt 0.06987 0.07382
vt 0.90860 0.82425
vt 0.90324 0.80081
vt 0.78744 0.45444
vt 0.24892 0.31716
vt 0.84001 0.47213
vt 0.83493 0.46616
vt 0.23183 0.32203
vt 0.12842 0.22255
vt 0.36663 0.33971
vt 0.22025 0.31740
vt 0.30777 0.14002
vt 0.06998 0.65779
vt 0.19420 0.23114
vt 0.31418 0.12638
vt 0.08542 0.64416
vt 0.66630 0.03000
vt 0.43778 0.01221
vt 0.35297 0.28363
vt 0.11316 0.95149
vt 0.67282 0.03467
vt 0.34830 0.28008
vt 0.11672 0.95801
vt 0.69775 0.02272
vt 0.12288 0.95598
vt 0.87361 0.17237
vt 0.37810 0.25606
vt 0.86239 0.16320
vt 0.36689 0.25174
vt 0.25818 0.22368
vt 0.27301 0.20394
vt 0.03114 0.22119
vt 0.20679 0.26680
vt 0.30320 0.71064
vt 0.54014 0.78541
vt 0.23952 0.95174
vt 0.03333 0.47314
vt 0.54102 0.72721
vt 0.22754 0.43365
vt 0.58965 0.40536
vt 0.84631 0.82390
vt 0.54151 0.77389
vt 0.31086 0.54498
vt 0.03470 0.44129
vt 0.32471 0.06799
vt 0.97705 0.06242
vt 0.00342 0.04067
vt 0.10401 0.04053
vt 0.84674 0.76025
vt 0.84030 0.10997
vt 0.28173 0.08661
vt 0.81744 0.74270
vt 0.59721 0.39771
vt 0.54833 0.06493
vt 0.83525 0.72714
vt 0.57940 0.38215
vt 0.85106 0.72502
vt 0.85829 0.74087
vt 0.55636 0.39588
vt 0.93892 0.06494
vt 0.10423 0.03474
vt 0.85585 0.75447
vt 0.87517 0.74205
vt 0.89990 0.80465
vt 0.18413 0.39986
vt 0.06896 0.09027
vt 0.92505 0.82515
vt 0.25107 0.32000
vt 0.84216 0.46929
vt 0.13916 0.06932
vt 0.64840 0.82278
vt 0.10344 0.67243
vt 0.06801 0.95518
vt 0.66064 0.82666
vt 0.57400 0.19246
vt 0.11363 0.64559
vt 0.80238 0.22596
vt 0.89366 0.01045
vt 0.63322 0.03572
vt 0.39600 0.01869
vt 0.98975 0.03955
vt 0.12152 0.95319
vt 0.88200 0.16428
vt 0.69953 0.03452
vt 0.82344 0.22695
vt 0.38650 0.26934
vt 0.26004 0.22826
vt 0.26290 0.21405
vt 0.47530 0.54882
vt 0.93780 0.34661
vt 0.10608 0.23629
vt 0.02390 0.19208
vt 0.70315 0.75685
vt 0.47324 0.53811
vt 0.05029 0.04492
vt 0.92546 0.15726
vt 0.20842 0.95758
vt 0.56927 0.65609
vt 0.28467 0.01938
vt 0.59400 0.42565
vt 0.27979 0.11182
vt 0.81138 0.76793
vt 0.60327 0.42292
vt 0.06006 0.02393
vt 0.24524 0.95200
vt 0.81918 0.77420
vt 0.59547 0.42921
vt 0.54626 0.72419
vt 0.81447 0.73127
vt 0.60018 0.38628
vt 0.84402 0.80848
vt 0.54531 0.75848
vt 0.30706 0.54726
vt 0.85077 0.74455
vt 0.56388 0.39956
vt 0.89793 0.07080
vt 0.85910 0.77989
vt 0.86316 0.76986
vt 0.91272 0.80908
vt 0.25660 0.32398
vt 0.84767 0.46531
vt 0.60423 0.82399
vt 0.31183 0.13048
vt 0.08434 0.64825
vt 0.59986 0.03531
vt 0.43734 0.59922
vt 0.09245 0.65975
vt 0.96335 0.06108
vt 0.09862 0.64251
vt 0.65599 0.81639
vt 0.10372 0.62348
vt 0.69273 0.04443
vt 0.81936 0.23375
vt 0.62646 0.02856
vt 0.99649 0.03337
vt 0.70112 0.01733
vt 0.97868 0.03955
vt 0.36562 0.26853
vt 0.12828 0.95935
vt 0.84537 0.16442
vt 0.34986 0.26835
vt 0.12845 0.95871
vt 0.26770 0.19718
vt 0.02583 0.21239
vt 0.02106 0.20494
vt 0.56324 0.65415
vt 0.19622 0.25643
vt 0.57087 0.65196
vt 0.28881 0.02393
vt 0.84955 0.12647
vt 0.80821 0.75920
vt 0.86577 0.11270
vt 0.79199 0.74543
vt 0.84288 0.12232
vt 0.81486 0.75505
vt 0.81028 0.75586
vt 0.83935 0.11949
vt 0.28945 0.09613
vt 0.81839 0.75224
vt 0.56652 0.02490
vt 0.82782 0.80407
vt 0.54981 0.75407
vt 0.98001 0.07225
vt 0.05078 0.09290
vt 0.83691 0.77505
vt 0.83015 0.82881
vt 0.79318 0.02832
vt 0.03972 0.45743
vt 0.90524 0.05980
vt 0.86641 0.78039
vt 0.88721 0.06152
vt 0.84839 0.77897
vt 0.33045 0.47597
vt 0.84918 0.78665
vt 0.33123 0.47654
vt 0.27579 0.04053
vt 0.87739 0.81694
vt 0.86766 0.78708
vt 0.34971 0.47205
vt 0.87341 0.77948
vt 0.35547 0.47901
vt 0.31281 0.49651
vt 0.18195 0.39498
vt 0.27198 0.03522
vt 0.88121 0.81163
vt 0.30903 0.51008
vt 0.17816 0.40685
vt 0.18030 0.36497
vt 0.24086 0.32331
vt 0.36286 0.33741
vt 0.02402 0.63725
vt 0.22255 0.32413
vt 0.33326 0.18698
vt 0.02945 0.67686
vt 0.05577 0.15526
vt 0.44288 0.01958
vt 0.34131 0.18796
vt 0.03749 0.67030
vt 0.05922 0.14189
vt 0.05087 0.67221
vt 0.62370 0.81143
vt 0.07143 0.60603
vt 0.64067 0.81845
vt 0.08841 0.61044
vt 0.35453 0.28836
vt 0.10843 0.95924
vt 0.92863 0.37046
vt 0.12085 0.22159
vt 0.31838 0.73462
vt 0.69940 0.74217
vt 0.30919 0.73416
vt 0.11466 0.23020
vt 0.69834 0.75076
vt 0.80160 0.74743
vt 0.55810 0.67532
vt 0.17505 0.25173
vt 0.83566 0.20948
vt 0.23066 0.95746
vt 0.03905 0.48200
vt 0.54354 0.75145
vt 0.82332 0.79892
vt 0.55010 0.74891
vt 0.82968 0.84004
vt 0.06955 0.01769
vt 0.79307 0.03955
vt 0.25475 0.95824
vt 0.03662 0.09424
vt 0.82988 0.78921
vt 0.83513 0.79597
vt 0.30805 0.55615
vt 0.83777 0.79004
vt 0.31983 0.46658
vt 0.28557 0.03960
vt 0.86761 0.81601
vt 0.30958 0.52367
vt 0.86659 0.76629
vt 0.65537 0.26291
vt 0.87903 0.75471
vt 0.64582 0.25048
vt 0.88418 0.75018
vt 0.89526 0.80978
vt 0.89850 0.81886
vt 0.89497 0.76698
vt 0.93573 0.02588
vt 0.64451 0.23453
vt 0.18297 0.36220
vt 0.93211 0.02000
vt 0.64848 0.23815
vt 0.89355 0.75761
vt 0.38721 0.03467
vt 0.25612 0.32552
vt 0.30768 0.18978
vt 0.23703 0.33138
vt 0.23331 0.33329
vt 0.13968 0.22176
vt 0.32245 0.19678
vt 0.01865 0.66606
vt 0.05241 0.14665
vt 0.04610 0.67054
vt 0.64775 0.81617
vt 0.09548 0.61450
vt 0.44314 0.59324
vt 0.09845 0.65763
vt 0.57411 0.16590
vt 0.65840 0.81677
vt 0.10613 0.61903
vt 0.78564 0.22628
vt 0.36977 0.30713
vt 0.08968 0.95924
vt 0.14424 0.04291
vt 0.09886 0.95224
vt 0.15257 0.03301
vt 0.35956 0.29923
vt 0.09758 0.96057
vt 0.81654 0.22458
vt 0.38065 0.27623
vt 0.39828 0.01904
vt 0.99010 0.02969
vt 0.36074 0.27492
vt 0.12189 0.96304
vt 0.26577 0.23159
vt 0.02806 0.20256
vt 0.48067 0.53976
vt 0.69287 0.05368
vt 0.92970 0.15892
vt 0.94687 0.34948
vt 0.70852 0.05194
vt 0.41387 0.02086
vt 0.91406 0.16162
vt 0.60883 0.26416
vt 0.94417 0.36513
vt 0.20761 0.27784
vt 0.31164 0.72168
vt 0.97130 0.24251
vt 0.60525 0.21366
vt 0.71234 0.75204
vt 0.05458 0.04639
vt 0.92692 0.15297
vt 0.29029 0.10735
vt 0.81331 0.76345
vt 0.24855 0.95538
vt 0.24540 0.95779
vt 0.82177 0.79338
vt 0.54966 0.74337
vt 0.82779 0.74379
vt 0.55712 0.01646
vt 0.81865 0.74304
vt 0.55435 0.06374
vt 0.33593 0.45777
vt 0.55035 0.76396
vt 0.30202 0.53715
vt 0.87965 0.77786
vt 0.36170 0.46940
vt 0.92627 0.01682
vt 0.65086 0.24399
vt 0.82606 0.44521
vt 0.15047 0.24463
vt 0.39876 0.02643
vt 0.26769 0.33230
vt 0.85876 0.45699
vt 0.25359 0.32880
vt 0.22988 0.34037
vt 0.14676 0.22747
vt 0.05441 0.14295
vt 0.04982 0.67124
vt 0.63595 0.81263
vt 0.08370 0.60656
vt 0.30420 0.11992
vt 0.08554 0.63771
vt 0.18701 0.22203
vt 0.09453 0.63949
vt 0.34981 0.27451
vt 0.12229 0.96016
vt 0.27811 0.21852
vt 0.26947 0.20537
vt 0.70381 0.06006
vt 0.40577 0.01614
vt 0.91878 0.16136
vt 0.70773 0.05705
vt 0.85692 0.10411
vt 0.80084 0.73684
vt 0.55711 0.08154
vt 0.82498 0.74888
vt 0.55993 0.02156
vt 0.34301 0.46987
vt 0.27858 0.47895
vt 0.14772 0.40150
vt 0.66421 0.22905
vt 0.16327 0.36994
vt 0.39722 0.02892
vt 0.26615 0.32978
vt 0.24645 0.33376
vt 0.32276 0.18795
vt 0.01895 0.68002
vt 0.81973 0.12543
vt 0.58219 0.06690
vt 0.03168 0.64155
vt 0.06410 0.65583
vt 0.45293 0.59475
vt 0.09694 0.64732
vt 0.57212 0.17707
vt 0.17102 0.03369
vt 0.10819 0.63020
vt 0.35784 0.29244
vt 0.70585 0.02295
vt 0.36927 0.27414
vt 0.12267 0.96408
vt 0.27726 0.22614
vt 0.39281 0.19294
vt 0.03314 0.19643
vt 0.69879 0.76736
vt 0.71537 0.78552
vt 0.60337 0.25425
vt 0.95308 0.35967
vt 0.71704 0.79263
vt 0.60386 0.23740
vt 0.71801 0.77578
vt 0.87015 0.10666
vt 0.78759 0.73941
vt 0.86896 0.10425
vt 0.78880 0.73698
vt 0.20101 0.26807
vt 0.23062 0.96410
vt 0.04137 0.46679
vt 0.84900 0.80960
vt 0.29821 0.54229
vt 0.35863 0.45763
vt 0.16797 0.38705
vt 0.31049 0.19637
vt 0.00667 0.67248
vt 0.77839 0.45260
vt 0.02956 0.66493
vt 0.03639 0.66963
vt 0.03960 0.66923
vt 0.15967 0.03210
vt 0.10262 0.64155
vt 0.79661 0.21688
vt 0.37783 0.29616
vt 0.81118 0.21689
vt 0.37902 0.28159
vt 0.98216 0.03020
vt 0.37116 0.26503
vt 0.29044 0.23780
vt 0.39806 0.20459
vt 0.90283 0.37821
vt 0.27807 0.22318
vt 0.39112 0.18997
vt 0.59716 0.21808
vt 0.70900 0.75648
vt 0.15283 0.27288
vt 0.91650 0.24265
vt 0.91749 0.15247
vt 0.15947 0.26525
vt 0.19350 0.25783
vt 0.17885 0.26003
vt 0.94252 0.24335
vt 0.18587 0.26459
vt 0.94954 0.24837
vt 0.23896 0.96637
vt 0.36895 0.19521
vt 0.96651 0.08194
vt 0.05457 0.47018
vt 0.38410 0.20180
vt 0.21469 0.33225
vt 0.22483 0.33587
vt 0.02351 0.64675
vt 0.21305 0.33146
vt 0.81802 0.12361
vt 0.02997 0.64205
vt 0.03479 0.65402
vt 0.56396 0.06415
vt 0.04448 0.65978
vt 0.07431 0.61346
vt 0.56884 0.18030
vt 0.16779 0.03041
vt 0.10616 0.63343
vt 0.60505 0.22678
vt 0.71270 0.76516
vt 0.60681 0.23427
vt 0.83416 0.20064
vt 0.83696 0.19117
vt 0.05736 0.49268
vt 0.05795 0.48284
vt 0.78076 0.03592
vt 0.26059 0.97055
vt 0.05212 0.45206
vt 0.28128 0.50982
vt 0.88415 0.78595
vt 0.36622 0.45963
vt 0.26970 0.49250
vt 0.25553 0.34246
vt 0.84662 0.44683
vt 0.25315 0.33820
vt 0.00342 0.66693
vt 0.19287 0.33869
vt 0.78395 0.45060
vt 0.37046 0.28685
vt 0.81578 0.21752
vt 0.97021 0.03091
vt 0.37061 0.27698
vt 0.96263 0.25303
vt 0.61576 0.22231
vt 0.89059 0.77783
vt 0.67636 0.23891
vt 0.67247 0.23259
vt 0.02156 0.65122
vt 0.20856 0.34125
vt 0.01968 0.65611
vt 0.20369 0.33593
vt 0.22040 0.33715
vt 0.57754 0.06564
vt 0.03450 0.64620
vt 0.05124 0.63992
vt 0.27701 0.21228
vt 0.91839 0.36838
vt 0.70866 0.05808
vt 0.40775 0.02100
vt 0.90262 0.15769
vt 0.60819 0.23105
vt 0.61442 0.25531
vt 0.95445 0.25936
vt 0.62210 0.23050
vt 0.23432 0.97865
vt 0.37266 0.20748
vt 0.24338 0.97278
vt 0.96631 0.08960
vt 0.37644 0.20160
vt 0.05743 0.45853
vt 0.28719 0.53632
vt 0.33703 0.45058
vt 0.90869 0.02588
vt 0.12479 0.40177
vt 0.24468 0.34456
vt 0.22509 0.34626
vt 0.15265 0.22541
vt 0.81845 0.18116
vt 0.21756 0.98578
vt 0.26558 0.98302
vt 0.06461 0.44707
vt 0.23165 0.36890
vt 0.82272 0.42039
vt 0.04239 0.64910
vt 0.39661 0.19426
vt 0.68846 0.78579
vt 0.85013 0.79960
vt 0.28460 0.54116
vt 0.33219 0.44800
vt 0.20377 0.35137
vt 0.79484 0.43792
vt 0.84221 0.43902
vt 0.28707 0.22004
vt 0.39898 0.18683
vt 0.75640 0.33057
vt 0.93046 0.25299
vt 0.61573 0.25447
vt 0.82776 0.17920
vt 0.67405 0.08142
vt 0.03479 0.12940
vt 0.24741 0.98114
vt 0.97467 0.09717
vt 0.91115 0.79237
vt 0.69830 0.21836
vt 0.91878 0.05077
vt 0.12918 0.38759
vt 0.39321 0.42345
vt 0.20098 0.34908
vt 0.79207 0.44021
vt 0.25972 0.34957
vt 0.85080 0.43972
vt 0.29488 0.21369
vt 0.05301 0.21935
vt 0.76641 0.32274
vt 0.67588 0.78482
vt 0.78589 0.32227
vt 0.69535 0.79100
vt 0.92866 0.38846
vt 0.69262 0.79982
vt 0.98112 0.08463
vt 0.06918 0.45997
vt 0.28208 0.52992
vt 0.34342 0.44547
vt 0.88875 0.79205
vt 0.37081 0.45287
vt 0.23905 0.35079
vt 0.83012 0.43850
vt 0.15718 0.23328
vt 0.21729 0.35033
vt 0.90298 0.16146
vt 0.61991 0.25830
vt 0.93733 0.25879
vt 0.62152 0.24761
vt 0.93129 0.26905
vt 0.89111 0.15767
vt 0.63177 0.25367
vt 0.05907 0.47497
vt 0.37966 0.20632
vt 0.23383 0.98054
vt 0.36435 0.20937
vt 0.25904 0.35198
vt 0.85013 0.43731
vt 0.42289 0.18163
vt 0.40572 0.17922
vt 0.74966 0.32824
vt 0.23255 0.98706
vt 0.68562 0.08992
vt 0.35987 0.21588
vt 0.27524 0.53181
vt 0.34154 0.43864
vt 0.42078 0.17923
vt 0.73460 0.32869
vt 0.43418 0.18215
vt 0.72119 0.32059
vt 0.42205 0.19509
vt 0.87884 0.38674
vt 0.41273 0.17433
vt 0.74266 0.32407
vt 0.37745 0.04620
vt 0.36652 0.18317
vt 0.71098 0.14563
vt 0.72583 0.32206
vt 0.25895 0.99658
vt 0.99011 0.09627
vt 0.07817 0.45373
vt 0.27982 0.53506
vt 0.33828 0.44323
vt 0.37436 0.44562
vt 0.83040 0.43151
vt 0.16417 0.24245
vt 0.24076 0.36728
vt 0.17368 0.23734
vt 0.22095 0.36526
vt 0.81202 0.42403
vt 0.91568 0.38466
vt 0.81299 0.17382
vt 0.20855 0.99312
vt 0.66162 0.09619
vt 0.82287 0.17356
vt 0.66694 0.08631
vt 0.22377 0.99210
vt 0.67686 0.08746
vt 0.27440 0.52241
vt 0.35093 0.43781
vt 0.69435 0.79344
vt 0.68197 0.08096
vt 0.36883 0.21804
vt 0.03331 0.12148
vt 0.27262 0.51269
vt 0.36065 0.43601
vt 0.26252 0.50155
vt 0.37179 0.42593
vt 0.37379 0.43394
vt 0.76243 0.06006
vt 0.02716 0.16974
vt 0.89303 0.30030
vt 0.02812 0.15344
vt 0.90933 0.28856
vt 0.62187 0.14752
vt 0.02005 0.16048
vt 0.62992 0.15869
vt 0.75073 0.31336
vt 0.77484 0.32085
vt 0.83325 0.16722
vt 0.08130 0.49111
vt 0.02281 0.12883
vt 0.91260 0.05539
vt 0.38717 0.42962
vt 0.74658 0.05713
vt 0.04302 0.16681
vt 0.89596 0.29216
vt 0.04486 0.15703
vt 0.90575 0.29680
vt 0.01363 0.16933
vt 0.63635 0.15267
vt 0.01552 0.18506
vt 0.10214 0.09015
vt 0.72929 0.01294
vt 0.12831 0.02757
vt 0.87771 0.28740
vt 0.63447 0.14636
vt 0.43517 0.19132
vt 0.38830 0.06104
vt 0.64892 0.06772
vt 0.70013 0.15125
vt 0.72021 0.31121
vt 0.86572 0.39419
vt 0.77090 0.30729
vt 0.68037 0.77807
vt 0.92131 0.39780
vt 0.68527 0.80420
vt 0.21309 0.99266
vt 0.68135 0.08336
vt 0.36641 0.21852
vt 0.08145 0.47593
vt 0.37760 0.22869
vt 0.23418 0.36092
vt 0.16732 0.22773
vt 0.87947 0.28357
vt 0.35811 0.16870
vt 0.73423 0.31431
vt 0.35303 0.16948
vt 0.73933 0.31382
vt 0.75232 0.31394
vt 0.78018 0.31762
vt 0.68965 0.79554
vt 0.26584 0.51295
vt 0.36040 0.42924
vt 0.83174 0.41776
vt 0.17792 0.24025
vt 0.10419 0.09912
vt 0.86874 0.29215
vt 0.16455 0.04062
vt 0.09177 0.09909
vt 0.38247 0.17087
vt 0.86879 0.29543
vt 0.38422 0.17742
vt 0.86223 0.29543
vt 0.09390 0.08392
vt 0.64271 0.15097
vt 0.17864 0.04932
vt 0.08006 0.08501
vt 0.37076 0.15679
vt 0.07509 0.06201
vt 0.17295 0.04164
vt 0.08481 0.09070
vt 0.37462 0.17795
vt 0.88229 0.39359
vt 0.89918 0.40333
vt 0.73930 0.06514
vt 0.75583 0.30895
vt 0.67019 0.08653
vt 0.67568 0.08661
vt 0.37154 0.22045
vt 0.03090 0.11492
vt 0.25074 0.46633
vt 0.11987 0.41346
vt 0.75335 0.05566
vt 0.89741 0.28795
vt 0.92236 0.08740
vt 0.64558 0.12982
vt 0.74163 0.15183
vt 0.37888 0.18799
vt 0.70146 0.15799
vt 0.85167 0.29015
vt 0.37183 0.16895
vt 0.72053 0.31270
vt 0.65708 0.07373
vt 0.86741 0.40233
vt 0.40871 0.08168
vt 0.74244 0.30393
vt 0.65191 0.76425
vt 0.91197 0.39760
vt 0.24001 0.36728
vt 0.17368 0.23062
vt 0.72683 0.00970
vt 0.31109 0.05098
vt 0.87524 0.28801
vt 0.68779 0.16669
vt 0.84814 0.27646
vt 0.00342 0.17574
vt 0.64656 0.14591
vt 0.08356 0.07779
vt 0.65306 0.14108
vt 0.39324 0.05705
vt 0.69519 0.15395
vt 0.36312 0.15648
vt 0.72923 0.29766
vt 0.63871 0.75412
vt 0.08769 0.48566
vt 0.01642 0.12337
vt 0.24198 0.47189
vt 0.83493 0.41590
vt 0.17978 0.24207
vt 0.23268 0.36907
vt 0.89610 0.27834
vt 0.62060 0.13729
vt 0.95048 0.15656
vt 0.12451 0.03857
vt 0.86671 0.28351
vt 0.72509 0.01611
vt 0.13149 0.03177
vt 0.31011 0.04457
vt 0.87352 0.28704
vt 0.88229 0.40381
vt 0.68684 0.80133
vt 0.23603 0.45855
vt 0.10517 0.41007
vt 0.23424 0.37159
vt 0.82531 0.41770
vt 0.17797 0.23452
vt 0.85978 0.27593
vt 0.30932 0.05278
vt 0.87272 0.28624
vt 0.94363 0.07239
vt 0.62432 0.12667
vt 0.94678 0.14673
vt 0.41663 0.12354
vt 0.59883 0.73136
vt 0.07959 0.08144
vt 0.07384 0.05844
vt 0.65702 0.14444
vt 0.37003 0.23670
vt 0.01463 0.10994
vt 0.25737 0.49935
vt 0.37400 0.42077
vt 0.29639 0.05518
vt 0.87727 0.27332
vt 0.08852 0.47950
vt 0.24979 0.48931
vt 0.38402 0.41320
vt 0.65113 0.13539
vt 0.72021 0.07471
vt 0.75488 0.28986
vt 0.66435 0.78074
vt 0.92961 0.06494
vt 0.91511 0.02588
vt 0.73779 0.03467
vt 0.11835 0.40177
vt 0.19678 0.06387
vt 0.40247 0.41262
vt 0.86661 0.27315
vt 0.36431 0.24199
vt 0.00935 0.11450
vt 0.44912 0.04639
vt 0.25585 0.50443
vt 0.36892 0.41924
vt 0.37256 0.14861
vt 0.05811 0.05383
vt 0.65475 0.12871
vt 0.62925 0.74626
vt 0.72792 0.06001
vt 0.75526 0.29757
vt 0.09738 0.47820
vt 0.37285 0.24463
vt 0.00671 0.11592
vt 0.45768 0.04497
vt 0.33063 0.01363
vt 0.24811 0.14524
vt 0.26792 0.14304
vt 0.33602 0.01779
vt 0.74984 0.13037
vt 0.26253 0.14719
vt 0.74853 0.12718
vt 0.26123 0.14926
vt 0.88725 0.27225
vt 0.95660 0.16541
vt 0.67427 0.15116
vt 0.62977 0.79260
vt 0.65393 0.12567
vt 0.73750 0.15489
vt 0.62843 0.74945
vt 0.66809 0.07350
vt 0.68096 0.14336
vt 0.87361 0.41335
vt 0.63758 0.80142
vt 0.89076 0.41311
vt 0.65473 0.79942
vt 0.90063 0.41352
vt 0.66459 0.78524
vt 0.75366 0.12677
vt 0.26635 0.14801
vt 0.32862 0.01904
vt 0.25353 0.15048
vt 0.75724 0.13388
vt 0.89100 0.42165
vt 0.65496 0.80198
vt 0.63972 0.75875
vt 0.97762 0.14194
vt 0.56799 0.72657
vt 0.55712 0.03239
vt 0.97520 0.14934
vt 0.98749 0.15119
vt 0.55810 0.73582
vt 0.85745 0.25824
vt 0.32471 0.05670
vt 0.58601 0.77983
vt 0.68061 0.17627
vt 0.85168 0.26931
vt 0.92653 0.08249
vt 0.69287 0.09268
vt 0.74098 0.14691
vt 0.61592 0.74147
vt 0.69570 0.08440
vt 0.73814 0.13863
vt 0.92183 0.04346
vt 0.85249 0.21143
vt 0.85249 0.21895
vt 0.84521 0.21007
vt 0.84521 0.22031
vt 0.91873 0.03352
vt 0.85559 0.20906
vt 0.85559 0.22132
vt 0.75703 0.12154
vt 0.26973 0.15088
vt 0.56912 0.03760
vt 0.97383 0.15456
vt 0.57177 0.73919
vt 0.56004 0.03555
vt 0.97498 0.15251
vt 0.87248 0.26024
vt 0.95721 0.18018
vt 0.33973 0.05908
vt 0.89071 0.22968
vt 0.27814 0.12131
vt 0.67041 0.17348
vt 0.85064 0.25910
vt 0.60746 0.78665
vt 0.00342 0.12050
vt 0.45118 0.04039
vt 0.49529 0.01270
vt 0.00545 0.12152
vt 0.44483 0.03937
vt 0.49429 0.01904
vt 0.24601 0.48467
vt 0.38866 0.40940
vt 0.91847 0.02477
vt 0.74113 0.03226
vt 0.83642 0.01756
vt 0.11501 0.40067
vt 0.76643 0.12680
vt 0.96094 0.15920
vt 0.88698 0.20423
vt 0.58466 0.74383
vt 0.96295 0.14510
vt 0.67921 0.16519
vt 0.61573 0.79022
vt 0.63175 0.75525
vt 0.41558 0.09784
vt 0.65878 0.77813
vt 0.44721 0.03484
vt 0.48975 0.01666
vt 0.83984 0.01952
vt 0.11160 0.40262
vt 0.21631 0.03955
vt 0.38624 0.11501
vt 0.56843 0.72839
vt 0.33469 0.04463
vt 0.24083 0.13997
vt 0.27768 0.13576
vt 0.57394 0.76985
vt 0.65571 0.12280
vt 0.63021 0.75114
vt 0.63845 0.77122
vt 0.40577 0.10401
vt 0.73948 0.28161
vt 0.64895 0.78428
vt 0.74922 0.03067
vt 0.84451 0.02295
vt 0.20819 0.06816
vt 0.22098 0.03954
vt 0.90869 0.03848
vt 0.86563 0.22686
vt 0.70401 0.09223
vt 0.33956 0.03760
vt 0.60836 0.74101
vt 0.72621 0.16194
vt 0.62409 0.75650
vt 0.89982 0.42237
vt 0.66378 0.78581
vt 0.86058 0.18384
vt 0.86058 0.24654
vt 0.33838 0.08083
vt 0.85301 0.23145
vt 0.97444 0.16490
vt 0.87349 0.20084
vt 0.87349 0.22954
vt 0.88600 0.19701
vt 0.88600 0.23337
vt 0.62667 0.78494
vt 0.61917 0.78627
vt 0.89659 0.08005
vt 0.97314 0.12782
vt 0.64614 0.79109
vt 0.10710 0.40587
vt 0.22080 0.03752
vt 0.77429 0.11720
vt 0.28699 0.14046
vt 0.89032 0.19706
vt 0.58801 0.74363
vt 0.21729 0.15088
vt 0.77002 0.13428
vt 0.77194 0.09718
vt 0.23363 0.01964
vt 0.59750 0.78074
vt 0.22994 0.10791
vt 0.39847 0.11090
vt 0.58067 0.72781
vt 0.61253 0.77745
vt 0.97636 0.11902
vt 0.63095 0.76811
vt 0.91473 0.07834
vt 0.60131 0.77920
vt 0.71559 0.09424
vt 0.33577 0.02602
vt 0.71826 0.14847
vt 0.60458 0.74302
vt 0.88006 0.18718
vt 0.57775 0.74258
vt 0.62329 0.76515
vt 0.22901 0.46215
vt 0.09815 0.41456
vt 0.21698 0.07666
vt 0.41120 0.39240
vt 0.22977 0.03482
vt 0.35372 0.08243
vt 0.86835 0.23873
vt 0.35969 0.08252
vt 0.87430 0.24146
vt 0.57198 0.75839
vt 0.33155 0.03087
vt 0.60035 0.74752
vt 0.22315 0.02701
vt 0.59013 0.77777
vt 0.87178 0.18553
vt 0.77871 0.13101
vt 0.74659 0.10587
vt 0.89224 0.23885
vt 0.28731 0.11978
vt 0.58991 0.76164
vt 0.60096 0.75035
vt 0.71923 0.17627
vt 0.60999 0.77082
vt 0.61697 0.76257
vt 0.97708 0.10414
vt 0.72166 0.16703
vt 0.61219 0.76158
vt 0.72129 0.16426
vt 0.61509 0.75882
vt 0.61006 0.78146
vt 0.53759 0.03769
vt 0.98373 0.12303
vt 0.62084 0.77119
vt 0.62139 0.78601
vt 0.54893 0.03857
vt 0.89683 0.08977
vt 0.87535 0.17989
vt 0.87535 0.25049
vt 0.57302 0.75479
vt 0.89212 0.08985
vt 0.98293 0.13230
vt 0.78270 0.12177
vt 0.74463 0.10986
vt 0.29540 0.13951
vt 0.20264 0.09540
vt 0.22351 0.02783
vt 0.29284 0.12039
vt 0.58930 0.77029
vt 0.22174 0.09746
vt 0.89718 0.24211
vt 0.59486 0.75576
vt 0.87443 0.18436
vt 0.57211 0.74395
vt 0.29657 0.11942
vt 0.59026 0.76767
vt 0.59931 0.75482
vt 0.59767 0.77322
vt 0.89014 0.09815
vt 0.99124 0.13428
vt 0.54943 0.03104
vt 0.89699 0.09731
vt 0.99040 0.12743
vn -0.9291 -0.0236 -0.3701
vn -0.9291 -0.0236 -0.3701
vn 0.4094 -0.2362 0.8819
vn 0.4094 -0.2362 0.8819
vn -1.0000 0.0394 0.0630
vn -1.0000 0.0394 0.0630
vn -1.0000 0.0394 0.0630
vn 0.4567 -0.0157 0.8898
vn 0.4567 -0.0157 0.8898
vn 0.3701 -0.2441 0.8976
vn 0.2992 -0.0315 0.9528
vn 0.2992 -0.0315 0.9528
vn -0.8268 0.4882 0.2598
vn -0.8268 0.4882 0.2598
vn 0.2362 -0.3543 0.9055
vn 0.2362 -0.3543 0.9055
vn 0.6063 -0.2520 0.7559
vn 0.6063 -0.2520 0.7559
vn -0.8346 0.1339 -0.5276
vn 0.6772 -0.1417 0.7244
vn 0.6772 -0.1417 0.7244
vn -0.8583 -0.1496 -0.4882
vn -0.8583 -0.1496 -0.4882
vn -0.8583 -0.1496 -0.4882
vn 0.5276 -0.3307 0.7795
vn 0.5276 -0.3307 0.7795
vn -0.8110 0.0315 -0.5827
vn 0.6535 -0.0157 0.7559
vn 0.6535 -0.0157 0.7559
vn -0.0866 0.5827 -0.8110
vn -0.0866 0.5827 -0.8110
vn -0.4882 0.3780 -0.7874
vn -0.4882 0.3780 -0.7874
vn 0.8819 0.1260 0.4567
vn 0.8819 0.1260 0.4567
vn 0.0157 0.6063 -0.7953
vn 0.0157 0.6063 -0.7953
vn 0.0157 0.6063 -0.7953
vn 0.6299 -0.2677 0.7323
vn 0.6299 -0.2677 0.7323
vn 0.9213 0.2520 0.2992
vn -0.5827 0.3071 -0.7559
vn -0.4094 0.3858 -0.8268
vn -0.4094 0.3858 -0.8268
vn -0.7008 0.1811 0.6929
vn -0.7008 0.1811 0.6929
vn -0.9764 0.0709 -0.2205
vn -0.8031 -0.5118 0.2992
vn -0.8031 -0.5118 0.2992
vn 0.7480 -0.1260 0.6457
vn 0.3937 0.5591 -0.7244
vn 0.3937 0.5591 -0.7244
vn -0.6220 0.7795 0.0630
vn -0.6220 0.7795 0.0630
vn -0.6220 0.7795 0.0630
vn -0.9921 0.1181 -0.0079
vn -0.9921 0.1181 -0.0079
vn -0.9921 0.1181 -0.0079
vn -0.3386 -0.6850 -0.6378
vn -0.3386 -0.6850 -0.6378
vn -0.3386 -0.6850 -0.6378
vn -0.3386 -0.6850 -0.6378
vn 0.0866 -0.8346 0.5512
vn 0.0866 -0.8346 0.5512
vn -0.8504 0.0709 -0.5276
vn -0.8504 0.0709 -0.5276
vn -0.8583 0.0079 0.5118
vn -0.8583 0.0079 0.5118
vn -0.8583 0.0079 0.5118
vn -0.7795 -0.6299 -0.0079
vn -0.6220 0.7008 0.3543
vn 0.9291 0.2598 0.2677
vn -0.8268 -0.4646 -0.3228
vn -0.8268 -0.4646 -0.3228
vn -0.8268 -0.4646 -0.3228
vn -0.8898 -0.4252 0.1890
vn -0.3701 -0.8976 0.2362
vn -0.3701 -0.8976 0.2362
vn -0.8268 0.4646 -0.3228
vn -0.2362 -0.2283 0.9449
vn -0.2362 -0.2283 0.9449
vn -0.2362 -0.2283 0.9449
vn -0.7795 0.5276 -0.3386
vn -0.7795 0.5276 -0.3386
vn -0.5433 -0.0472 -0.8346
vn -0.5433 -0.0472 -0.8346
vn -0.9764 -0.1102 -0.1732
vn 0.7717 -0.2205 0.5984
vn 0.7717 -0.2205 0.5984
vn 0.8189 -0.1575 0.5512
vn 0.8504 0.0000 0.5197
vn 0.5669 -0.8268 -0.0236
vn 0.5669 -0.8268 -0.0236
vn -0.7795 -0.5197 0.3543
vn -0.2126 0.3780 -0.8976
vn -0.2126 0.3780 -0.8976
vn 0.7795 -0.1890 -0.5984
vn -0.2677 -0.6063 -0.7480
vn -0.2677 -0.6063 -0.7480
vn -0.6378 -0.7480 -0.1496
vn -0.3150 -0.8425 0.4409
vn -0.7795 -0.0236 -0.6220
vn -0.7795 -0.0236 -0.6220
vn -0.1181 0.7402 0.6614
vn -0.1181 0.7402 0.6614
vn -0.9213 0.3465 0.1890
vn -0.9213 0.3465 0.1890
vn -0.9213 0.3465 0.1890
vn -0.9213 0.3465 0.1890
vn -0.9213 0.3465 0.1890
vn -0.9213 0.3465 0.1890
vn -0.9213 0.3465 0.1890
vn -0.6693 0.7244 -0.1417
vn -0.6693 0.7244 -0.1417
vn -0.1890 0.2913 0.9370
vn -0.1890 0.2913 0.9370
vn -0.1890 0.2913 0.9370
vn 0.7795 -0.0079 0.6220
vn 0.7795 -0.0079 0.6220
vn 0.9528 0.1339 0.2835
vn 0.0709 -0.9843 0.1732
vn -0.8819 0.4016 -0.2441
vn -0.8346 0.5354 0.1102
vn -0.8346 0.5354 0.1102
vn -0.8346 0.5354 0.1102
vn -0.5512 -0.2913 -0.7874
vn -0.5512 -0.2913 -0.7874
vn -0.5512 -0.2913 -0.7874
vn -0.5512 -0.2913 -0.7874
vn -0.5512 -0.2913 -0.7874
vn -0.5512 -0.2913 -0.7874
vn -0.1811 0.8346 -0.5197
vn -0.1811 0.8346 -0.5197
vn -0.1811 0.8346 -0.5197
vn 0.1890 -0.4409 0.8740
vn 0.1890 -0.4409 0.8740
vn 0.1890 -0.4409 0.8740
vn -0.7874 -0.1732 -0.5906
vn 0.2126 0.1339 0.9685
vn 0.2126 0.1339 0.9685
vn 0.2126 0.1339 0.9685
vn 0.1102 -0.9528 -0.2756
vn 0.1102 -0.9528 -0.2756
vn 0.1102 -0.9528 -0.2756
vn 0.1102 -0.9528 -0.2756
vn 0.1102 -0.9528 -0.2756
vn 0.2047 -0.9055 -0.3701
vn 0.2047 -0.9055 -0.3701
vn 0.2047 -0.9055 -0.3701
vn -0.4961 0.4016 0.7638
vn -0.4961 0.4016 0.7638
vn -0.4961 0.4016 0.7638
vn -0.4961 0.4016 0.7638
vn 0.0709 0.6299 0.7795
vn 0.0709 0.6299 0.7795
vn 0.0315 0.4803 -0.8740
vn 0.0315 0.4803 -0.8740
vn 0.2362 0.9291 -0.2913
vn 0.2362 0.9291 -0.2913
vn 0.2362 0.9291 -0.2913
vn -0.5354 -0.4961 -0.6850
vn -0.5354 -0.4961 -0.6850
vn -0.0945 -0.6772 -0.7323
vn -0.0945 -0.6772 -0.7323
vn -0.0945 -0.6772 -0.7323
vn -0.0945 -0.6772 -0.7323
vn -0.3228 -0.9213 -0.2126
vn -0.3228 -0.9213 -0.2126
vn -0.3228 -0.9213 -0.2126
vn 0.1811 0.2756 0.9449
vn 0.3937 0.4961 0.7717
vn 0.3937 0.4961 0.7717
vn -0.2835 0.9291 0.2283
vn -0.2835 0.9291 0.2283
vn -0.2835 0.9291 0.2283
vn 0.3386 0.4961 -0.8031
vn 0.3386 0.4961 -0.8031
vn -0.8189 -0.5669 0.0236
vn -0.8189 -0.5669 0.0236
vn 0.1890 -0.5354 0.8189
vn 0.1890 -0.5354 0.8189
vn -0.9528 0.2913 0.0630
vn -0.9528 0.2913 0.0630
vn -0.9055 0.1811 -0.3780
vn -0.9055 0.1811 -0.3780
vn 0.4016 0.5591 -0.7244
vn 0.4016 0.5591 -0.7244
vn 0.4016 0.5591 -0.7244
vn 0.4016 0.5591 -0.7244
vn 0.3701 0.6063 -0.7087
vn 0.3701 0.6063 -0.7087
vn -0.7795 -0.5984 0.1811
vn -0.7795 -0.5984 0.1811
vn 0.8189 -0.3071 -0.4882
vn 0.8189 -0.3071 -0.4882
vn -0.1181 -0.0472 0.9921
vn -0.1181 -0.0472 0.9921
vn -0.1181 -0.0472 0.9921
vn -0.1181 -0.0472 0.9921
vn -0.1181 -0.0472 0.9921
vn -0.5984 0.6220 0.5039
vn -0.5984 0.6220 0.5039
vn -0.5984 0.6220 0.5039
vn -0.5984 0.6220 0.5039
vn -0.5984 0.6220 0.5039
vn -0.7795 0.0866 -0.6220
vn -0.6850 0.6220 -0.3780
vn -0.6850 0.6220 -0.3780
vn -0.6850 0.7008 0.1969
vn -0.6850 0.7008 0.1969
vn -0.6850 0.7008 0.1969
vn -0.6850 0.7008 0.1969
vn 0.5827 -0.7087 0.3937
vn 0.5827 -0.7087 0.3937
vn -0.6850 -0.1890 -0.7008
vn -0.6850 -0.1890 -0.7008
vn 0.5039 -0.6693 0.5433
vn 0.5039 -0.6693 0.5433
vn -0.3701 -0.2913 -0.8819
vn -0.8661 0.4961 0.0236
vn -0.8661 0.4961 0.0236
vn 0.8425 0.5354 -0.0709
vn 0.8425 0.5354 -0.0709
vn 0.8425 0.5354 -0.0709
vn -0.1575 -0.4803 -0.8583
vn -0.1575 -0.4803 -0.8583
vn -0.6929 -0.5039 0.5197
vn -0.6929 -0.5039 0.5197
vn -0.6929 -0.5039 0.5197
vn 0.7165 -0.5748 0.3858
vn 0.7165 -0.5748 0.3858
vn -0.4882 0.3780 0.7874
vn -0.4882 0.3780 0.7874
vn -0.4882 0.3780 0.7874
vn -0.4882 0.3780 0.7874
vn -0.5512 0.8189 -0.1575
vn -0.5512 0.8189 -0.1575
vn -0.7638 0.5512 -0.3307
vn -0.7638 0.5512 -0.3307
vn -0.6535 -0.4488 0.6142
vn -0.6535 -0.4488 0.6142
vn -0.9843 -0.1102 0.1496
vn -0.9843 -0.1102 0.1496
vn 0.2598 0.9213 0.2756
vn 0.2598 0.9213 0.2756
vn 0.2598 0.9213 0.2756
vn -0.2362 0.9134 0.3228
vn -0.2362 0.9134 0.3228
vn -0.2362 0.9134 0.3228
vn -0.1102 0.8346 0.5433
vn -0.1102 0.8346 0.5433
vn -0.5984 -0.7953 -0.0236
vn -0.5984 -0.7953 -0.0236
vn -0.5984 -0.7953 -0.0236
vn -0.5984 -0.7953 -0.0236
vn -0.3780 0.3071 -0.8740
vn -0.3780 0.3071 -0.8740
vn 0.0630 -0.7008 -0.7165
vn 0.0630 -0.7008 -0.7165
vn 0.1969 0.8740 -0.4488
vn 0.1969 0.8740 -0.4488
vn 0.1969 0.8740 -0.4488
vn 0.5512 -0.2283 0.8031
vn 0.5512 -0.2283 0.8031
vn 0.5512 -0.2283 0.8031
vn 0.5512 -0.2283 0.8031
vn -0.2756 -0.7165 -0.6457
vn -0.2756 -0.7165 -0.6457
vn 0.0315 -0.8110 -0.5906
vn 0.0315 -0.8110 -0.5906
vn 0.0315 -0.8110 -0.5906
vn 0.5039 0.8346 0.2283
vn 0.5039 0.8346 0.2283
vn -0.7717 0.3228 -0.5512
vn -0.7717 0.3228 -0.5512
vn 0.0000 0.0000 0.0000
vn 0.0000 0.0000 0.0000
vn -0.6772 -0.6220 0.4016
vn -0.6772 -0.6220 0.4016
vn -0.4252 -0.7244 0.5433
vn -0.4252 -0.7244 0.5433
vn -0.3780 -0.3622 -0.8504
vn -0.3780 -0.3622 -0.8504
vn -0.3780 -0.3622 -0.8504
vn 0.1654 0.7874 0.5906
vn 0.1654 0.7874 0.5906
vn 0.0000 0.0000 0.0000
vn 0.0000 0.0000 0.0000
vn -0.6378 -0.5039 0.5906
vn -0.6378 -0.5039 0.5906
vn -0.1496 -0.2835 0.9449
vn -0.1496 -0.2835 0.9449
vn -0.1496 -0.2835 0.9449
vn -0.1496 -0.2835 0.9449
vn -0.2441 -0.5354 0.8110
vn -0.2441 -0.5354 0.8110
vn 0.6929 0.4488 -0.5669
vn 0.9213 -0.3543 0.1732
vn 0.9055 -0.0630 -0.4094
vn 0.9055 -0.0630 -0.4094
vn 0.8898 -0.4173 -0.1732
vn 0.9291 -0.1969 0.3071
vn 0.9606 0.0394 0.2835
vn 0.9606 0.0394 0.2835
vn -0.1969 -0.5827 -0.7874
vn -0.1969 -0.5827 -0.7874
vn -0.1969 -0.5827 -0.7874
vn -0.7480 -0.5039 0.4409
vn -0.7480 -0.5039 0.4409
vn 0.9764 0.0787 0.2047
vn 0.8346 0.4882 -0.2677
vn 0.8110 0.5039 -0.2992
vn 0.9528 0.2520 0.1811
vn 0.7165 -0.6614 0.2283
vn 0.7165 -0.6614 0.2283
vn 0.8976 0.0630 -0.4409
vn 0.3937 -0.9134 0.0866
vn 0.7717 -0.6142 0.1811
vn 0.7717 -0.6142 0.1811
vn 0.7717 -0.6142 0.1811
vn 0.7717 -0.6142 0.1811
vn 0.7717 -0.6142 0.1811
vn -0.5039 0.7638 0.4016
vn -0.5039 0.7638 0.4016
vn -0.5039 0.7638 0.4016
vn -0.5039 0.7638 0.4016
vn -0.8976 0.4409 -0.0551
vn -0.0472 -0.1811 -0.9843
vn 0.2992 0.9528 -0.0709
vn 0.4724 -0.3701 -0.7953
vn 0.4724 -0.3701 -0.7953
vn 0.4724 -0.3701 -0.7953
vn 0.4724 -0.3701 -0.7953
vn 0.4724 -0.3701 -0.7953
vn 0.0787 -0.8268 0.5591
vn 0.0787 -0.8268 0.5591
vn 0.0787 -0.8268 0.5591
vn 0.0787 -0.8268 0.5591
vn 0.0787 -0.8268 0.5591
vn 0.0787 -0.8268 0.5591
vn 0.0787 -0.8268 0.5591
vn 0.6378 -0.4803 0.5984
vn 0.6378 -0.4803 0.5984
vn 0.6378 -0.4803 0.5984
vn 0.0472 0.0394 1.0000
vn 0.0472 0.0394 1.0000
vn 0.0472 0.0394 1.0000
vn 0.0472 0.0394 1.0000
vn 0.9528 -0.2126 -0.2126
vn -0.6299 -0.3701 -0.6772
vn -0.6299 -0.3701 -0.6772
vn -0.8819 0.3307 -0.3307
vn 0.2677 -0.0079 0.9606
vn 0.2677 -0.0079 0.9606
vn 0.2677 -0.0079 0.9606
vn 0.9213 0.1732 0.3543
vn 0.9213 0.1732 0.3543
vn 0.0000 0.0000 0.0000
vn 0.0000 0.0000 0.0000
vn 0.6772 -0.4646 -0.5669
vn 0.6772 -0.4646 -0.5669
vn 0.8583 0.4094 0.3228
vn 0.8583 0.4094 0.3228
vn -0.9528 0.2283 -0.2126
vn 0.0472 0.7244 0.6850
vn 0.0472 0.7244 0.6850
vn 0.7480 -0.0866 -0.6614
vn 0.9764 -0.0787 -0.2126
vn 0.9764 -0.0787 -0.2126
vn 0.9764 -0.0787 -0.2126
vn 0.0709 -0.5669 0.8189
vn 0.0709 -0.5669 0.8189
vn -0.5748 0.2205 0.7874
vn -0.5748 0.2205 0.7874
vn 0.7008 -0.5748 0.4331
vn 0.7008 -0.5748 0.4331
vn 0.4646 0.8425 0.2835
vn 0.7638 0.5906 -0.2677
vn 0.6220 0.4961 0.6063
vn 0.6220 0.4961 0.6063
vn -0.9213 -0.0709 -0.3780
vn -0.7402 0.5984 0.3150
vn -0.7402 0.5984 0.3150
vn -0.8661 0.4646 -0.1654
vn -0.8661 0.4646 -0.1654
vn -0.8031 0.5748 0.1732
vn -0.8031 0.5748 0.1732
vn -0.6929 -0.4803 0.5433
vn 0.4094 -0.9055 -0.1181
vn 0.6535 0.4173 -0.6299
vn 0.6535 0.4173 -0.6299
vn -0.5748 -0.4724 0.6693
vn 0.3701 0.1102 0.9213
vn 0.0000 0.0000 0.0000
vn 0.0000 0.0000 0.0000
vn -0.8031 0.2520 -0.5433
vn -0.8031 0.2520 -0.5433
vn -0.8031 0.2520 -0.5433
vn -0.6457 -0.7559 -0.0630
vn -0.6457 -0.7559 -0.0630
vn 0.7008 -0.7087 -0.0709
vn 0.7008 -0.7087 -0.0709
vn 0.3543 -0.5827 0.7323
vn 0.3543 -0.5827 0.7323
vn 0.4331 -0.8898 -0.1575
vn -0.0315 -0.7874 -0.6142
vn -0.4409 -0.7165 -0.5433
vn -0.4409 -0.7165 -0.5433
vn 0.6142 0.1496 0.7717
vn 0.6142 0.1496 0.7717
vn -0.2598 0.9055 0.3386
vn -0.2598 0.9055 0.3386
vn -0.2598 0.9055 0.3386
vn -0.2598 0.9055 0.3386
vn -0.4646 -0.3622 -0.8031
vn -0.4646 -0.3622 -0.8031
vn -0.4646 -0.3622 -0.8031
vn 0.5354 0.4488 0.7165
vn 0.5354 0.4488 0.7165
vn 0.0866 0.7087 0.7008
vn -0.4409 0.8898 -0.0945
vn -0.4409 0.8898 -0.0945
vn -0.3307 0.1102 -0.9370
vn 0.8740 -0.2283 0.4252
vn 0.8740 -0.2283 0.4252
vn -0.5906 -0.5039 -0.6299
vn -0.5906 -0.5039 -0.6299
vn -0.5118 -0.3071 0.8031
vn -0.5118 -0.3071 0.8031
vn -0.3622 -0.5276 0.7717
vn -0.3622 -0.5276 0.7717
vn -0.3622 -0.5276 0.7717
vn 0.8031 -0.4646 0.3701
vn 0.8031 -0.4646 0.3701
vn 0.0315 -0.4488 -0.8898
vn 0.0315 -0.4488 -0.8898
vn -0.5748 0.6850 0.4409
vn -0.5748 0.6850 0.4409
vn -0.5748 -0.8031 0.1575
vn -0.5748 -0.8031 0.1575
vn -0.5748 -0.8031 0.1575
vn 0.1811 0.1102 -0.9764
vn -0.7480 0.6614 -0.0630
vn -0.7480 0.6614 -0.0630
vn -0.7638 -0.0630 -0.6457
vn -0.8031 -0.5984 0.0079
vn -0.8031 -0.5984 0.0079
vn 0.5276 -0.8425 -0.1181
vn 0.5276 -0.8425 -0.1181
vn 0.1260 0.6929 0.7087
vn 0.1260 0.6929 0.7087
vn -0.8031 0.4488 -0.3858
vn -0.8031 0.4488 -0.3858
vn -0.7480 -0.5906 0.3071
vn -0.7480 -0.5906 0.3071
vn -0.7480 -0.5906 0.3071
vn 0.5118 0.5276 0.6772
vn 0.5118 0.5276 0.6772
vn -0.1181 0.9055 0.4094
vn -0.1181 0.9055 0.4094
vn -0.3543 0.8583 0.3622
vn 0.1496 0.8898 0.4252
vn 0.1496 0.8898 0.4252
vn 0.6614 -0.6929 0.2835
vn 0.6457 -0.4803 0.5906
vn 0.6457 -0.4803 0.5906
vn -0.3386 0.2047 -0.9213
vn -0.3386 0.2047 -0.9213
vn -0.3386 0.2047 -0.9213
vn -0.4331 0.3622 0.8268
vn 0.5276 -0.7480 0.4173
vn 0.0709 -0.7323 -0.6772
vn 0.0709 -0.7323 -0.6772
vn 0.5512 0.5354 0.6378
vn 0.5512 0.5354 0.6378
vn 0.5512 0.5354 0.6378
vn -0.2913 -0.1811 0.9370
vn -0.2913 -0.1811 0.9370
vn 0.4961 -0.8031 -0.3307
vn 0.4961 -0.8031 -0.3307
vn 0.4961 -0.8031 -0.3307
vn -0.7795 -0.4882 0.4016
vn -0.7795 -0.4882 0.4016
vn -0.7795 -0.4882 0.4016
vn -0.4173 0.6535 0.6299
vn -0.4173 0.6535 0.6299
vn -0.8110 0.5197 0.2677
vn -0.8110 0.5197 0.2677
vn -0.8110 0.5197 0.2677
vn -0.7008 0.5433 0.4567
vn -0.7008 0.5433 0.4567
vn -0.4803 -0.2913 0.8268
vn -0.4803 -0.2913 0.8268
vn -0.4803 -0.2913 0.8268
vn -0.4803 -0.2913 0.8268
vn -0.4803 -0.2913 0.8268
vn -0.5906 -0.8031 0.0866
vn -0.2126 -0.9606 -0.1811
vn -0.2126 -0.9606 -0.1811
vn -0.3780 -0.9213 0.0787
vn -0.3780 -0.9213 0.0787
vn 0.8504 -0.3543 0.3937
vn 0.8504 -0.3543 0.3937
vn 0.8504 -0.3543 0.3937
vn -0.0394 -0.1575 -0.9843
vn -0.0394 -0.1575 -0.9843
vn -0.6220 0.5591 0.5512
vn -0.6220 0.5591 0.5512
vn -0.1890 -0.3465 -0.9213
vn -0.1890 -0.3465 -0.9213
vn 0.2913 0.2756 0.9213
vn -0.5669 0.7244 -0.3937
vn -0.5669 0.7244 -0.3937
vn 0.7953 -0.5748 -0.1890
vn 0.4882 0.4331 0.7638
vn -0.0551 0.4094 0.9134
vn -0.0551 0.4094 0.9134
vn -0.0551 0.4094 0.9134
vn 0.1969 0.1732 -0.9685
vn 0.3701 0.4488 -0.8110
vn 0.3701 0.4488 -0.8110
vn -0.1417 -0.9764 0.1496
vn -0.1417 -0.9764 0.1496
vn -0.2598 0.9685 -0.0079
vn -0.1654 0.6929 0.7008
vn -0.1654 0.6929 0.7008
vn 0.4331 0.8189 -0.3780
vn -0.6378 0.6457 -0.4173
vn -0.6378 0.6457 -0.4173
vn -0.1260 0.9055 0.4094
vn -0.1260 0.9055 0.4094
vn 0.9606 -0.1654 0.2441
vn 0.9606 -0.1654 0.2441
vn 0.9606 -0.1654 0.2441
vn 0.9606 -0.1654 0.2441
vn -0.5748 0.3071 -0.7559
vn -0.5748 0.3071 -0.7559
vn -0.2913 -0.9055 -0.2992
vn -0.6457 -0.7559 0.0472
vn -0.6457 -0.7559 0.0472
vn 0.4173 0.3307 0.8504
vn 0.4173 0.3307 0.8504
vn 0.6220 0.0472 0.7795
vn 0.6220 0.0472 0.7795
vn -0.9291 -0.0157 -0.3622
vn -0.9291 -0.0157 -0.3622
vn -0.4882 -0.7323 -0.4724
vn -0.4882 -0.7323 -0.4724
vn -0.5906 -0.6614 0.4646
vn -0.5906 -0.6614 0.4646
vn -0.5906 -0.6614 0.4646
vn -0.3386 -0.3228 0.8819
vn -0.3386 -0.3228 0.8819
vn -0.9291 -0.2913 0.2205
vn -0.9291 -0.2913 0.2205
vn -0.9291 -0.2913 0.2205
vn -0.9291 -0.2913 0.2205
vn -0.3071 0.9528 0.0709
vn 0.5512 -0.5748 -0.6063
vn 0.5512 -0.5748 -0.6063
vn -0.1890 -0.8898 -0.4094
vn 0.3228 0.2283 0.9134
vn 0.3228 0.2283 0.9134
vn -0.6299 -0.2756 -0.7244
vn -0.6299 -0.2756 -0.7244
vn -0.6299 -0.2756 -0.7244
vn -0.6299 -0.2756 -0.7244
vn 0.8110 -0.4488 0.3622
vn 0.8110 -0.4488 0.3622
vn 0.1102 0.8346 0.5433
vn -0.8346 0.3937 0.3780
vn -0.8346 0.3937 0.3780
vn -0.8346 0.3937 0.3780
vn -0.1102 0.8189 0.5669
vn -0.1102 0.8189 0.5669
vn 0.1181 -0.3465 -0.9291
vn 0.1181 -0.3465 -0.9291
vn -0.8976 0.4094 0.1260
vn -0.4409 -0.0709 0.8976
vn -0.4409 -0.0709 0.8976
vn -0.6614 0.1102 -0.7480
vn -0.6614 0.1102 -0.7480
vn -0.6614 0.1102 -0.7480
vn -0.8268 0.0472 0.5591
vn -0.8268 0.0472 0.5591
vn -0.6614 -0.6850 -0.3150
vn -0.6614 -0.6850 -0.3150
vn -0.9921 0.1260 -0.0315
vn -0.9921 0.1260 -0.0315
vn -0.7874 -0.0866 0.6142
vn -0.7874 -0.0866 0.6142
vn -0.7874 -0.0866 0.6142
vn 0.0787 -0.9764 0.2047
vn -0.9685 -0.2283 0.0945
vn -0.9685 -0.2283 0.0945
vn -0.6850 -0.1024 -0.7165
vn -0.6850 -0.1024 -0.7165
vn -0.4409 -0.8740 -0.2047
vn -0.4409 -0.8740 -0.2047
vn -0.4409 -0.8740 -0.2047
vn -0.6850 -0.4094 0.6063
vn -0.6850 -0.4094 0.6063
vn -0.5984 -0.2047 -0.7795
vn -0.5984 -0.2047 -0.7795
vn -0.5984 -0.2047 -0.7795
vn 0.1339 0.9685 -0.2205
vn 0.1339 0.9685 -0.2205
vn -0.4488 0.7717 -0.4567
vn -0.4488 0.7717 -0.4567
vn -0.4724 0.8819 0.0630
vn 0.4567 -0.3543 0.8189
vn 0.4567 -0.3543 0.8189
vn 0.5197 -0.6614 -0.5433
vn 0.5197 -0.6614 -0.5433
vn -0.9291 0.0866 0.3465
vn -0.9291 0.0866 0.3465
vn -0.9291 0.0866 0.3465
vn -0.9370 0.2598 0.2283
vn -0.9370 0.2598 0.2283
vn -0.8583 0.5039 -0.0551
vn -0.5669 -0.8268 -0.0472
vn -0.5669 -0.8268 -0.0472
vn 0.1496 0.9449 0.2835
vn 0.1496 0.9449 0.2835
vn -0.4882 -0.7165 -0.4961
vn -0.4882 -0.7165 -0.4961
vn -0.4882 -0.7165 -0.4961
vn -0.1024 0.8819 0.4646
vn -0.8268 0.3228 0.4567
vn -0.8268 0.3228 0.4567
vn -0.8898 0.1024 -0.4409
vn -0.6772 -0.6299 0.3858
vn -0.6772 -0.6299 0.3858
vn -0.1890 -0.5354 0.8268
vn -0.5354 0.4646 -0.7008
vn -0.5354 0.4646 -0.7008
vn -0.1024 0.3622 -0.9213
vn -0.1024 0.3622 -0.9213
vn 0.0000 0.0000 0.0000
vn 0.0000 0.0000 0.0000
vn -0.6929 -0.3071 -0.6457
vn -0.6929 -0.3071 -0.6457
vn -0.6929 -0.3071 -0.6457
vn -0.5512 0.2992 -0.7795
vn -0.5512 0.2992 -0.7795
vn -0.7638 -0.6457 -0.0394
vn -0.7638 -0.6457 -0.0394
vn -0.0787 0.1575 -0.9843
vn -0.0787 0.1575 -0.9843
vn -0.0787 0.1575 -0.9843
vn -0.3386 0.5354 -0.7717
vn -0.3386 0.5354 -0.7717
vn -0.3386 0.5354 -0.7717
vn -0.4409 0.8583 0.2520
vn -0.6063 -0.7480 0.2677
vn -0.6063 -0.7480 0.2677
vn -0.9528 0.0551 -0.2913
vn -0.2126 0.0945 0.9685
vn 0.3780 -0.5591 -0.7402
vn -0.9528 -0.0551 -0.2913
vn -0.9528 -0.0551 -0.2913
vn -0.5433 -0.3071 0.7795
vn -0.5433 -0.3071 0.7795
vn -0.7717 0.1339 0.6220
vn -0.7717 0.1339 0.6220
vn -0.9764 0.0866 0.2126
vn -0.9764 0.0866 0.2126
vn -0.9370 -0.3307 -0.0787
vn -0.9370 -0.3307 -0.0787
vn -0.9370 -0.3307 -0.0787
vn 0.0551 -1.0000 -0.0157
vn 0.1024 -0.9921 0.0551
vn 0.5591 -0.4488 0.7008
vn 0.5591 -0.4488 0.7008
vn 0.5591 -0.4488 0.7008
vn 0.2047 0.7638 0.6063
vn 0.2047 0.7638 0.6063
vn -0.0630 0.9528 0.2835
vn -0.3307 0.9291 -0.1417
vn -0.3307 0.9291 -0.1417
vn -0.9213 -0.3071 0.2283
vn -0.9134 0.1575 -0.3701
vn -0.9449 -0.2520 -0.2126
vn -0.8425 0.4646 -0.2756
vn 0.8268 -0.5197 -0.2362
vn 0.8268 -0.5197 -0.2362
vn -0.5039 -0.0709 0.8583
vn -0.5039 -0.0709 0.8583
vn -0.4252 0.3307 -0.8425
vn -0.1575 0.2677 -0.9528
vn -0.1575 0.2677 -0.9528
vn -0.4567 -0.8740 0.1496
vn -0.4567 -0.8740 0.1496
vn -0.4567 -0.8740 0.1496
vn -0.4567 -0.8740 0.1496
vn -0.4567 -0.8740 0.1496
vn -0.7480 -0.6299 0.2126
vn -0.7480 -0.6299 0.2126
vn -0.9370 0.1024 -0.3465
vn -0.9370 0.1024 -0.3465
vn -0.9370 0.1024 -0.3465
vn -0.8189 -0.0079 0.5748
vn -0.8189 -0.0079 0.5748
vn -0.7717 0.2992 -0.5591
vn -0.9843 -0.0787 0.1575
vn -0.9843 0.0709 -0.1654
vn -0.9528 0.1260 -0.2756
vn -0.9528 0.1260 -0.2756
vn -0.9921 0.0000 -0.1496
vn -0.9134 0.0472 0.4016
vn -0.9606 -0.1417 -0.2520
vn -0.6693 0.6299 0.3937
vn -0.6693 0.6299 0.3937
vn -0.5591 0.3465 -0.7480
vn -0.5591 0.3465 -0.7480
vn -0.3150 -0.0315 -0.9449
vn -0.3150 -0.0315 -0.9449
vn 0.1732 0.9213 -0.3543
vn -0.8425 0.1732 -0.5039
vn -0.8425 0.1732 -0.5039
vn -0.9764 -0.1417 0.1654
vn -0.9764 -0.1417 0.1654
vn -0.9528 0.2598 -0.1339
vn -0.8819 0.2913 -0.3701
vn -0.7480 0.5354 -0.3858
vn -0.7480 0.5354 -0.3858
vn -0.7480 0.5354 -0.3858
vn -0.7480 0.5354 -0.3858
vn -0.7480 0.5354 -0.3858
vn -0.0157 -1.0000 -0.0866
vn -0.0157 -1.0000 -0.0866
vn -0.0157 -1.0000 -0.0866
vn -0.0157 -1.0000 -0.0866
vn -0.0157 -1.0000 -0.0866
vn 0.0000 0.0000 0.0000
vn 0.0000 0.0000 0.0000
vn -0.5197 -0.2992 0.7953
vn -0.5197 -0.2992 0.7953
vn 0.0551 -0.9370 -0.3543
vn 0.0551 -0.9370 -0.3543
vn -0.1575 -0.7480 -0.6457
vn -0.1575 -0.7480 -0.6457
vn -0.1575 -0.7480 -0.6457
vn -0.1575 -0.7480 -0.6457
vn -0.7559 0.4803 -0.4488
vn -0.7559 0.4803 -0.4488
vn -0.7559 0.4803 -0.4488
vn -0.7559 0.4803 -0.4488
vn -0.8898 0.4567 0.0157
vn -0.8976 0.4094 -0.1732
vn 0.9606 -0.1024 0.2441
vn 0.9606 -0.1024 0.2441
vn -0.7874 0.5512 -0.2756
vn -0.7874 0.5512 -0.2756
vn -0.9764 0.1654 -0.1417
vn -0.8346 0.5354 0.1102
vn 0.7402 -0.4173 -0.5276
vn 0.7402 -0.4173 -0.5276
vn -0.7874 -0.2756 -0.5512
vn -0.4409 0.5906 0.6693
vn -0.4409 0.5906 0.6693
vn -0.4409 0.5906 0.6693
vn -0.4409 0.5906 0.6693
vn -0.9921 0.0709 0.0945
vn -0.3858 -0.6457 0.6614
vn -0.3858 -0.6457 0.6614
vn -0.9134 0.4094 0.0000
vn -0.9134 0.4094 0.0000
vn -0.9134 0.4094 0.0000
vn -0.9606 -0.0394 0.2756
vn -0.9606 -0.2756 0.0000
vn -0.9606 -0.2756 0.0000
vn -0.9606 -0.2756 0.0000
vn -0.8898 0.4488 0.0000
vn -0.8898 0.4488 0.0000
vn -0.8819 0.1260 0.4567
vn -0.9291 0.3780 -0.0157
vn -0.9291 0.3780 -0.0157
vn -0.8819 0.2126 0.4173
vn -0.8819 0.2126 0.4173
vn 0.2992 0.8819 0.3701
vn -0.8661 -0.4567 0.2047
vn -0.8661 -0.4567 0.2047
vn -0.3150 -0.5748 0.7559
vn -0.3150 -0.5748 0.7559
vn -0.3780 -0.4252 0.8189
vn -0.3780 -0.4252 0.8189
vn -0.9370 0.0000 -0.3543
vn -0.7874 0.6142 -0.0315
vn 0.2520 0.3150 -0.9134
vn 0.2520 0.3150 -0.9134
vn -0.7953 0.4252 -0.4252
vn -0.0866 -0.4803 -0.8740
vn -0.0866 -0.4803 -0.8740
vn 0.0000 0.0000 0.0000
vn 0.0000 0.0000 0.0000
vn -0.2441 0.7323 -0.6378
vn -0.2441 0.7323 -0.6378
vn -0.5354 0.4173 -0.7402
vn -0.5354 0.4173 -0.7402
vn -0.4567 -0.8346 0.2992
vn -0.4567 -0.8346 0.2992
vn -0.4567 -0.8346 0.2992
vn -0.9606 -0.2362 0.1575
vn -0.9606 -0.2362 0.1575
vn -0.6929 0.0866 0.7165
vn -0.6929 0.0866 0.7165
vn 0.9449 -0.1417 0.3071
vn -0.8268 0.5197 0.2047
vn -0.8661 -0.3701 -0.3465
vn 0.8819 -0.4488 -0.1339
vn 0.8819 -0.4488 -0.1339
vn 0.8583 -0.1339 0.5039
vn 0.8583 -0.1339 0.5039
vn 0.8583 -0.1339 0.5039
vn 0.8583 -0.1339 0.5039
vn -0.9213 0.2992 -0.2441
vn -0.9213 0.2992 -0.2441
vn -0.5748 -0.0472 0.8110
vn -0.5748 -0.0472 0.8110
vn -0.5748 -0.0472 0.8110
vn -0.9291 -0.0866 0.3543
vn -0.9291 -0.0866 0.3543
vn -0.5906 0.4646 -0.6614
vn -0.5906 0.4646 -0.6614
vn -0.4961 -0.1969 -0.8425
vn -0.4961 -0.1969 -0.8425
vn -0.3701 -0.4724 0.8031
vn -0.3701 -0.4724 0.8031
vn -0.3701 -0.4724 0.8031
vn -0.8504 0.4961 0.1811
vn -0.8504 0.4961 0.1811
vn -0.8898 0.4488 -0.0236
vn -0.9764 0.0551 -0.1969
vn 0.1496 -0.9606 0.2205
vn 0.7165 0.4646 0.5197
vn 0.7165 0.4646 0.5197
vn 0.4724 0.7795 0.4094
vn 0.4724 0.7795 0.4094
vn -0.9764 -0.1732 -0.1417
vn -0.7559 0.0551 -0.6535
vn -0.7559 0.0551 -0.6535
vn -0.4173 0.3307 -0.8425
vn -0.4173 0.3307 -0.8425
vn -0.1654 -0.6772 0.7165
vn -0.1654 -0.6772 0.7165
vn -0.1654 -0.6772 0.7165
vn -0.1654 -0.6772 0.7165
vn -0.7717 0.4724 -0.4252
vn 0.3701 -0.5197 0.7717
vn 0.3701 -0.5197 0.7717
vn 0.3701 -0.5197 0.7717
vn -0.8583 0.4409 0.2756
vn -0.8583 0.4409 0.2756
vn -0.8583 0.4409 0.2756
vn 0.5591 -0.1732 -0.8110
vn 0.5591 -0.1732 -0.8110
vn -0.6535 0.1181 0.7480
vn 0.5276 -0.4488 0.7165
vn 0.5276 -0.4488 0.7165
vn 0.5276 -0.4488 0.7165
vn -0.7559 -0.6299 -0.1811
vn -0.7559 -0.6299 -0.1811
vn -0.7559 -0.6299 -0.1811
vn 0.9843 -0.1811 -0.0236
vn 0.9843 -0.1811 -0.0236
vn 0.9843 -0.1811 -0.0236
vn -0.2835 -0.9528 -0.1102
vn -0.2835 -0.9528 -0.1102
vn 0.6693 -0.2992 -0.6850
vn 0.6693 -0.2992 -0.6850
vn -0.6299 0.6299 0.4567
vn -0.6299 0.6299 0.4567
vn -0.6299 0.6299 0.4567
vn 0.1496 -0.9213 -0.3543
vn 0.1496 -0.9213 -0.3543
vn -0.6535 0.7480 0.0866
vn -0.6535 0.7480 0.0866
vn -0.7874 0.6063 -0.1417
vn 0.9764 -0.1890 0.1181
vn 0.9764 -0.1890 0.1181
vn 0.9764 -0.1890 0.1181
vn 0.9134 -0.4094 0.0315
vn 0.9134 -0.4094 0.0315
vn -0.9528 0.0472 0.2913
vn -0.9685 0.2520 -0.0787
vn -0.7402 0.2835 -0.6142
vn -0.7402 0.2835 -0.6142
vn -0.9843 0.0236 -0.1732
vn -0.9843 0.0236 -0.1732
vn -0.7087 0.3386 -0.6220
vn -0.7087 0.3386 -0.6220
vn -0.7087 0.3386 -0.6220
vn -0.7087 0.3386 -0.6220
vn -0.4803 0.8504 -0.2126
vn -0.4803 0.8504 -0.2126
vn -0.3937 0.5512 0.7323
vn -0.3937 0.5512 0.7323
vn -0.3937 0.5512 0.7323
vn 0.3465 0.7795 0.5197
vn 0.3465 0.7795 0.5197
vn -0.8583 -0.0630 -0.5118
vn -0.1575 0.2047 -0.9685
vn -0.1575 0.2047 -0.9685
vn -0.6457 0.3465 -0.6850
vn -0.6457 0.3465 -0.6850
vn -0.6457 0.3465 -0.6850
vn 0.2441 -0.2520 0.9370
vn -0.5984 -0.3622 -0.7165
vn -0.5984 -0.3622 -0.7165
vn -0.8425 0.5354 0.0157
vn -0.0079 -0.6378 -0.7638
vn -0.0079 -0.6378 -0.7638
vn -0.8110 -0.1181 0.5669
vn -0.8110 -0.1181 0.5669
vn -0.8583 0.5039 -0.0709
vn -0.8110 0.4567 -0.3543
vn -0.8110 0.4567 -0.3543
vn 0.7795 -0.5984 0.1654
vn 0.7795 -0.5984 0.1654
vn 0.7795 -0.5984 0.1654
vn -0.5591 -0.7559 -0.3307
vn -0.5591 -0.7559 -0.3307
vn 0.6850 -0.7087 0.1417
vn -0.4488 -0.8268 0.3465
vn -0.4488 -0.8268 0.3465
vn -0.4488 -0.8268 0.3465
vn -0.4488 -0.8268 0.3465
vn -0.7795 -0.4961 -0.3780
vn -0.7795 -0.4961 -0.3780
vn -0.9370 0.0787 -0.3386
vn -0.6614 -0.0472 -0.7480
vn -0.6614 -0.0472 -0.7480
vn -0.6614 -0.0472 -0.7480
vn -0.7874 -0.4016 -0.4724
vn -0.7874 -0.4016 -0.4724
vn -0.8898 -0.1890 0.4094
vn -0.8898 -0.1890 0.4094
vn -0.4803 0.0630 -0.8740
vn -0.4803 0.0630 -0.8740
vn -0.9370 0.2677 -0.2362
vn -0.9370 0.2677 -0.2362
vn -0.9921 0.0787 -0.0472
vn -0.9921 0.0787 -0.0472
vn -0.8268 -0.0236 -0.5591
vn -0.8268 -0.0236 -0.5591
vn -0.8268 -0.0236 -0.5591
vn -0.1260 -0.4173 0.8976
vn -0.9213 -0.0945 -0.3780
vn -0.6063 0.0787 -0.7953
vn -0.6063 0.0787 -0.7953
vn -0.3228 -0.3780 0.8661
vn -0.5512 -0.2362 -0.8031
vn -0.5512 -0.2362 -0.8031
vn -0.5512 -0.2362 -0.8031
vn -0.1654 -0.8268 -0.5433
vn -0.1654 -0.8268 -0.5433
vn 0.0000 0.0000 0.0000
vn 0.0000 0.0000 0.0000
vn -0.4567 0.3465 0.8189
vn -0.4567 0.3465 0.8189
vn -0.8031 0.0866 0.5906
vn -0.8031 0.0866 0.5906
vn -0.8031 0.0866 0.5906
vn -0.8740 0.2677 0.4094
vn -0.8976 -0.0551 -0.4331
vn -0.8976 -0.0551 -0.4331
vn -0.9134 0.4094 0.0709
vn -0.8031 -0.0709 -0.5906
vn -0.8031 -0.0709 -0.5906
vn -0.6850 0.7087 0.1811
vn -0.6850 0.7087 0.1811
vn -0.6850 0.7087 0.1811
vn -0.4488 0.7165 -0.5354
vn -0.4488 0.7165 -0.5354
vn -0.4488 0.7165 -0.5354
vn -0.7087 0.4409 -0.5512
vn -0.7087 0.4409 -0.5512
vn -0.1654 0.1969 0.9685
vn -0.1654 0.1969 0.9685
vn 0.7008 -0.6693 0.2441
vn 0.7008 -0.6693 0.2441
vn 0.5669 -0.5748 0.5906
vn 0.5669 -0.5748 0.5906
vn -0.5827 0.1969 0.7874
vn -0.5433 0.0079 -0.8425
vn -0.5433 0.0079 -0.8425
vn -0.6220 0.3465 -0.7008
vn -0.6220 0.3465 -0.7008
vn 0.9528 -0.1811 0.2362
vn 0.9528 -0.1811 0.2362
vn 0.9528 -0.1811 0.2362
vn 0.5591 -0.5669 -0.6063
vn -0.9685 0.0000 0.2441
vn -0.8031 0.1339 0.5827
vn -0.7638 0.3307 0.5512
vn -0.9370 -0.0315 -0.3465
vn -0.7953 0.5433 -0.2677
vn -0.7953 0.5433 -0.2677
vn -0.8346 0.4724 0.2992
vn -0.8189 0.5669 -0.0394
vn 0.6850 -0.5984 0.4173
vn 0.6850 -0.5984 0.4173
vn -0.4488 -0.6772 -0.5827
vn -0.4488 -0.6772 -0.5827
vn -0.2598 0.2756 -0.9291
vn -0.3150 0.1969 -0.9291
vn -0.3150 0.1969 -0.9291
vn 0.2598 -0.4409 0.8583
vn 0.2598 -0.4409 0.8583
vn 0.0394 -0.7717 0.6299
vn -0.4724 0.6299 -0.6142
vn -0.4724 0.6299 -0.6142
vn -0.4724 0.6299 -0.6142
vn 0.3780 -0.6772 0.6378
vn 0.3780 -0.6772 0.6378
vn -0.6378 -0.1181 -0.7638
vn -0.6378 -0.1181 -0.7638
vn -0.0787 -0.9370 0.3465
vn -0.0787 -0.9370 0.3465
vn 0.8110 -0.5433 0.2283
vn 0.8189 -0.5197 0.2520
vn 0.6535 -0.6142 0.4409
vn 0.6535 -0.6142 0.4409
vn 0.6535 -0.6142 0.4409
vn -0.5669 -0.1890 0.8031
vn -0.5669 -0.1890 0.8031
vn -0.5669 -0.1890 0.8031
vn -0.1260 -0.3071 -0.9449
vn -0.1260 -0.3071 -0.9449
vn -0.4646 0.2598 -0.8504
vn -0.4646 0.2598 -0.8504
vn -0.5039 0.8110 0.3071
vn -0.5039 0.8110 0.3071
vn -0.3071 0.7559 0.5827
vn -0.3071 0.7559 0.5827
vn -0.6535 -0.7165 -0.2520
vn -0.6535 -0.7165 -0.2520
vn -0.9764 -0.1181 0.1654
vn -0.1024 0.8661 -0.4882
vn -0.1024 0.8661 -0.4882
vn -1.0000 0.0157 -0.0236
vn -1.0000 0.0157 -0.0236
vn -1.0000 0.0157 -0.0236
vn 0.9764 -0.1969 -0.0630
vn 0.9764 -0.1969 -0.0630
vn -0.8031 -0.2677 0.5354
vn 0.9055 -0.4173 0.0551
vn 0.9055 -0.4173 0.0551
vn 0.9055 -0.4173 0.0551
vn 0.0000 0.0000 0.0000
vn 0.0000 0.0000 0.0000
vn -0.9213 -0.1732 0.3543
vn -0.9213 -0.1732 0.3543
vn -0.8189 -0.0787 -0.5669
vn -0.7402 0.4252 0.5197
vn -0.8425 -0.2126 -0.5039
vn -0.8189 0.1654 -0.5433
vn -0.3386 -0.1024 -0.9370
vn 0.1102 -0.9921 0.0236
vn -0.5827 0.4646 0.6693
vn -0.5827 0.4646 0.6693
vn -0.5827 0.4646 0.6693
vn -0.5827 0.4646 0.6693
vn -0.7795 0.6299 -0.0315
vn -0.7795 0.6299 -0.0315
vn -0.4094 0.7795 0.4724
vn -0.4094 0.7795 0.4724
vn 0.0079 -0.4252 -0.9055
vn 0.0079 -0.4252 -0.9055
vn -0.4882 -0.6535 -0.5827
vn -0.4882 -0.6535 -0.5827
vn -0.4882 -0.6535 -0.5827
vn -0.4882 -0.6535 -0.5827
vn -0.4882 -0.6535 -0.5827
vn -0.6220 0.3386 0.7087
vn -0.6220 0.3386 0.7087
vn -0.7165 0.6850 -0.1417
vn -0.7165 0.6850 -0.1417
vn 0.7480 -0.5197 0.4173
vn 0.7480 -0.5197 0.4173
vn 0.4724 -0.8110 -0.3386
vn 0.4724 -0.8110 -0.3386
vn 0.6220 -0.7559 0.1890
vn 0.6220 -0.7559 0.1890
vn 0.7717 -0.6220 -0.1339
vn 0.7717 -0.6220 -0.1339
vn -0.7717 0.2047 0.5984
vn -0.8661 -0.1102 -0.4961
vn -0.7402 0.1260 0.6614
vn 0.8268 -0.4331 0.3622
vn 0.8268 -0.4331 0.3622
vn 0.5591 0.7874 0.2441
vn 0.1890 -0.5512 0.8110
vn 0.1890 -0.5512 0.8110
vn -0.3465 0.2598 -0.8976
vn -0.1102 0.8583 -0.5039
vn 0.1024 0.8425 -0.5276
vn 0.1024 0.8425 -0.5276
vn -0.2913 -0.7008 -0.6535
vn -0.2913 -0.7008 -0.6535
vn -0.6693 -0.7402 -0.0709
vn -0.6693 -0.7402 -0.0709
vn -0.6693 -0.7402 -0.0709
vn -0.6693 -0.7402 -0.0709
vn -0.7244 -0.6850 -0.0787
vn -0.7244 -0.6850 -0.0787
vn -0.7244 -0.6850 -0.0787
vn -0.4567 0.3622 -0.8110
vn -0.4567 0.3622 -0.8110
vn -0.6457 0.7008 0.3150
vn -0.6457 0.7008 0.3150
vn -0.6457 0.7008 0.3150
vn -0.5984 0.4094 -0.6850
vn -0.5984 0.4094 -0.6850
vn -0.5984 0.4094 -0.6850
vn -0.9055 -0.4173 -0.1024
vn -0.9055 -0.4173 -0.1024
vn 0.1417 -0.9528 -0.2756
vn 0.1417 -0.9528 -0.2756
vn 0.0000 0.0000 0.0000
vn 0.0000 0.0000 0.0000
vn 0.8110 -0.4173 -0.4094
vn -0.7323 0.2677 0.6299
vn -0.7323 0.2677 0.6299
vn -0.7402 0.0551 -0.6693
vn -0.7402 0.0551 -0.6693
vn -0.7402 0.0551 -0.6693
vn -0.7402 0.0551 -0.6693
vn 0.7717 -0.5906 0.2441
vn 0.7717 -0.5906 0.2441
vn 0.8268 0.4724 0.3071
vn 0.8268 0.4724 0.3071
vn 0.3780 -0.2992 0.8740
vn 0.8110 0.0157 0.5827
vn 0.8110 0.0157 0.5827
vn -0.4646 -0.4173 -0.7795
vn -0.6378 0.5039 -0.5906
vn -0.6378 0.5039 -0.5906
vn -0.5827 0.8110 -0.0866
vn -0.5827 0.8110 -0.0866
vn -0.3465 0.9291 0.1496
vn 0.6142 -0.7480 -0.2598
vn 0.6142 -0.7480 -0.2598
vn 0.6142 -0.7480 -0.2598
vn -0.8031 -0.3228 -0.4961
vn -0.8031 -0.3228 -0.4961
vn -0.4961 0.2047 -0.8425
vn -0.4961 0.2047 -0.8425
vn -0.5512 0.7953 -0.2677
vn -0.5512 0.7953 -0.2677
vn -0.6614 -0.7244 0.2047
vn -0.6614 -0.7244 0.2047
vn -0.8504 -0.2362 0.4724
vn -0.8504 -0.2362 0.4724
vn 0.6772 -0.7087 -0.1969
vn 0.6772 -0.7087 -0.1969
vn -0.4882 -0.7874 -0.3858
vn -0.4882 -0.7874 -0.3858
vn -0.9213 -0.1024 0.3780
vn -0.5276 -0.2126 -0.8268
vn -0.5276 -0.2126 -0.8268
vn -0.6535 -0.2283 -0.7165
vn -0.6535 -0.2283 -0.7165
vn -0.8110 -0.2756 0.5197
vn -0.5984 0.0000 0.8031
vn -0.5984 0.0000 0.8031
vn -0.5984 0.0000 0.8031
vn -0.5591 0.0472 0.8268
vn -0.5591 0.0472 0.8268
vn -0.5591 0.0472 0.8268
vn -0.7638 -0.2441 -0.5984
vn -0.7638 -0.2441 -0.5984
vn -0.6850 0.4252 -0.5906
vn -0.6850 0.4252 -0.5906
vn -0.6850 0.4252 -0.5906
vn -0.8346 0.5512 0.0236
vn -0.7559 0.6457 -0.0787
vn 0.7480 0.3701 0.5512
vn 0.7480 0.3701 0.5512
vn 0.7480 0.3701 0.5512
vn 0.7323 0.1260 0.6693
vn 0.7323 0.1260 0.6693
vn 0.7323 0.1260 0.6693
vn 0.5433 0.2520 -0.8031
vn 0.5433 0.2520 -0.8031
vn 0.2677 0.3071 -0.9134
vn 0.2677 0.3071 -0.9134
vn 0.1339 -0.2913 -0.9449
vn 0.1339 -0.2913 -0.9449
vn 0.1339 -0.2913 -0.9449
vn 0.3228 0.8110 -0.4803
vn -0.1417 -0.9055 0.4094
vn -0.1417 -0.9055 0.4094
vn 0.0709 -0.4567 0.8898
vn 0.0709 -0.4567 0.8898
vn -0.8425 0.2047 0.4882
vn -0.8425 0.2047 0.4882
vn -0.9055 -0.1496 -0.3937
vn -0.8504 0.4724 -0.2520
vn -0.8504 0.4724 -0.2520
vn -0.4331 0.2520 0.8661
vn 0.2835 -0.9213 -0.2756
vn 0.2835 -0.9213 -0.2756
vn -0.4724 -0.1811 -0.8661
vn -0.4724 -0.1811 -0.8661
vn -0.5748 0.6299 -0.5197
vn -0.5748 0.6299 -0.5197
vn -0.5748 0.6299 -0.5197
vn -0.4567 -0.8346 -0.3071
vn -0.4567 -0.8346 -0.3071
vn -0.4646 -0.4094 0.7795
vn 0.7717 -0.6220 -0.1260
vn 0.7717 -0.6220 -0.1260
vn -0.6614 0.2598 -0.7008
vn -0.6614 0.2598 -0.7008
vn -0.6929 0.4567 0.5591
vn -0.6929 0.4567 0.5591
vn -0.1417 -0.4803 -0.8661
vn -0.1417 -0.4803 -0.8661
vn 0.3622 -0.5512 0.7480
vn 0.3622 -0.5512 0.7480
vn 0.0709 -0.7244 -0.6850
vn 0.0709 -0.7244 -0.6850
vn 0.1339 0.6614 -0.7402
vn 0.7480 -0.0394 0.6693
vn 0.7480 -0.0394 0.6693
vn 0.3307 0.5906 -0.7323
vn 0.3307 0.5906 -0.7323
vn -0.6378 0.4094 -0.6614
vn -0.6378 0.4094 -0.6614
vn -0.7165 0.6299 -0.2992
vn -0.7165 0.6299 -0.2992
vn -0.3937 -0.5748 0.7165
vn -0.3937 -0.5748 0.7165
vn -0.3937 -0.5748 0.7165
vn -0.1890 -0.5039 -0.8425
vn 0.5591 -0.6142 -0.5512
vn -0.4567 0.1024 0.8819
vn -0.2520 0.1339 -0.9606
vn -0.7323 -0.0472 0.6850
vn -0.7323 -0.0472 0.6850
vn -0.9528 -0.0394 0.3150
vn -0.8504 0.4409 0.2835
vn -0.6457 0.7244 0.2520
vn -0.6457 0.7244 0.2520
vn -0.6535 0.4567 0.6063
vn -0.6535 0.4567 0.6063
vn -0.7480 0.6457 -0.1654
vn -0.7480 0.6457 -0.1654
vn 0.6614 -0.7323 -0.1417
vn 0.6614 -0.7323 -0.1417
vn 0.6614 -0.7323 -0.1417
vn -0.6929 0.0472 -0.7244
vn -0.6929 0.0472 -0.7244
vn -0.6929 0.0472 -0.7244
vn -0.3228 0.6299 0.7008
vn -0.3228 0.6299 0.7008
vn -0.3228 0.6299 0.7008
vn 0.4252 -0.8898 0.1654
vn 0.4252 -0.8898 0.1654
vn 0.4252 -0.8898 0.1654
vn -0.3228 0.1260 -0.9370
vn -0.3228 0.1260 -0.9370
vn 0.2205 -0.6220 -0.7480
vn 0.2205 -0.6220 -0.7480
vn -0.5039 0.1654 0.8504
vn -0.5039 0.1654 0.8504
vn -0.5039 0.1654 0.8504
vn -0.7008 0.3701 -0.6063
vn -0.7008 0.3701 -0.6063
vn -0.7008 0.3701 -0.6063
vn -0.7008 0.3701 -0.6063
vn -0.7008 0.3701 -0.6063
vn 0.4724 -0.8110 0.3465
vn 0.4724 -0.8110 0.3465
vn 0.0000 0.0000 0.0000
vn 0.0000 0.0000 0.0000
vn 0.0000 0.0000 0.0000
vn 0.0000 0.0000 0.0000
vn 0.0000 0.0000 0.0000
vn 0.0000 0.0000 0.0000
vn -0.8425 0.4331 0.3228
vn -0.8425 0.4331 0.3228
vn -0.4252 -0.7874 -0.4488
vn -0.4016 -0.8583 -0.3228
vn -0.5748 -0.5669 0.5906
vn -0.5748 -0.5669 0.5906
vn -0.5748 -0.5669 0.5906
vn -0.7717 0.5748 0.2756
vn -0.7717 0.5748 0.2756
vn -0.8661 0.5039 0.0236
vn 0.7559 -0.6378 0.1181
vn 0.7559 -0.6378 0.1181
vn -0.5906 -0.1496 0.7953
vn -0.5906 -0.1496 0.7953
vn -0.7008 -0.2047 0.6772
vn -0.7008 -0.2047 0.6772
vn -0.6850 -0.2520 -0.6850
vn -0.6850 -0.2520 -0.6850
vn -0.6142 0.6693 -0.4252
vn 0.7165 -0.6929 0.0236
vn 0.7165 -0.6929 0.0236
vn 0.6693 -0.2913 0.6772
vn 0.6693 -0.2913 0.6772
vn 0.0394 0.3150 -0.9449
vn 0.8819 -0.2520 0.3937
vn 0.2126 0.2677 -0.9370
vn 0.2126 0.2677 -0.9370
vn 0.3622 0.7480 -0.5591
vn 0.3622 0.7480 -0.5591
vn 0.9055 0.0472 0.4252
vn 0.1024 -0.4961 0.8583
vn 0.1024 -0.4961 0.8583
vn -0.3307 0.6220 0.7087
vn -0.3307 0.6220 0.7087
vn -0.0157 -0.6614 0.7480
vn -0.6772 0.7165 0.1496
vn -0.6772 0.7165 0.1496
vn -0.6772 0.7165 0.1496
vn -0.5354 -0.1890 -0.8268
vn -0.5354 -0.1890 -0.8268
vn -0.5354 -0.1890 -0.8268
vn -0.5354 -0.1890 -0.8268
vn -0.9291 -0.2913 -0.2283
vn -0.8976 -0.3701 0.2283
vn -0.5276 0.1339 -0.8425
vn -0.5276 0.1339 -0.8425
vn -0.4488 -0.5433 0.7087
vn -0.4488 -0.5433 0.7087
vn -0.4331 -0.0079 0.9055
vn -0.3543 -0.7874 -0.4961
vn -0.3543 -0.7874 -0.4961
vn -0.2756 -0.8583 -0.4409
vn -0.2756 -0.8583 -0.4409
vn -0.2756 -0.8583 -0.4409
vn -0.2756 -0.8583 -0.4409
vn -0.7008 -0.3071 -0.6457
vn -0.7008 -0.3071 -0.6457
vn -0.7008 -0.3071 -0.6457
vn -0.7008 -0.3071 -0.6457
vn -0.3465 0.4094 -0.8425
vn -0.3465 0.4094 -0.8425
vn -0.6535 0.4646 -0.5984
vn -0.6535 0.4646 -0.5984
vn -0.6535 0.4646 -0.5984
vn -0.7087 0.4724 0.5197
vn -0.7244 0.4488 0.5276
vn 0.5197 -0.2598 0.8189
vn 0.5197 -0.2598 0.8189
vn 0.8819 0.1654 -0.4409
vn 0.8819 0.1654 -0.4409
vn 0.1417 0.1811 -0.9764
vn -0.3228 -0.1417 -0.9370
vn -0.3228 -0.1417 -0.9370
vn -0.3307 0.7638 0.5512
vn -0.3307 0.7638 0.5512
vn -0.3307 0.7638 0.5512
vn -0.3307 0.7638 0.5512
vn -0.3307 0.7638 0.5512
vn -0.3307 0.7638 0.5512
vn 0.0866 -0.7795 -0.6220
vn -0.8819 -0.2126 0.4173
vn -0.8819 -0.2126 0.4173
vn -0.9685 0.2126 0.0945
vn -0.9685 0.2126 0.0945
vn -0.9213 -0.3780 0.0945
vn -0.8661 -0.3858 0.3150
vn -0.4331 0.7795 0.4488
vn -0.4331 0.7795 0.4488
vn 0.2913 0.7717 0.5669
vn 0.2913 0.7717 0.5669
vn 0.2913 0.7717 0.5669
vn 0.0079 0.7795 0.6299
vn 0.0079 0.7795 0.6299
vn -0.5512 -0.1811 0.8110
vn -0.5512 -0.1811 0.8110
vn -0.9370 -0.3150 -0.1260
vn -0.9370 -0.3150 -0.1260
vn -0.9370 -0.3150 -0.1260
vn 0.1890 -0.9843 -0.0236
vn 0.1890 -0.9843 -0.0236
vn -0.5039 -0.5276 0.6850
vn -0.5039 -0.5276 0.6850
vn 0.8661 -0.4961 0.0000
vn 0.8661 -0.4961 0.0000
vn -0.6378 0.2598 0.7244
vn -0.6378 0.2598 0.7244
vn -0.5197 -0.1575 -0.8425
vn -0.5197 -0.1575 -0.8425
vn -0.5118 0.0315 -0.8583
vn -0.5669 0.1890 -0.8031
vn 0.7323 -0.5276 0.4331
vn 0.7323 -0.5276 0.4331
vn 0.5748 0.3780 0.7244
vn 0.5748 0.3780 0.7244
vn 0.9134 0.4094 0.0079
vn 0.9134 0.4094 0.0079
vn -0.6929 -0.7087 -0.1339
vn -0.6929 -0.7087 -0.1339
vn -0.6929 -0.7087 -0.1339
vn -0.3701 0.7559 0.5354
vn -0.3701 0.7559 0.5354
vn -0.8031 0.3465 0.4803
vn -0.9764 0.0157 -0.2362
vn -0.7323 -0.2835 0.6220
vn -0.7323 -0.2835 0.6220
vn -0.7402 -0.1417 -0.6535
vn -0.7402 -0.1417 -0.6535
vn -0.9528 -0.2677 -0.1339
vn -0.9134 -0.1732 0.3780
vn -0.9134 -0.1732 0.3780
vn -0.9291 -0.3386 -0.1496
vn -0.9291 -0.3386 -0.1496
vn -0.6614 0.0709 0.7480
vn -0.6614 0.0709 0.7480
vn -0.6614 0.0709 0.7480
vn -0.1417 0.4646 -0.8740
vn -0.4409 0.2441 -0.8661
vn -0.4409 0.2441 -0.8661
vn -0.4409 0.2441 -0.8661
vn -0.5039 0.7559 -0.4173
vn -0.5039 0.7559 -0.4173
vn -0.9449 0.3071 -0.1102
vn -0.9449 0.3071 -0.1102
vn -0.6457 -0.0709 0.7638
vn -0.6614 -0.6693 0.3386
vn -0.6614 -0.6693 0.3386
vn -0.6614 -0.6693 0.3386
vn -0.6614 -0.6693 0.3386
vn 0.1969 -0.4016 0.8976
vn 0.1969 -0.4016 0.8976
vn -0.7480 0.5984 0.2756
vn 0.8031 -0.0551 0.5906
vn 0.8031 -0.0551 0.5906
vn 0.4094 -0.1969 -0.8898
vn 0.4094 -0.1969 -0.8898
vn -0.1417 -0.7244 -0.6693
vn -0.1417 -0.7244 -0.6693
vn 0.0472 -0.8031 -0.5984
vn 0.0472 -0.8031 -0.5984
vn -0.1732 -0.8189 0.5512
vn -0.1732 -0.8189 0.5512
vn -0.0472 0.4331 0.8976
vn 0.8583 -0.5039 -0.1024
vn 0.8583 -0.5039 -0.1024
vn 0.5197 0.0315 0.8583
vn 0.5197 0.0315 0.8583
vn -0.6299 -0.7165 -0.2992
vn -0.8976 -0.4331 -0.0787
vn -0.7874 -0.6220 0.0157
vn -0.8346 -0.2598 0.4803
vn -0.8504 0.3071 -0.4173
vn -0.8504 0.3071 -0.4173
vn -0.8583 -0.4803 -0.1654
vn -0.8583 -0.4803 -0.1654
vn -0.9606 -0.2441 0.1417
vn 0.2283 -0.6378 -0.7323
vn 0.2283 -0.6378 -0.7323
vn 0.2283 -0.6378 -0.7323
vn -0.7953 -0.2441 -0.5591
vn -0.7953 -0.2441 -0.5591
vn -0.5039 -0.4331 -0.7402
vn -0.5039 -0.4331 -0.7402
vn -0.7638 -0.6457 0.0630
vn -0.7638 -0.6457 0.0630
vn -0.6693 -0.7323 0.1417
vn -0.6693 -0.7323 0.1417
vn -0.7087 -0.6299 0.3071
vn -0.7087 -0.6299 0.3071
vn -0.7087 -0.6299 0.3071
vn -0.4252 0.1890 -0.8819
vn -0.4252 0.1890 -0.8819
vn -0.6063 0.0000 -0.7953
vn -0.6063 0.0000 -0.7953
vn -0.3937 -0.5906 0.7008
vn -0.3937 -0.5906 0.7008
vn -0.3465 0.7165 -0.6063
vn -0.3465 0.7165 -0.6063
vn -0.6220 -0.3543 0.7008
vn -0.8031 0.0787 -0.5827
vn -0.8031 0.0787 -0.5827
vn -0.8031 0.0787 -0.5827
vn -0.5591 -0.3386 -0.7559
vn -0.4016 -0.2677 -0.8740
vn -0.5748 0.7008 0.4173
vn -0.5748 0.7008 0.4173
vn -0.6457 0.3386 0.6850
vn -0.6457 0.3386 0.6850
vn -0.6378 0.7638 -0.1260
vn 0.5276 0.4252 -0.7323
vn 0.5276 0.4252 -0.7323
vn 0.7087 -0.6614 0.2520
vn 0.7087 -0.6614 0.2520
vn 0.8504 -0.2677 0.4567
vn 0.8504 -0.2677 0.4567
vn 0.8504 -0.2677 0.4567
vn 0.6850 -0.0787 0.7244
vn 0.6850 -0.0787 0.7244
vn 0.7559 0.5827 -0.2913
vn 0.7559 0.5827 -0.2913
vn 0.7559 0.5827 -0.2913
vn -0.5748 0.8189 0.0236
vn -0.0394 -0.0157 -1.0000
vn -0.0394 -0.0157 -1.0000
vn -0.0394 -0.0157 -1.0000
vn 0.2205 -0.7323 0.6457
vn 0.2205 -0.7323 0.6457
vn 0.2205 -0.7323 0.6457
vn -0.9843 -0.1496 -0.0945
vn -0.9843 -0.1496 -0.0945
vn -0.9843 -0.1496 -0.0945
vn -0.9843 -0.1496 -0.0945
vn -0.9843 -0.1496 -0.0945
vn -0.8583 -0.4567 -0.2362
vn -0.8583 -0.4567 -0.2362
vn -0.8583 -0.4567 -0.2362
vn -0.8740 0.2205 -0.4409
vn -0.8740 0.2205 -0.4409
vn -0.2441 -0.4961 -0.8346
vn -0.3543 -0.1890 -0.9134
vn -0.3543 -0.1890 -0.9134
vn -0.1417 0.0394 -0.9921
vn -0.1417 0.0394 -0.9921
vn 0.6614 0.6063 0.4331
vn 0.1024 -0.1339 0.9843
vn 0.1024 -0.1339 0.9843
vn 0.1024 -0.1339 0.9843
vn -0.2992 -0.4803 0.8268
vn -0.6614 -0.1969 -0.7244
vn -0.1890 0.3150 0.9291
vn -0.1890 0.3150 0.9291
vn 0.6614 -0.6299 -0.4094
vn -0.6378 0.4331 0.6378
vn -0.6378 0.4331 0.6378
vn -0.6693 0.4724 0.5827
vn -0.6693 0.4724 0.5827
vn -0.5354 0.7874 -0.3071
vn -0.5354 0.7874 -0.3071
vn -0.8110 0.5827 -0.0315
vn -0.5591 0.7717 0.2992
vn 0.7559 0.2913 -0.5827
vn 0.7559 0.2913 -0.5827
vn 0.7559 0.2913 -0.5827
vn 0.9528 0.0079 -0.2992
vn 0.9528 0.0079 -0.2992
vn 0.8740 0.4488 -0.1811
vn 0.8740 0.4488 -0.1811
vn 0.7953 0.5197 0.3071
vn -0.2756 0.1969 -0.9449
vn -0.5118 0.5197 -0.6850
vn -0.5118 0.5197 -0.6850
vn -0.2283 0.9134 -0.3386
vn -0.2283 0.9134 -0.3386
vn 0.2126 0.9291 0.3071
vn -0.6457 -0.1024 0.7559
vn -0.6457 -0.1024 0.7559
vn -0.9370 -0.2126 -0.2598
vn -0.9370 -0.2126 -0.2598
vn -0.4173 -0.7953 0.4409
vn -0.4173 -0.7953 0.4409
vn -0.4173 -0.7953 0.4409
vn -0.5984 -0.2126 0.7717
vn -0.5984 -0.2126 0.7717
vn -0.3228 0.0709 -0.9449
vn -0.5039 -0.8268 0.2441
vn -0.3701 0.1181 -0.9213
vn -0.5197 0.6614 -0.5433
vn -0.5197 0.6614 -0.5433
vn -0.7323 0.2913 -0.6142
vn -0.7323 0.2913 -0.6142
vn -0.2520 -0.3071 0.9134
vn -0.3228 -0.2756 0.9055
vn -0.3228 -0.2756 0.9055
vn -0.5433 -0.3228 -0.7717
vn -0.0472 0.3701 -0.9291
vn 0.9921 -0.0394 0.0787
vn 0.9685 -0.2362 0.0866
vn 0.9449 0.0551 0.3228
vn 0.9449 0.0551 0.3228
vn 0.9449 0.0551 0.3228
vn 0.9449 0.0551 0.3228
vn 0.7953 0.2205 0.5669
vn 0.3386 -0.9134 -0.2047
vn 0.0315 -0.2047 0.9764
vn 0.0315 -0.2047 0.9764
vn 0.0315 -0.2047 0.9764
vn 0.0315 -0.2047 0.9764
vn 0.4331 -0.5748 0.6929
vn 0.4331 -0.5748 0.6929
vn 0.4331 -0.5748 0.6929
vn 0.4331 -0.5748 0.6929
vn 0.7638 -0.6220 -0.1969
vn 0.7638 -0.6220 -0.1969
vn 0.7638 -0.6220 -0.1969
vn 0.7638 -0.6220 -0.1969
vn -0.2598 -0.1260 -0.9528
vn -0.2598 -0.1260 -0.9528
vn -0.9370 -0.3071 0.1575
vn -0.9291 -0.2441 0.2677
vn -0.9291 -0.2441 0.2677
vn -0.6693 -0.0394 0.7480
vn -0.6693 -0.0394 0.7480
vn -0.2283 0.2992 0.9291
vn -0.2283 0.2992 0.9291
vn -0.0079 0.0315 -1.0000
vn -0.0079 0.0315 -1.0000
vn -0.6772 -0.3858 0.6220
vn -0.6772 -0.3858 0.6220
vn -0.6772 -0.3858 0.6220
vn -0.4882 -0.2913 0.8189
vn -0.6535 0.5906 -0.4724
vn -0.7559 0.6142 -0.2283
vn -0.7559 0.6142 -0.2283
vn -0.7559 0.6142 -0.2283
vn -0.7559 0.6142 -0.2283
vn -0.7559 0.6142 -0.2283
vn -0.7559 0.6142 -0.2283
vn -0.7087 0.2047 -0.6772
vn -0.7087 0.2047 -0.6772
vn 0.1102 0.1339 -0.9843
vn 0.1102 0.1339 -0.9843
vn 0.1102 0.1339 -0.9843
vn -0.2205 -0.9685 -0.1339
vn -0.2205 -0.9685 -0.1339
vn -0.3937 0.2992 0.8661
vn -0.6772 0.3307 0.6535
vn -0.1417 0.1654 -0.9764
vn -0.6142 0.4488 0.6457
vn -0.6142 0.4488 0.6457
vn -0.6142 0.4488 0.6457
vn 0.9764 0.1969 0.1102
vn 0.9685 0.1417 -0.2047
vn 0.1260 -0.9134 0.3937
vn 0.1260 -0.9134 0.3937
vn 0.6772 -0.6535 -0.3386
vn 0.6772 -0.6535 -0.3386
vn 0.6772 -0.6535 -0.3386
vn 0.6772 -0.6535 -0.3386
vn -0.8346 0.5354 0.1024
vn -0.8346 0.5354 0.1024
vn -0.8661 -0.0315 0.4961
vn -0.8661 -0.0315 0.4961
vn -0.8661 -0.0315 0.4961
vn 0.0000 0.0000 0.0000
vn 0.0000 0.0000 0.0000
vn -0.9843 0.0394 -0.1654
vn -0.9843 0.0394 -0.1654
vn 0.9291 -0.3622 -0.0787
vn 0.9291 -0.3622 -0.0787
vn -0.7323 0.4331 -0.5276
vn -0.7323 0.4331 -0.5276
vn -0.9921 -0.0709 -0.1102
vn -0.9921 -0.0709 -0.1102
vn -0.9921 -0.0709 -0.1102
vn -0.3701 0.5984 -0.7087
vn -0.3701 0.5984 -0.7087
vn -0.3701 0.5984 -0.7087
vn -0.3701 0.5984 -0.7087
vn -0.7323 -0.5906 0.3386
vn -0.7323 -0.5906 0.3386
vn 0.9370 0.3150 -0.1417
vn 0.9370 0.3150 -0.1417
vn 0.9370 0.3150 -0.1417
vn -0.8346 -0.1260 -0.5354
vn -0.4331 -0.1181 0.8898
vn -0.4331 -0.1181 0.8898
vn -0.5118 -0.6063 -0.6063
vn -0.5118 -0.6063 -0.6063
vn -0.0157 -0.8976 -0.4488
vn -0.0157 -0.8976 -0.4488
vn -0.0157 -0.8976 -0.4488
vn -0.4882 -0.1654 0.8583
vn -0.4882 -0.1654 0.8583
vn -0.4882 -0.1654 0.8583
vn -0.7402 -0.6693 -0.0551
vn -0.3858 -0.1496 -0.9134
vn -0.3307 0.1732 -0.9291
vn 0.6220 0.7795 0.0945
vn 0.6220 0.7795 0.0945
vn -0.4173 -0.0079 0.9055
vn -0.5984 0.0236 -0.8031
vn -0.5984 0.0236 -0.8031
vn -0.2835 -0.8583 -0.4331
vn -0.2835 -0.8583 -0.4331
vn -0.2835 -0.8583 -0.4331
vn -0.2835 -0.8583 -0.4331
vn -0.2835 -0.8583 -0.4331
vn -0.3937 -0.1890 -0.8976
vn -0.2913 0.0709 -0.9528
vn -0.4252 -0.0787 -0.8976
vn -0.4252 -0.0787 -0.8976
vn -0.4252 -0.0787 -0.8976
vn -0.4646 0.7874 -0.4094
vn -0.3150 0.7717 0.5591
vn -0.3150 0.7717 0.5591
vn -0.3150 0.7717 0.5591
vn -0.9606 -0.1417 -0.2441
vn -0.9606 -0.1417 -0.2441
vn -0.8189 0.1181 0.5591
vn -0.8189 0.1181 0.5591
vn -0.5512 0.3228 0.7717
vn 0.9764 -0.1496 -0.1339
vn -0.2835 -0.0630 -0.9528
vn -0.9685 -0.1969 0.1417
vn -0.9291 -0.2835 -0.2283
vn -0.6220 -0.5827 0.5197
vn -0.6220 -0.5827 0.5197
vn 0.4567 0.2835 0.8425
vn 0.4567 0.2835 0.8425
vn 0.4567 0.2835 0.8425
vn -0.7323 -0.1811 0.6614
vn -0.7323 -0.1811 0.6614
vn -0.7323 -0.1811 0.6614
vn -0.5118 -0.1024 0.8504
vn -0.5118 -0.1024 0.8504
vn 0.5906 0.8031 0.1102
vn -0.4646 -0.7008 0.5354
vn 0.0394 -0.8976 0.4409
vn 0.0394 -0.8976 0.4409
vn 0.0945 0.2756 -0.9528
vn -0.5039 0.5906 0.6299
vn -0.5039 0.5906 0.6299
vn -0.4961 0.7874 -0.3701
vn -0.7402 0.3780 -0.5512
vn -0.7402 0.3780 -0.5512
vn -0.9764 0.2047 0.0079
vn -0.9213 0.3622 -0.1496
vn -0.9213 0.3622 -0.1496
vn 0.0000 0.0000 0.0000
vn 0.0000 0.0000 0.0000
vn 0.0000 0.0000 0.0000
vn 0.0000 0.0000 0.0000
vn -0.4016 -0.1575 -0.9055
vn -0.3701 -0.4803 0.7953
vn -0.3701 -0.4803 0.7953
vn -0.3228 0.1024 -0.9370
vn -0.4409 0.3465 -0.8268
vn -0.4409 0.3465 -0.8268
vn -0.1102 0.5669 0.8189
vn -0.4173 0.2441 0.8740
vn -0.4173 0.2441 0.8740
vn -0.9606 -0.0709 -0.2756
vn -0.9606 -0.0709 -0.2756
vn -0.5118 0.6772 -0.5276
vn -0.5118 0.6772 -0.5276
vn -0.9921 -0.1024 -0.0472
vn 0.9843 -0.0157 0.1654
vn 0.9843 -0.0157 0.1654
vn 0.9843 -0.0157 0.1654
vn 0.9291 0.0866 -0.3622
vn 0.9291 0.0866 -0.3622
vn -0.8110 -0.0315 -0.5827
vn -0.6772 -0.4961 0.5433
vn -0.6772 -0.4961 0.5433
vn -0.6772 -0.4961 0.5433
vn -0.7008 0.0079 0.7165
vn -0.7008 0.0079 0.7165
vn -0.7008 0.0079 0.7165
vn -0.6457 -0.5039 0.5748
vn -0.6457 -0.5039 0.5748
vn -0.4409 -0.3701 -0.8189
vn -0.4331 -0.4803 0.7638
vn -0.4331 -0.4803 0.7638
vn -0.4331 -0.4803 0.7638
vn -0.3071 -0.3543 -0.8819
vn -0.3071 -0.3543 -0.8819
vn -0.6850 -0.4567 0.5669
vn -0.6850 -0.4567 0.5669
vn -0.6850 -0.4567 0.5669
vn -0.4724 0.0000 0.8819
vn -0.4173 -0.4173 -0.8110
vn -0.3465 0.3150 0.8819
vn -0.7480 -0.2047 -0.6299
vn -0.0315 -0.5591 0.8268
vn -0.0315 -0.5591 0.8268
vn -0.0315 -0.5591 0.8268
vn -0.1969 -0.5591 0.8031
vn -0.1969 -0.5591 0.8031
vn -0.1181 -0.6220 0.7717
vn -0.1181 -0.6220 0.7717
vn 0.7165 -0.3937 0.5827
vn 0.7165 -0.3937 0.5827
vn -0.5039 0.5354 -0.6772
vn -0.5039 0.5354 -0.6772
vn -0.9213 -0.2283 0.3150
vn -0.8425 -0.1260 0.5276
vn -0.7008 -0.4961 0.5118
vn -0.7008 -0.4961 0.5118
vn -0.6535 -0.2598 -0.7087
vn -0.6535 -0.2598 -0.7087
vn -0.8346 0.0472 -0.5433
vn -0.7559 -0.2362 -0.6142
vn -0.1575 -0.4173 -0.8976
vn -0.5669 -0.7165 0.4016
vn -0.5669 -0.7165 0.4016
vn 0.2283 0.8661 0.4409
vn 0.2283 0.8661 0.4409
vn -0.3386 -0.9134 -0.2126
vn -0.5039 -0.5118 0.7008
vn -0.5039 -0.5118 0.7008
vn -0.5039 -0.5118 0.7008
vn -0.3543 -0.8031 -0.4803
vn -0.4016 0.2047 -0.8976
vn -0.4016 0.2047 -0.8976
vn -0.4646 0.4882 -0.7402
vn -0.4646 0.4882 -0.7402
vn -0.5197 -0.4882 0.7008
vn -0.5197 -0.4882 0.7008
vn -0.0079 0.4488 -0.8898
vn -0.8346 0.5512 0.0000
vn -0.8346 0.5512 0.0000
vn -0.2205 0.9055 -0.3543
vn -0.2205 0.9055 -0.3543
vn -0.3386 0.8268 -0.4567
vn -0.3386 0.8268 -0.4567
vn -0.4173 -0.1496 -0.8976
vn -0.4173 -0.1496 -0.8976
vn -0.4094 -0.0157 0.9134
vn -0.4094 -0.0157 0.9134
vn -0.7244 -0.2992 0.6220
vn -0.7244 -0.2992 0.6220
vn -0.7244 -0.2992 0.6220
vn -0.7244 -0.2992 0.6220
vn -0.8031 0.1339 -0.5748
vn -0.4961 -0.3701 -0.7874
vn -0.4961 -0.3701 -0.7874
vn -0.4961 -0.3701 -0.7874
vn -0.3937 -0.1102 0.9134
vn -0.3937 -0.1102 0.9134
vn -0.4882 -0.6929 0.5276
vn -0.4882 -0.6929 0.5276
vn -0.4882 -0.6929 0.5276
vn -0.6457 -0.7323 0.2205
vn -0.2756 0.1339 -0.9528
vn -0.3622 -0.9055 0.2126
vn 0.5039 0.3228 0.7953
vn 0.5039 0.3228 0.7953
vn -0.2362 0.2126 -0.9449
vn -0.3150 -0.3228 0.8976
vn -0.3150 -0.3228 0.8976
vn -0.3150 -0.3228 0.8976
vn -0.2283 0.2835 0.9291
vn -0.5512 0.4646 0.6929
vn -0.3150 0.8504 -0.4173
vn 0.0000 0.5433 0.8425
vn 0.0000 0.5433 0.8425
vn 0.5827 0.6299 0.5118
vn 0.5827 0.6299 0.5118
vn -0.6614 -0.6929 -0.2835
vn -0.6614 -0.6929 -0.2835
vn -0.6614 -0.6929 -0.2835
vn -0.8819 -0.4409 0.1496
vn -0.8819 -0.4409 0.1496
vn 0.7559 0.0000 0.6535
vn 0.7559 0.0000 0.6535
vn -0.0315 0.2205 -0.9764
vn -0.0315 0.2205 -0.9764
vn -0.0315 0.2205 -0.9764
vn -0.0315 0.2205 -0.9764
vn -0.4173 0.2047 -0.8898
vn -0.4173 0.2047 -0.8898
vn -0.4173 0.2047 -0.8898
vn -0.4173 0.2047 -0.8898
vn -0.8268 0.2441 -0.5039
vn -0.8268 0.2441 -0.5039
vn -0.8268 0.2441 -0.5039
vn -0.8268 0.2441 -0.5039
vn -0.8189 -0.2520 0.5197
vn -0.8189 -0.2520 0.5197
vn -0.5669 0.0945 -0.8189
vn -0.5669 0.0945 -0.8189
vn -0.5669 0.0945 -0.8189
vn -0.5906 0.1181 -0.7953
vn -0.5906 0.1181 -0.7953
vn -0.5197 0.0079 0.8504
vn -0.5197 0.0079 0.8504
vn -0.5197 0.0079 0.8504
vn -0.5197 0.0079 0.8504
vn -0.5984 -0.7638 -0.2520
vn -0.5984 -0.7638 -0.2520
vn -0.5984 -0.7638 -0.2520
vn -0.7165 -0.6850 0.1575
vn -0.7165 -0.6850 0.1575
vn -0.7165 -0.6850 0.1575
vn -0.5827 -0.4016 0.7087
vn -0.5827 -0.4016 0.7087
vn -0.1890 0.1732 -0.9685
vn 0.1339 0.3780 0.9134
vn 0.1339 0.3780 0.9134
vn -0.1024 0.1732 0.9764
vn -0.1811 -0.8740 0.4567
vn -0.1811 -0.8740 0.4567
vn -0.0079 -0.6378 -0.7717
vn -0.3228 -0.2205 -0.9213
vn -0.1024 0.3622 0.9291
vn -0.2520 0.8819 -0.3937
vn -0.4016 0.8268 -0.3937
vn -0.0945 0.9764 -0.1969
vn -0.0945 0.9764 -0.1969
vn -0.6772 -0.4646 0.5669
vn -0.6772 -0.4646 0.5669
vn -0.3150 0.0394 -0.9449
vn 0.0000 0.0000 0.0000
vn 0.0000 0.0000 0.0000
vn -0.8425 0.1417 0.5197
vn -0.2756 -0.6220 0.7323
vn -0.2756 -0.6220 0.7323
vn 0.4409 0.8898 -0.1024
vn 0.6220 0.6850 0.3701
vn 0.4488 0.8031 0.3937
vn 0.4488 0.8031 0.3937
vn -0.3386 -0.8661 -0.3622
vn -0.2047 -0.1024 -0.9764
vn -0.1654 0.1811 0.9685
vn -0.0472 0.9764 -0.2047
vn 0.7480 -0.6063 0.2756
vn 0.7480 -0.6063 0.2756
vn 0.0000 0.0000 0.0000
vn 0.0000 0.0000 0.0000
vn -0.4803 -0.2677 0.8346
vn -0.4803 -0.2677 0.8346
vn -0.6220 -0.2441 -0.7480
vn -0.6220 -0.2441 -0.7480
vn -0.7874 0.1024 0.6063
vn -0.7874 0.1024 0.6063
vn -0.7874 0.1024 0.6063
vn -0.3465 0.0945 0.9291
vn -0.4646 -0.0079 -0.8898
vn -0.9213 0.0394 0.3937
vn -0.9213 0.0394 0.3937
vn -0.1732 0.5354 -0.8268
vn -0.6063 -0.1496 0.7795
vn -0.6063 -0.1496 0.7795
vn -0.2126 0.0551 -0.9764
vn 0.6142 -0.6693 -0.4252
vn -0.2913 0.2835 0.9134
vn -0.1181 0.7323 0.6693
vn -0.1181 0.7323 0.6693
vn -0.0630 0.9921 0.0866
vn 0.6772 -0.7323 0.0866
vn 0.6772 -0.7323 0.0866
vn 0.7638 -0.5748 0.3071
vn 0.7638 -0.5748 0.3071
vn 0.6772 -0.2047 0.7087
vn -0.3307 -0.2362 0.9134
vn -0.3307 -0.2362 0.9134
vn -0.6693 -0.2992 0.6850
vn -0.6693 -0.2992 0.6850
vn -0.6693 -0.2992 0.6850
vn -0.7638 0.1890 0.6142
vn -0.7638 0.1890 0.6142
vn -0.3622 0.7008 0.6142
vn -0.3622 0.7008 0.6142
vn -0.2992 -0.1496 -0.9449
vn -0.4094 0.4724 0.7795
vn -0.4094 0.4724 0.7795
vn -0.4094 0.4724 0.7795
vn -0.2756 -0.2992 -0.9134
vn -0.2756 -0.2992 -0.9134
vn -0.2362 0.1181 0.9606
vn -0.5748 -0.3937 0.7165
vn -0.5748 -0.3937 0.7165
vn -0.4331 -0.8583 -0.2756
vn 0.6457 -0.7638 0.1024
vn 0.6457 -0.7638 0.1024
vn 0.6457 -0.7638 0.1024
vn -0.2441 -0.6693 0.7008
vn 0.6693 -0.6693 -0.3228
vn 0.6693 -0.6693 -0.3228
vn 0.6693 -0.6693 -0.3228
vn -0.6614 0.5591 0.5039
vn -0.6614 0.5591 0.5039
vn -0.7087 -0.5276 -0.4724
vn -0.5197 0.6220 0.5827
vn -0.5197 0.6220 0.5827
vn -0.8425 0.0236 -0.5433
vn -0.8583 -0.4803 -0.1890
vn -0.8740 0.3307 -0.3465
vn -0.8740 0.3307 -0.3465
vn -0.3780 0.5512 0.7480
vn -0.3780 0.5512 0.7480
vn 0.3150 0.9449 0.0315
vn 0.4409 -0.8189 -0.3780
vn -0.3150 0.1575 -0.9370
vn -0.4961 0.0551 0.8661
vn -0.4331 0.2598 -0.8661
vn -0.4331 0.2598 -0.8661
vn -0.4331 0.1024 -0.8976
vn -0.6693 0.1102 0.7323
vn -0.6693 0.1102 0.7323
vn -0.6693 0.1102 0.7323
vn -0.2126 -0.4252 -0.8819
vn -0.2126 -0.4252 -0.8819
vn -0.5748 -0.4331 0.7008
vn -0.5748 -0.4331 0.7008
vn -0.5748 -0.4331 0.7008
vn -0.2441 -0.8425 -0.4803
vn -0.2441 -0.8425 -0.4803
vn -0.2441 -0.8425 -0.4803
vn -0.2441 -0.8425 -0.4803
vn -0.1102 -0.2677 0.9528
vn -0.1102 -0.2677 0.9528
vn 0.3937 0.9213 -0.0315
vn -0.0630 1.0000 -0.0157
vn -0.4882 -0.1417 -0.8583
vn -0.1181 0.5669 -0.8189
vn -0.2362 -0.6299 -0.7402
vn -0.6220 0.2441 0.7402
vn -0.6220 0.2441 0.7402
vn -0.6693 0.4252 0.6063
vn -0.6693 0.4252 0.6063
vn -0.6614 0.3465 -0.6693
vn -0.6614 0.3465 -0.6693
vn -0.4961 0.8268 -0.2677
vn 0.3307 0.6929 0.6378
vn -0.4252 -0.2362 -0.8740
vn -0.4252 -0.2362 -0.8740
vn -0.2047 0.2992 -0.9370
vn -0.5354 -0.3386 0.7717
vn 0.0394 0.0394 -1.0000
vn -0.2677 0.5276 -0.8110
vn -0.0945 0.1732 0.9764
vn -0.2362 0.2441 -0.9370
vn -0.8031 -0.5118 -0.2992
vn -0.1260 0.7323 0.6693
vn -0.1260 0.7323 0.6693
vn -0.1260 0.7323 0.6693
vn -0.1260 0.7323 0.6693
vn -0.5984 0.7244 -0.3386
vn -0.5984 0.7244 -0.3386
vn 0.1024 0.9843 -0.1339
vn 0.2992 0.0630 0.9528
vn -0.5984 -0.2283 0.7717
vn -0.2598 0.0394 -0.9606
vn -0.0630 0.0236 -1.0000
vn -0.0630 0.0236 -1.0000
vn -0.0630 0.0236 -1.0000
vn -0.3622 -0.6850 0.6299
vn -0.3622 -0.6850 0.6299
vn -0.3622 -0.6850 0.6299
vn -0.3622 -0.6850 0.6299
vn 0.0157 -0.1890 -0.9843
vn -0.3622 -0.3150 0.8819
vn -0.3622 -0.3150 0.8819
vn -0.3622 -0.3150 0.8819
vn -0.1417 0.2520 0.9606
vn -0.2677 0.1339 -0.9528
vn -0.4173 -0.3465 0.8425
vn -0.0472 0.5984 -0.8031
vn -0.2126 0.3937 -0.8898
vn -0.1654 -0.5669 -0.8031
vn -0.1654 -0.5669 -0.8031
vn -0.7953 -0.5748 -0.1732
vn -0.3622 0.6772 0.6378
vn -0.3622 0.6772 0.6378
vn -0.8661 -0.3622 -0.3465
vn -0.1811 -0.1496 -0.9685
vn -0.1811 -0.1496 -0.9685
vn -0.6299 -0.3465 0.7008
vn -0.6299 -0.3465 0.7008
vn -0.6299 0.0472 0.7795
vn -0.6299 0.0472 0.7795
vn -0.6299 0.0472 0.7795
vn -0.1969 -0.5118 0.8346
vn -0.1969 -0.5118 0.8346
vn -0.4094 -0.7087 0.5669
vn -0.4094 -0.7087 0.5669
vn -0.3858 -0.6693 0.6378
vn -0.3858 -0.6693 0.6378
vn -0.2520 -0.8583 0.4488
vn -0.2520 -0.8583 0.4488
vn -0.0945 0.7087 -0.7008
vn -0.0945 0.7087 -0.7008
vn 0.0630 -0.8346 0.5433
vn 0.0630 -0.8346 0.5433
vn -0.0236 0.2047 0.9764
vn -0.0236 0.2047 0.9764
vn -0.0630 0.9291 -0.3701
vn 0.3307 -0.2598 0.9055
vn 0.3307 -0.2598 0.9055
vn -0.2913 -0.0945 0.9528
vn 0.6378 -0.6220 0.4488
vn 0.6378 -0.6220 0.4488
vn 0.4646 -0.8031 0.3622
vn 0.4646 -0.8031 0.3622
vn 0.4252 -0.7717 0.4803
vn 0.4252 -0.7717 0.4803
vn 0.4252 -0.7717 0.4803
vn 0.0315 0.0551 -1.0000
vn -0.6693 -0.2992 0.6772
vn -0.6693 -0.2992 0.6772
vn -0.6693 -0.2992 0.6772
vn -0.0551 0.2992 -0.9528
vn -0.0551 0.2992 -0.9528
vn -0.3622 -0.3701 0.8583
vn -0.3622 -0.3701 0.8583
vn -0.3622 -0.3701 0.8583
vn 0.1260 -0.4724 -0.8740
vn -0.4252 -0.0866 0.8976
vn -0.4252 -0.0866 0.8976
vn -0.4252 -0.0866 0.8976
vn -0.4252 -0.0866 0.8976
vn -0.4252 -0.0866 0.8976
vn -0.4252 -0.0866 0.8976
vn -0.0079 -0.2205 -0.9764
vn -0.0079 -0.2205 -0.9764
vn -0.5276 -0.6929 0.4961
vn -0.4016 -0.5669 0.7165
vn -0.4016 -0.5669 0.7165
vn -0.4016 -0.5669 0.7165
vn -0.9370 -0.1417 0.3150
vn -0.1811 -0.7165 0.6693
vn -0.1811 -0.7165 0.6693
vn -0.1811 -0.7165 0.6693
vn -0.2992 -0.9449 -0.1417
vn -0.2992 -0.9449 -0.1417
vn -0.1654 -0.3780 -0.9055
vn -0.0236 0.2598 0.9685
vn 0.5827 -0.8031 -0.1181
vn 0.5827 -0.8031 -0.1181
vn -0.6299 -0.4252 -0.6535
vn -0.6299 -0.4252 -0.6535
vn -0.4409 0.8346 0.3386
vn -0.4409 0.8346 0.3386
vn -0.3071 0.8740 -0.3701
vn -0.1024 0.9528 -0.2756
vn 0.3150 0.8031 0.5039
vn 0.3150 0.8031 0.5039
vn 0.1496 -0.3150 -0.9370
vn 0.1496 -0.3150 -0.9370
vn 0.1496 -0.3150 -0.9370
vn -0.4094 -0.0945 0.9055
vn -0.4094 -0.0945 0.9055
vn -0.7244 -0.2913 0.6299
vn -0.7244 -0.2913 0.6299
vn -0.2913 0.6299 0.7165
vn -0.2913 0.6299 0.7165
vn -0.2913 0.6299 0.7165
vn -0.9606 -0.2362 0.1260
vn -0.9606 -0.2362 0.1260
vn -0.3307 -0.2047 -0.9213
vn -0.0394 -0.0472 -1.0000
vn -0.0787 0.2835 0.9528
vn -0.0787 0.2835 0.9528
vn -0.3858 0.0787 0.9213
vn -0.3858 0.0787 0.9213
vn -0.4016 -0.5197 0.7559
vn -0.4016 -0.5197 0.7559
vn -0.7008 0.4252 0.5748
vn -0.7008 0.4252 0.5748
vn -0.0787 -0.9370 -0.3465
vn -0.0787 -0.9370 -0.3465
vn -0.3307 0.3307 -0.8819
vn -0.5197 -0.1654 0.8425
vn -0.5197 -0.1654 0.8425
vn -0.5118 -0.8189 -0.2520
vn -0.5118 -0.8189 -0.2520
vn 0.4961 -0.8425 0.2047
vn 0.4961 -0.8425 0.2047
vn -0.7008 -0.3071 0.6378
vn -0.7008 -0.3071 0.6378
vn -0.7008 -0.3071 0.6378
vn -0.7008 -0.3071 0.6378
vn -0.4646 -0.8740 -0.1654
vn -0.4646 -0.8740 -0.1654
vn -0.5906 -0.7559 0.2756
vn -0.5906 -0.7559 0.2756
vn -0.2205 0.9213 -0.3228
vn -0.4252 -0.8110 -0.4016
vn -0.4252 -0.8110 -0.4016
vn 0.5591 -0.8268 0.0157
vn 0.0945 -0.9921 0.0945
vn 0.0945 -0.9921 0.0945
vn -0.4252 -0.2756 0.8661
vn -0.4094 -0.0630 0.9055
vn -0.4094 -0.0630 0.9055
vn -0.0787 0.3543 -0.9291
vn -0.1969 -0.1654 0.9685
vn -0.1969 -0.1654 0.9685
vn -0.0866 0.2835 -0.9528
vn -0.4803 -0.2047 0.8504
vn -0.4803 -0.2047 0.8504
vn -0.5354 -0.7795 0.3150
vn -0.5354 -0.7795 0.3150
vn -0.6693 0.3465 -0.6535
vn -0.6693 0.3465 -0.6535
vn -0.3150 -0.8661 0.3858
vn 0.0866 -0.3386 -0.9370
vn 0.0866 -0.3386 -0.9370
vn -0.0866 -0.1181 -0.9921
vn -0.0945 0.2283 -0.9685
vn -0.3622 -0.8740 0.3228
vn -0.3622 -0.8740 0.3228
vn -0.2598 -0.7087 -0.6614
vn -0.2598 -0.7087 -0.6614
vn -0.8031 -0.2913 0.5118
vn -0.8031 -0.2913 0.5118
vn -0.2362 -0.4488 -0.8661
vn 0.0394 0.0945 0.9921
vn -0.1811 -0.6535 -0.7323
vn -0.1811 -0.6535 -0.7323
vn 0.4094 -0.9055 -0.0709
vn -0.5276 0.5354 -0.6614
vn -0.5276 0.5354 -0.6614
vn -0.7008 0.3622 -0.6142
vn -0.7008 0.3622 -0.6142
vn -0.1339 0.6772 -0.7244
vn -0.1339 0.6772 -0.7244
vn -0.1339 0.6772 -0.7244
vn 0.0000 0.7953 0.6063
vn 0.0000 0.7953 0.6063
vn 0.0000 0.7953 0.6063
vn 0.3701 0.8740 0.3228
vn 0.1732 0.9764 -0.1024
vn 0.7244 -0.6850 -0.0945
vn 0.0315 0.2913 -0.9528
vn -0.1969 -0.0945 0.9764
vn -0.1969 -0.0945 0.9764
vn -0.1969 -0.0945 0.9764
vn 0.0472 -0.4094 -0.9134
vn 0.0472 -0.4094 -0.9134
vn -0.1102 -0.2441 0.9606
vn -0.1102 -0.2441 0.9606
vn -0.0630 -1.0000 0.0236
vn -0.1496 -0.4882 0.8583
vn -0.1496 -0.4882 0.8583
vn -0.1496 -0.4882 0.8583
vn -0.6929 -0.7165 -0.0945
vn -0.6929 -0.7165 -0.0945
vn -0.6929 -0.7165 -0.0945
vn 0.3150 -0.7717 -0.5512
vn 0.3150 -0.7717 -0.5512
vn -0.4488 0.4803 0.7559
vn -0.4488 0.4803 0.7559
vn -0.4488 0.4803 0.7559
vn 0.1024 0.0000 0.9921
vn -0.1654 -0.8819 0.4488
vn -0.1654 -0.8819 0.4488
vn 0.0551 0.0551 -1.0000
vn 0.1260 -0.3780 -0.9134
vn 0.1260 -0.3780 -0.9134
vn 0.0551 -0.2126 -0.9764
vn 0.0709 0.9449 0.3071
vn 0.0709 0.9449 0.3071
vn -0.2283 -0.1496 -0.9606
vn -0.7244 -0.0866 0.6772
vn -0.7244 -0.0866 0.6772
vn -0.2835 0.4803 0.8268
vn -0.4016 -0.9134 -0.0866
vn -0.4016 -0.9134 -0.0866
vn 0.4488 -0.7953 -0.4016
vn 0.4488 -0.7953 -0.4016
vn -0.1181 0.8425 -0.5276
vn -0.4724 0.5354 0.7008
vn -0.1181 0.9528 -0.2913
vn 0.2441 -0.8425 0.4803
vn 0.2441 -0.8425 0.4803
vn 0.2441 -0.8425 0.4803
vn 0.1024 -0.1496 -0.9843
vn 0.1024 -0.1496 -0.9843
vn -0.6850 -0.1339 0.7165
vn 0.2047 -0.9685 -0.1575
vn 0.3543 -0.7323 0.5827
vn -0.2362 -0.5591 0.7953
vn -0.2362 -0.5591 0.7953
vn -0.1811 0.5669 0.8031
vn -0.1811 0.5669 0.8031
vn -0.1811 0.5669 0.8031
vn -0.1811 0.5669 0.8031
vn -0.0630 -0.7874 0.6142
vn -0.0630 -0.7874 0.6142
vn -0.0630 -0.7874 0.6142
vn -0.0630 -0.7874 0.6142
vn -0.1339 0.5906 0.7953
vn -0.1339 0.5906 0.7953
vn 0.3543 -0.9291 0.0551
vn 0.3543 -0.9291 0.0551
vn 0.3543 -0.9291 0.0551
vn 0.3543 -0.9291 0.0551
vn 0.3543 -0.9291 0.0551
vn 0.2362 -0.9449 -0.2362
vn -0.2126 -0.9528 -0.2126
vn -0.0079 -0.6535 0.7559
vn -0.0079 -0.6535 0.7559
vn 0.0551 0.0709 -0.9921
vn -0.8346 -0.4567 -0.2913
vn -0.8346 -0.4567 -0.2913
vn 0.1260 0.7244 0.6772
vn 0.1260 0.7244 0.6772
vn 0.2441 0.7244 0.6457
vn 0.2441 0.7244 0.6457
vn -0.1024 0.6693 -0.7402
vn 0.2677 0.7480 0.6063
vn 0.2677 0.7480 0.6063
vn 0.2677 0.7480 0.6063
vn 0.2677 0.7480 0.6063
vn -0.2835 0.5276 0.8031
vn -0.2835 0.5276 0.8031
vn 0.0787 0.8031 0.5906
vn 0.0787 0.8031 0.5906
vn -0.2756 -0.9291 -0.2598
vn -0.2756 -0.9291 -0.2598
vn -0.1654 -0.1496 -0.9764
vn -0.1654 -0.1496 -0.9764
vn -0.1654 -0.1496 -0.9764
vn -0.2047 -0.8189 0.5433
vn -0.0394 -0.4173 -0.9055
vn 0.1890 0.2756 0.9449
vn 0.1890 0.2756 0.9449
vn 0.2520 0.2756 -0.9291
vn 0.2520 0.2756 -0.9291
vn -0.1732 -0.9055 0.3858
vn -0.1732 -0.9055 0.3858
vn -0.1732 -0.9055 0.3858
vn 0.0945 -0.2441 -0.9685
vn -0.0787 -0.9921 0.0394
vn -0.0787 -0.9921 0.0394
vn -0.0394 0.0551 -1.0000
vn -0.5669 -0.3150 0.7638
vn -0.5669 -0.3150 0.7638
vn -0.1575 0.1811 -0.9685
vn -0.1969 -0.9764 -0.1024
vn -0.1969 -0.9764 -0.1024
vn -0.2520 0.2913 0.9213
vn -0.2520 0.2913 0.9213
vn -0.3386 -0.8189 -0.4646
vn -0.3386 -0.8189 -0.4646
vn -0.3071 -0.9213 -0.2441
vn -0.3071 -0.9213 -0.2441
vn 0.1811 0.9370 -0.2913
vn 0.2047 0.8189 0.5354
vn 0.4094 -0.9134 0.0157
vn 0.4094 -0.9134 0.0157
vn -0.2362 0.0472 0.9685
vn -0.1417 -0.0866 0.9843
vn -0.1890 -0.2677 0.9449
vn -0.1890 -0.2677 0.9449
vn -0.1102 -0.9921 -0.0630
vn -0.1102 -0.9921 -0.0630
vn -0.1102 -0.9921 -0.0630
vn 0.4252 -0.8583 0.2913
vn -0.1969 0.4646 0.8661
vn -0.1969 0.4646 0.8661
vn 0.2441 -0.9213 0.2913
vn 0.2441 -0.9213 0.2913
vn -0.2520 -0.4331 -0.8661
vn -0.2520 -0.4331 -0.8661
vn -0.2520 -0.4331 -0.8661
vn 0.1732 0.2520 0.9528
vn 0.2913 0.5118 0.8110
vn 0.2913 0.5118 0.8110
vn 0.2913 0.5118 0.8110
vn 0.0157 0.3937 0.9213
vn 0.1102 0.6457 -0.7559
vn -0.0551 0.9528 -0.2992
vn 0.0866 0.9843 -0.1260
vn -0.0394 -0.0866 0.9921
vn 0.1181 -0.2205 0.9685
vn -0.2362 -0.1024 0.9685
vn 0.0000 0.4252 -0.9055
vn -0.3071 -0.2441 0.9213
vn -0.3071 -0.2441 0.9213
vn 0.0157 0.6220 0.7795
vn 0.0157 0.6220 0.7795
vn 0.0157 0.6220 0.7795
vn 0.0157 0.6220 0.7795
vn 0.0157 0.6220 0.7795
vn 0.0157 0.6220 0.7795
vn 0.3622 -0.6693 0.6457
vn 0.3622 -0.6693 0.6457
vn 0.3622 -0.6693 0.6457
vn 0.0472 -0.9055 0.4252
vn 0.0472 -0.9055 0.4252
vn -0.1654 -0.3307 -0.9291
vn -0.0866 -0.1024 -0.9921
vn -0.0630 -0.5512 -0.8346
vn -0.2205 -0.5827 -0.7795
vn -0.0394 0.7638 -0.6457
vn -0.0394 0.7638 -0.6457
vn 0.2283 0.7638 -0.5984
vn 0.2283 0.7638 -0.5984
vn -0.1890 -0.4961 -0.8504
vn -0.1890 -0.4961 -0.8504
vn -0.1102 -0.9843 0.1417
vn 0.0079 -0.7638 0.6457
vn 0.0079 -0.7638 0.6457
vn 0.1339 0.0236 -0.9921
vn 0.0630 -0.4409 0.8976
vn 0.0630 -0.4409 0.8976
vn 0.0630 -0.4409 0.8976
vn 0.0630 -0.4409 0.8976
vn 0.1654 0.1417 -0.9764
vn 0.1654 0.1417 -0.9764
vn 0.1654 0.1417 -0.9764
vn -0.0315 -0.2756 0.9606
vn -0.0315 -0.2756 0.9606
vn -0.0315 -0.2756 0.9606
vn 0.0315 -0.1811 -0.9843
vn 0.3386 -0.5276 -0.7795
vn 0.3386 -0.5276 -0.7795
vn 0.0866 0.0157 -1.0000
vn -0.1969 -0.3937 -0.8976
vn 0.4488 -0.5669 0.6929
vn 0.4409 -0.5906 0.6772
vn 0.4409 -0.5906 0.6772
vn 0.1102 0.1890 -0.9764
vn -0.3780 0.9134 -0.1417
vn 0.2520 -0.9606 -0.0709
vn 0.2520 -0.9606 -0.0709
vn 0.1260 -0.8110 0.5748
vn 0.1260 -0.8110 0.5748
vn 0.0866 -0.0079 -1.0000
vn 0.1732 0.1102 -0.9764
vn 0.0000 0.3071 -0.9528
vn 0.0000 0.3071 -0.9528
vn -0.3937 -0.7953 -0.4646
vn -0.3937 -0.7953 -0.4646
vn 0.3386 -0.2441 -0.9055
vn 0.3386 -0.2441 -0.9055
vn 0.2677 -0.9449 -0.1811
vn 0.2677 -0.9449 -0.1811
vn 0.2677 -0.9449 -0.1811
vn -0.2677 -0.9528 -0.1575
vn -0.2677 -0.9528 -0.1575
vn 0.1181 0.3071 0.9449
vn 0.1181 0.3071 0.9449
vn -0.1969 0.4803 -0.8504
vn -0.1969 0.4803 -0.8504
vn -0.1969 0.4803 -0.8504
vn 0.2598 -0.3858 0.8819
vn 0.2598 -0.3858 0.8819
vn -0.1890 0.4331 0.8819
vn -0.1890 0.4331 0.8819
vn 0.5906 -0.6378 -0.4961
vn 0.5906 -0.6378 -0.4961
vn -0.5118 -0.4646 -0.7244
vn -0.0315 -0.4488 0.8976
vn 0.2520 0.6614 0.7087
vn 0.2520 0.6614 0.7087
vn -0.1102 -0.4409 -0.8898
vn -0.1102 -0.4409 -0.8898
vn -0.1181 -0.2835 -0.9528
vn -0.2283 -0.2520 -0.9370
vn -0.2283 -0.2520 -0.9370
vn -0.2283 -0.2520 -0.9370
vn 0.2520 0.8898 0.3780
vn 0.0866 -0.1496 -0.9843
vn 0.0630 -0.0709 0.9921
vn -0.1890 -0.0709 0.9764
vn 0.1811 0.4252 -0.8819
vn 0.1969 0.1969 0.9606
vn 0.1969 0.1969 0.9606
vn 0.1969 0.1969 0.9606
vn 0.1575 0.3543 -0.9213
vn 0.1654 -0.4094 -0.8976
vn -0.4961 0.8583 -0.1417
vn -0.4252 0.9055 -0.0551
vn 0.3780 -0.5354 0.7559
vn 0.3780 -0.5354 0.7559
vn 0.3780 -0.5354 0.7559
vn -0.0551 0.8661 -0.4961
vn -0.0551 0.8661 -0.4961
vn -0.0551 0.8661 -0.4961
vn 0.0394 -0.3858 -0.9213
vn 0.0157 -0.0787 -1.0000
vn 0.0787 -0.3465 -0.9370
vn 0.0787 -0.3465 -0.9370
vn 0.0630 0.4567 -0.8819
vn 0.0630 0.4567 -0.8819
vn 0.4252 -0.8976 -0.1102
vn 0.4252 -0.8976 -0.1102
vn 0.4016 0.6614 0.6378
vn 0.4016 0.6614 0.6378
vn 0.2520 0.7244 0.6457
vn 0.2520 0.7244 0.6457
vn 0.3228 -0.2677 -0.9055
vn 0.3228 -0.2677 -0.9055
vn 0.3228 -0.2677 -0.9055
vn -0.2283 -0.2047 0.9528
vn -0.2283 -0.2047 0.9528
vn 0.1654 -0.0157 0.9843
vn -0.0787 -0.4488 -0.8898
vn -0.0787 -0.4488 -0.8898
vn -0.0787 -0.4488 -0.8898
vn -0.0787 -0.4488 -0.8898
vn -0.0787 -0.4488 -0.8898
vn 0.0709 0.2677 -0.9606
vn 0.2992 0.1575 0.9449
vn 0.2992 0.1575 0.9449
vn 0.5039 -0.8583 -0.0551
vn 0.5827 -0.7480 0.3071
vn 0.5827 -0.7480 0.3071
vn -0.0709 -0.7008 0.7087
vn -0.0709 -0.7008 0.7087
vn -0.3780 -0.7087 -0.5984
vn -0.3780 -0.7087 -0.5984
vn 0.2441 -0.2677 -0.9291
vn 0.2441 -0.2677 -0.9291
vn 0.2441 -0.2677 -0.9291
vn 0.5276 -0.1890 0.8268
vn 0.5276 -0.1890 0.8268
vn 0.5276 -0.1890 0.8268
vn -0.8346 -0.5512 0.0394
vn -0.8346 -0.5512 0.0394
vn -0.8346 -0.5512 0.0394
vn 0.5748 0.6299 0.5276
vn 0.5748 0.6299 0.5276
vn 0.1496 -0.0709 -0.9843
vn 0.1496 -0.0709 -0.9843
vn -0.7087 -0.6693 -0.2283
vn 0.1260 0.3543 0.9291
vn 0.3701 0.7559 0.5433
vn -0.2835 -0.1024 -0.9528
vn -0.2835 -0.1024 -0.9528
vn -0.2835 -0.1024 -0.9528
vn -0.3937 -0.5906 0.7087
vn -0.3937 -0.5906 0.7087
vn 0.1102 -0.4409 0.8898
vn 0.1102 -0.4409 0.8898
vn 0.0000 -0.4252 0.9055
vn 0.0000 -0.4252 0.9055
vn 0.1024 -0.3780 -0.9213
vn 0.2835 -0.2756 0.9213
vn 0.4882 0.2205 0.8425
vn 0.4882 0.2205 0.8425
vn 0.4882 0.2205 0.8425
vn 0.4882 0.2205 0.8425
vn 0.7008 -0.7008 0.1024
vn 0.7008 -0.7008 0.1024
vn 0.7165 0.3780 0.5827
vn 0.1102 0.0866 0.9921
vn 0.2362 -0.3465 -0.9055
vn 0.2362 -0.3465 -0.9055
vn 0.1102 -0.3543 -0.9291
vn 0.2047 0.5906 -0.7795
vn 0.2047 0.5906 -0.7795
vn 0.4409 0.6378 -0.6378
vn 0.4409 0.6378 -0.6378
vn 0.4409 0.6378 -0.6378
vn 0.2677 0.8898 0.3780
vn 0.1732 -0.2441 -0.9528
vn 0.1181 0.1260 0.9843
vn 0.1181 0.1260 0.9843
vn -0.0394 -0.1024 -0.9921
vn -0.0394 -0.1024 -0.9921
vn 0.0157 -0.6457 -0.7638
vn 0.0157 -0.6457 -0.7638
vn 0.0157 -0.6457 -0.7638
vn -0.0866 -0.9449 0.3071
vn -0.0866 -0.9449 0.3071
vn 0.3701 0.9291 -0.0551
vn -0.0709 0.0787 0.9921
vn 0.3622 0.1732 -0.9134
vn 0.3622 0.1732 -0.9134
vn -0.5433 0.8189 0.1654
vn -0.5433 0.8189 0.1654
vn -0.0551 0.3386 0.9370
vn -0.0551 0.3386 0.9370
vn 0.3150 0.2677 -0.9055
vn 0.4409 -0.2205 0.8740
vn 0.4409 -0.2205 0.8740
vn 0.4409 -0.2205 0.8740
vn -0.3701 -0.4803 -0.7953
vn -0.3701 -0.4803 -0.7953
vn -0.3701 -0.4803 -0.7953
vn 0.7008 0.5591 0.4409
vn 0.7008 0.5591 0.4409
vn 0.2520 -0.1890 -0.9449
vn 0.2520 -0.1890 -0.9449
vn 0.7874 -0.6142 -0.0787
vn 0.7874 -0.6142 -0.0787
vn -0.3858 -0.9213 -0.0472
vn -0.3858 -0.9213 -0.0472
vn -0.2992 -0.8740 -0.3780
vn -0.2992 -0.8740 -0.3780
vn -0.3622 -0.8819 -0.2992
vn -0.3622 -0.8819 -0.2992
vn 0.3701 0.8504 -0.3701
vn 0.3071 -0.2126 0.9291
vn 0.3071 -0.2126 0.9291
vn 0.0709 -0.9291 -0.3622
vn 0.1024 -0.2205 0.9685
vn 0.0630 -0.1969 0.9764
vn 0.0630 -0.1969 0.9764
vn 0.0630 -0.1969 0.9764
vn -0.0709 -0.6378 0.7717
vn -0.0709 -0.6378 0.7717
vn 0.1496 -0.4961 0.8583
vn 0.1496 -0.4961 0.8583
vn -0.0551 -0.2835 -0.9528
vn -0.0551 -0.2835 -0.9528
vn 0.5354 -0.5197 -0.6693
vn 0.4803 -0.5039 0.7165
vn 0.4803 -0.5039 0.7165
vn -0.1024 0.2756 0.9528
vn -0.0079 0.2126 0.9764
vn 0.5827 -0.5197 -0.6299
vn 0.5827 -0.5197 -0.6299
vn 0.5827 -0.5197 -0.6299
vn 0.5276 0.2913 0.7953
vn 0.5276 0.2913 0.7953
vn 0.5276 0.2913 0.7953
vn 0.3780 0.8819 -0.2835
vn 0.5197 0.8268 0.2205
vn 0.5197 0.8268 0.2205
vn -0.0551 -1.0000 0.0472
vn -0.0551 -1.0000 0.0472
vn -0.0551 -1.0000 0.0472
vn -0.0551 -1.0000 0.0472
vn -0.0551 -1.0000 0.0472
vn 0.2677 -0.0079 -0.9606
vn 0.2677 -0.0079 -0.9606
vn 0.2677 -0.0079 -0.9606
vn 0.2677 -0.0079 -0.9606
vn 0.1890 -0.3543 0.9134
vn 0.9055 -0.3780 0.1969
vn 0.9055 -0.3780 0.1969
vn -0.1260 -0.0709 0.9921
vn 0.3780 -0.4252 -0.8189
vn 0.3780 -0.4252 -0.8189
vn -0.0472 -0.9843 -0.1811
vn 0.2520 0.1732 -0.9528
vn -0.1732 -0.7402 -0.6535
vn -0.1732 -0.7402 -0.6535
vn 0.0472 -0.4016 -0.9134
vn 0.6772 -0.5906 0.4409
vn 0.6457 -0.6142 0.4567
vn 0.4488 -0.8189 0.3465
vn 0.3228 -0.3701 -0.8740
vn -0.1496 -0.0472 0.9843
vn 0.3071 0.1339 -0.9449
vn 0.3071 0.1339 -0.9449
vn 0.1969 0.3937 -0.8976
vn 0.9134 -0.2047 -0.3543
vn 0.9134 -0.2047 -0.3543
vn -0.4409 -0.7638 -0.4724
vn -0.4409 -0.7638 -0.4724
vn -0.4409 -0.7638 -0.4724
vn 0.7717 0.2362 -0.5906
vn 0.7717 0.2362 -0.5906
vn 0.7323 0.3858 -0.5669
vn 0.7323 0.3858 -0.5669
vn -0.4331 -0.8976 -0.0315
vn 0.2520 -0.8898 -0.3858
vn 0.4409 -0.2677 0.8583
vn 0.4409 -0.2677 0.8583
vn 0.2441 0.0315 0.9685
vn 0.2441 0.0315 0.9685
vn 0.2913 -0.2756 0.9213
vn 0.2913 -0.2756 0.9213
vn 0.2913 -0.2756 0.9213
vn 0.2913 -0.2756 0.9213
vn 0.2913 -0.2756 0.9213
vn 0.4331 -0.2756 0.8583
vn 0.5039 -0.0945 0.8583
vn 0.4882 0.4016 -0.7795
vn 0.4882 0.4016 -0.7795
vn -0.6772 0.7323 0.0157
vn 0.4803 -0.8583 -0.1575
vn 0.7323 -0.4882 0.4724
vn 0.7323 -0.4882 0.4724
vn 0.9134 0.0945 0.4016
vn 0.9134 0.0945 0.4016
vn 0.3622 -0.3386 -0.8661
vn 0.4409 0.8425 -0.3071
vn 0.2283 0.0787 -0.9685
vn 0.2913 -0.0945 0.9528
vn 0.2913 -0.0945 0.9528
vn 0.0157 -0.8661 -0.4961
vn -0.6457 -0.2913 0.7087
vn -0.6457 -0.2913 0.7087
vn 0.4567 -0.2441 -0.8583
vn 0.4567 -0.2441 -0.8583
vn 0.6142 -0.6299 -0.4803
vn 0.5354 0.1417 -0.8346
vn 0.5354 0.1417 -0.8346
vn 0.3622 -0.6063 0.7087
vn 0.3622 -0.6063 0.7087
vn 0.2598 0.2126 0.9449
vn -0.4803 -0.8740 -0.0866
vn -0.4803 -0.8740 -0.0866
vn -0.1732 -0.0630 0.9843
vn -0.1732 -0.0630 0.9843
vn -0.1732 -0.0630 0.9843
vn 0.6378 -0.4724 -0.6142
vn 0.6378 -0.4724 -0.6142
vn 0.6378 -0.4724 -0.6142
vn 0.6378 -0.4724 -0.6142
vn 0.1260 -0.0315 -0.9921
vn 0.1260 -0.0315 -0.9921
vn 0.1260 -0.0315 -0.9921
vn 0.4882 -0.8504 0.1890
vn 0.5591 -0.4331 0.7087
vn 0.5591 -0.4331 0.7087
vn 0.5591 -0.4331 0.7087
vn 0.4016 -0.0630 0.9134
vn 0.4016 -0.0630 0.9134
vn -0.5984 0.6929 0.4016
vn -0.5984 0.6929 0.4016
vn 0.5748 0.0472 -0.8189
vn 0.6142 0.0866 -0.7795
vn 0.6142 0.0866 -0.7795
vn 0.7244 0.6457 0.2598
vn 0.3543 -0.1102 -0.9291
vn 0.4173 0.6378 0.6457
vn 0.4173 0.6378 0.6457
vn 0.4173 0.6378 0.6457
vn 0.7717 0.4094 -0.4803
vn 0.7717 0.4094 -0.4803
vn 0.3228 0.6693 0.6693
vn 0.3228 0.6693 0.6693
vn 0.2520 0.7323 0.6378
vn 0.2520 0.7323 0.6378
vn 0.0000 0.0000 0.0000
vn 0.0000 0.0000 0.0000
vn 0.8268 -0.5512 -0.0551
vn 0.8268 -0.5512 -0.0551
vn -0.6535 -0.6299 0.4173
vn -0.6535 -0.6299 0.4173
vn -0.0472 -0.9921 -0.1181
vn -0.0472 -0.9921 -0.1181
vn 0.2205 -0.7638 0.5984
vn 0.2205 -0.7638 0.5984
vn -0.6299 0.7717 0.0079
vn 0.4094 -0.9134 0.0079
vn 0.4094 -0.9134 0.0079
vn 0.4094 -0.9134 0.0079
vn 0.4094 0.0000 -0.9134
vn 0.4173 0.2126 -0.8819
vn 0.5906 -0.4961 -0.6378
vn 0.5906 -0.4961 -0.6378
vn 0.6063 -0.1260 0.7874
vn 0.6063 -0.1260 0.7874
vn 0.6063 -0.1260 0.7874
vn 0.3465 -0.9291 0.1102
vn 0.6614 -0.4567 0.5984
vn 0.6614 -0.4567 0.5984
vn 0.6535 -0.2677 -0.7087
vn 0.6535 -0.2677 -0.7087
vn 0.2283 0.4646 0.8583
vn 0.9055 -0.2205 -0.3622
vn 0.9055 -0.2205 -0.3622
vn 0.0551 0.1811 0.9843
vn 0.0551 0.1811 0.9843
vn 0.0551 0.1811 0.9843
vn 0.0551 0.1811 0.9843
vn 0.2913 0.7638 0.5748
vn -0.4016 -0.8661 -0.3071
vn 0.4016 -0.2756 0.8740
vn 0.4016 -0.2756 0.8740
vn 0.4016 -0.2756 0.8740
vn 0.3228 0.0157 -0.9449
vn 0.2126 -0.2362 0.9449
vn 0.2126 -0.2362 0.9449
vn 0.1102 -0.0394 -0.9921
vn 0.0709 -0.5591 -0.8268
vn -0.0787 -0.6850 0.7244
vn -0.0787 -0.6850 0.7244
vn 0.4724 -0.8346 0.2992
vn 0.4724 -0.8346 0.2992
vn 0.5512 -0.2283 0.8031
vn 0.5827 -0.6142 0.5276
vn 0.5827 -0.6142 0.5276
vn 0.5512 -0.7953 -0.2362
vn 0.5512 -0.7953 -0.2362
vn 0.2520 0.3150 0.9134
vn 0.1102 0.3622 0.9213
vn 0.4409 0.3071 0.8425
vn 0.4409 0.3071 0.8425
vn 0.4409 0.3071 0.8425
vn 0.4409 0.3071 0.8425
vn -0.0630 1.0000 0.0394
vn -0.0630 1.0000 0.0394
vn 0.1575 -0.2913 0.9449
vn 0.1575 -0.2913 0.9449
vn 0.5118 0.0866 0.8583
vn 0.5118 0.0866 0.8583
vn 0.5118 0.0866 0.8583
vn -0.5748 0.6378 0.5118
vn -0.5748 0.6378 0.5118
vn 0.4488 0.3228 -0.8346
vn 0.4488 0.3228 -0.8346
vn 0.7087 -0.6299 0.3228
vn 0.7087 -0.6299 0.3228
vn 0.7087 -0.6299 0.3228
vn 0.7087 -0.6299 0.3228
vn 0.5433 -0.5118 0.6614
vn 0.5433 -0.5118 0.6614
vn 0.0394 -0.0551 -1.0000
vn 0.8425 -0.0945 -0.5276
vn 0.8425 -0.0945 -0.5276
vn 0.3228 0.6299 0.7087
vn 0.3228 0.6299 0.7087
vn 0.7953 0.3386 -0.5039
vn 0.2913 -0.1575 -0.9449
vn 0.2913 -0.1575 -0.9449
vn 0.2913 -0.1575 -0.9449
vn -0.2598 -0.1496 0.9528
vn -0.2598 -0.1496 0.9528
vn -0.0945 -0.7559 0.6535
vn -0.0945 -0.7559 0.6535
vn -0.6378 -0.7638 -0.0787
vn 0.4488 -0.0315 -0.8898
vn 0.4488 -0.0315 -0.8898
vn 0.4488 -0.0315 -0.8898
vn 0.3465 0.1181 -0.9291
vn 0.2205 0.2205 0.9528
vn 0.2205 0.2205 0.9528
vn 0.0945 -0.5669 0.8189
vn 0.0945 -0.5669 0.8189
vn 0.6142 0.1339 -0.7795
vn 0.6142 0.1339 -0.7795
vn 0.3307 0.0394 -0.9449
vn 0.0709 -0.2205 -0.9764
vn -0.7087 0.7008 -0.0709
vn 0.5906 -0.3543 -0.7244
vn 0.5906 -0.3543 -0.7244
vn 0.5197 0.0866 0.8504
vn 0.5197 0.0866 0.8504
vn 0.5039 -0.8583 -0.0551
vn 0.5039 -0.8583 -0.0551
vn 0.5039 -0.8583 -0.0551
vn 0.5039 -0.8583 -0.0551
vn 0.5039 -0.8583 -0.0551
vn 0.2441 -0.2441 0.9370
vn 0.5669 -0.8189 -0.0945
vn 0.5669 -0.8189 -0.0945
vn 0.4016 -0.3307 0.8504
vn 0.4016 -0.3307 0.8504
vn -0.6299 -0.6850 0.3780
vn -0.6299 -0.6850 0.3780
vn -0.6299 -0.6850 0.3780
vn 0.5748 0.5197 0.6299
vn 0.5748 0.5197 0.6299
vn -0.5827 -0.2047 0.7874
vn -0.5827 -0.2047 0.7874
vn -0.5827 -0.2047 0.7874
vn -0.5827 -0.2047 0.7874
vn -0.5827 -0.2047 0.7874
vn -0.5827 -0.2047 0.7874
vn 0.0000 0.0000 0.0000
vn 0.0000 0.0000 0.0000
vn 0.5118 0.2283 -0.8268
vn 0.3780 -0.1024 0.9213
vn 0.3780 -0.1024 0.9213
vn 0.6220 -0.1969 0.7559
vn 0.2677 0.5118 -0.8189
vn 0.7717 -0.5669 0.2756
vn 0.7717 -0.5669 0.2756
vn 0.7717 -0.5669 0.2756
vn 0.4882 0.1181 -0.8661
vn 0.3228 -0.5276 0.7874
vn 0.3228 -0.5276 0.7874
vn 0.3228 -0.5276 0.7874
vn -0.1417 0.6693 0.7323
vn 0.1102 0.4803 -0.8661
vn 0.2598 -0.1496 0.9528
vn 0.2598 -0.1496 0.9528
vn 0.6457 -0.7008 0.3071
vn 0.6457 -0.7008 0.3071
vn 0.7717 -0.6378 -0.0866
vn 0.7717 -0.6378 -0.0866
vn 0.1575 -0.1102 -0.9843
vn 0.2126 0.0236 -0.9764
vn 0.5591 -0.4016 0.7244
vn 0.5984 -0.4331 0.6772
vn 0.5984 -0.4331 0.6772
vn 0.5984 -0.4331 0.6772
vn 0.4567 -0.1339 0.8819
vn 0.7559 -0.6535 -0.0236
vn 0.4331 -0.0866 0.8976
vn 0.4331 -0.0866 0.8976
vn 0.6614 0.5669 -0.4882
vn 0.6614 0.5669 -0.4882
vn 0.6614 0.5669 -0.4882
vn -0.1811 -0.8346 -0.5197
vn -0.1811 -0.8346 -0.5197
vn -0.2520 0.2047 0.9449
vn -0.2520 0.2047 0.9449
vn -0.2520 0.2047 0.9449
vn 0.0000 0.0000 0.0000
vn 0.0000 0.0000 0.0000
vn 0.4882 -0.2677 0.8268
vn 0.3465 -0.1732 0.9213
vn 0.1890 -0.2992 0.9370
vn 0.1890 -0.2992 0.9370
vn 0.7008 -0.3228 0.6378
vn 0.7008 -0.3228 0.6378
vn 0.3622 -0.3307 0.8740
vn 0.3622 -0.5748 -0.7323
vn 0.3622 -0.5748 -0.7323
vn 0.2835 0.3622 0.8898
vn 0.7874 -0.0157 -0.6142
vn 0.7874 -0.0157 -0.6142
vn 0.5354 0.1732 -0.8268
vn 0.5354 0.1732 -0.8268
vn 0.2441 0.6693 0.7087
vn 0.3543 0.8583 0.3622
vn 0.3543 0.8583 0.3622
vn 0.0000 0.0000 0.0000
vn 0.0000 0.0000 0.0000
vn -0.7165 -0.0551 0.7008
vn -0.6220 0.0945 0.7795
vn -0.1732 -0.0945 0.9843
vn 0.2283 -0.1260 0.9685
vn 0.2283 -0.1260 0.9685
vn -0.4646 0.2520 0.8504
vn -0.4646 0.2520 0.8504
vn -0.4646 0.2520 0.8504
vn -0.4646 0.2520 0.8504
vn 0.3307 -0.3386 0.8819
vn 0.3858 -0.2126 0.8976
vn 0.3858 -0.2126 0.8976
vn -0.5197 0.8346 0.1811
vn -0.5197 0.8346 0.1811
vn -0.5197 0.8346 0.1811
vn 0.5984 -0.7480 -0.2835
vn 0.5118 0.7717 -0.3780
vn -0.6614 -0.5906 0.4646
vn -0.6614 -0.5906 0.4646
vn -0.6220 -0.7480 0.2362
vn -0.2992 -0.0315 0.9528
vn 0.4016 -0.4961 -0.7717
vn 0.4016 -0.4961 -0.7717
vn 0.4961 0.0079 -0.8661
vn 0.2205 -0.1969 -0.9528
vn 0.5433 -0.1654 0.8268
vn 0.0787 -0.0315 -0.9921
vn 0.0787 -0.0315 -0.9921
vn -0.5984 0.7874 0.1654
vn -0.5984 0.7874 0.1654
vn 0.4488 0.1260 0.8819
vn 0.4488 0.1260 0.8819
vn -0.6220 -0.5984 -0.5039
vn -0.6220 -0.5984 -0.5039
vn 0.5748 0.4173 0.7008
vn 0.5748 0.4173 0.7008
vn 0.5748 0.4173 0.7008
vn 0.5748 0.4173 0.7008
vn 0.6929 0.7008 -0.1496
vn 0.6929 0.7008 -0.1496
vn -0.6378 -0.3622 0.6772
vn -0.6378 -0.3622 0.6772
vn -0.0079 -0.9370 0.3543
vn -0.0079 -0.9370 0.3543
vn 0.7874 0.0630 0.6142
vn 0.7874 0.0630 0.6142
vn 0.7874 0.0630 0.6142
vn 0.7874 0.0630 0.6142
vn 0.6850 -0.1890 0.7008
vn 0.6850 -0.1890 0.7008
vn 0.5512 -0.1811 -0.8110
vn 0.5512 -0.1811 -0.8110
vn 0.3386 0.0315 -0.9449
vn 0.7480 -0.4646 0.4724
vn -0.2126 0.8504 0.4882
vn -0.2126 0.8504 0.4882
vn -0.2126 0.8504 0.4882
vn -0.2126 0.8504 0.4882
vn 0.5354 -0.1339 0.8346
vn 0.5354 -0.1339 0.8346
vn -0.0157 -0.9449 0.3307
vn 0.5748 -0.5984 -0.5591
vn 0.5591 -0.2756 -0.7795
vn 0.7244 -0.6457 0.2362
vn 0.7638 -0.5118 0.3937
vn 0.4567 -0.0630 -0.8898
vn 0.7087 -0.0472 0.7087
vn 0.7087 -0.0472 0.7087
vn 0.5039 0.6142 0.6142
vn 0.5039 0.6142 0.6142
vn 0.5039 0.6142 0.6142
vn 0.3622 -0.0079 -0.9291
vn 0.3622 -0.0079 -0.9291
vn -0.2992 -0.8661 -0.3937
vn -0.2992 -0.8661 -0.3937
vn -0.5197 -0.8268 0.2205
vn -0.5197 -0.8268 0.2205
vn -0.6299 -0.6772 0.3780
vn -0.3071 0.3543 0.8819
vn 0.4882 0.1575 -0.8583
vn 0.4882 0.1575 -0.8583
vn 0.5276 -0.3465 0.7795
vn 0.5276 -0.3465 0.7795
vn 0.5276 -0.3465 0.7795
vn 0.0000 0.0000 0.0000
vn 0.0000 0.0000 0.0000
vn 0.0709 0.0551 -1.0000
vn 0.0709 0.0551 -1.0000
vn 0.5906 -0.3701 0.7165
vn 0.5039 0.6457 -0.5748
vn 0.5039 0.6457 -0.5748
vn 0.6614 0.0787 -0.7402
vn 0.6614 0.0787 -0.7402
vn 0.6614 0.0787 -0.7402
vn 0.4961 -0.1890 -0.8504
vn 0.2992 0.3465 -0.8898
vn 0.3386 0.4803 0.8110
vn 0.3386 0.4803 0.8110
vn -0.1417 -0.3307 0.9291
vn -0.2913 -0.8898 -0.3465
vn -0.1732 0.3150 0.9370
vn -0.4094 -0.0551 0.9134
vn 0.5039 -0.4567 -0.7323
vn 0.2205 -0.5276 0.8189
vn 0.2205 -0.5276 0.8189
vn 0.7953 -0.2677 0.5433
vn 0.7795 -0.6220 -0.0630
vn 0.7795 -0.6220 -0.0630
vn 0.6693 0.0787 0.7402
vn 0.6693 0.0787 0.7402
vn 0.5354 0.0866 -0.8425
vn -0.6457 -0.6693 -0.3622
vn -0.6457 -0.6693 -0.3622
vn 0.5827 0.5354 0.6142
vn 0.4961 0.6378 0.5906
vn 0.4961 0.6378 0.5906
vn 0.4961 0.6378 0.5906
vn 0.9449 0.1181 0.3150
vn -0.3071 -0.0945 0.9449
vn 0.3701 0.0630 -0.9291
vn -0.4567 -0.0157 0.8898
vn -0.6535 -0.1417 0.7480
vn -0.6535 -0.1417 0.7480
vn -0.6535 -0.1417 0.7480
vn 0.3386 0.2677 0.9055
vn 0.3386 0.2677 0.9055
vn 0.5906 -0.4173 0.6929
vn 0.6378 0.1811 -0.7480
vn 0.7402 0.2047 0.6457
vn 0.7402 0.2047 0.6457
vn 0.5906 -0.2047 -0.7874
vn 0.5906 -0.2047 -0.7874
vn 0.6850 0.1102 -0.7165
vn 0.6850 0.1102 -0.7165
vn 0.6850 0.1102 -0.7165
vn 0.2283 -0.1181 0.9685
vn -0.2441 0.8661 0.4409
vn -0.6850 0.7087 0.1732
vn 0.1181 0.5512 0.8268
vn 0.1181 0.5512 0.8268
vn 0.6142 0.6142 -0.4961
vn 0.6142 0.6142 -0.4961
vn 0.5433 -0.2835 -0.7874
vn 0.3228 0.3307 0.8898
vn 0.5354 0.4016 0.7402
vn 0.5354 0.4016 0.7402
vn 0.8110 0.2992 0.4961
vn 0.8110 0.2992 0.4961
vn 0.5669 -0.0157 -0.8268
vn -0.3937 0.4252 0.8189
vn -0.3937 0.4252 0.8189
vn 0.7638 0.3228 0.5512
vn 0.7638 0.3228 0.5512
vn 0.7638 0.3228 0.5512
vn 0.7638 0.3228 0.5512
vn 0.7638 0.3228 0.5512
vn 0.7638 0.3228 0.5512
vn 0.2441 0.0236 -0.9685
vn 0.3150 0.1417 -0.9370
vn 0.6614 -0.3228 0.6772
vn 0.7874 -0.6142 -0.0709
vn 0.7874 -0.6142 -0.0709
vn 0.5512 0.5433 -0.6378
vn 0.5512 0.5433 -0.6378
vn 0.0945 -0.9921 0.1024
vn 0.0945 -0.9921 0.1024
vn 0.0945 -0.9921 0.1024
vn 0.5591 -0.0472 -0.8268
vn 0.5591 -0.0472 -0.8268
vn 0.5591 -0.0472 -0.8268
vn 0.5906 0.1890 0.7874
vn 0.6693 0.4409 0.5984
vn 0.2677 0.6063 0.7480
vn 0.2677 0.6063 0.7480
vn 0.3465 0.6378 0.6850
vn 0.4173 0.6614 0.6299
vn 0.4173 0.6614 0.6299
vn 0.5197 0.6693 0.5354
vn 0.5197 0.6693 0.5354
vn 0.6929 0.7087 0.1260
vn 0.6929 0.7087 0.1260
vn 0.6063 0.7953 -0.0472
vn 0.6063 0.7953 -0.0472
vn -0.1102 -0.9449 -0.3150
vn -0.1102 -0.9449 -0.3150
vn -0.1102 -0.9449 -0.3150
vn -0.3071 -0.8189 -0.4803
vn 0.5354 0.2677 -0.7953
vn -0.1732 0.4803 0.8583
vn 0.8583 0.0236 0.5039
vn 0.8583 0.0236 0.5039
vn 0.7087 0.1890 -0.6772
vn 0.7087 0.1890 -0.6772
vn 0.6378 -0.4173 0.6535
vn 0.4567 -0.2677 0.8504
vn 0.4567 -0.2677 0.8504
vn 0.3465 -0.2520 -0.9055
vn 0.3465 -0.2520 -0.9055
vn 0.3622 -0.0472 -0.9291
vn 0.3622 -0.0472 -0.9291
vn 0.7244 -0.6850 -0.0945
vn 0.7244 -0.6850 -0.0945
vn 0.6614 -0.6614 0.3465
vn 0.6614 -0.6614 0.3465
vn 0.6614 -0.6614 0.3465
vn 0.5512 -0.5118 0.6614
vn 0.5827 -0.0945 -0.8031
vn 0.5827 -0.0945 -0.8031
vn 0.6220 -0.1417 0.7717
vn 0.6220 -0.1417 0.7717
vn 0.7008 0.6535 -0.2756
vn 0.8031 -0.2520 -0.5354
vn 0.8031 -0.2520 -0.5354
vn -0.4882 -0.8268 -0.2756
vn 0.8425 -0.4016 0.3622
vn 0.6299 -0.1417 -0.7638
vn 0.6299 -0.1417 -0.7638
vn 0.9685 -0.2205 -0.0866
vn 0.9685 -0.2205 -0.0866
vn 0.0787 -0.3858 0.9213
vn 0.0787 -0.3858 0.9213
vn 0.0787 -0.3858 0.9213
vn -0.1654 -0.9685 0.1890
vn -0.1654 -0.9685 0.1890
vn -0.1654 -0.9685 0.1890
vn 0.7638 -0.0315 0.6457
vn 0.7638 -0.0315 0.6457
vn 0.6693 -0.2756 -0.6929
vn 0.6693 -0.2756 -0.6929
vn 0.7323 -0.3543 0.5827
vn 0.7323 -0.3543 0.5827
vn 0.7323 -0.3543 0.5827
vn 0.7323 -0.3543 0.5827
vn 0.7323 -0.3543 0.5827
vn -0.4094 0.8504 0.3307
vn -0.4094 0.8504 0.3307
vn 0.2283 0.6772 0.7008
vn 0.2283 0.6772 0.7008
vn 0.3307 -0.5512 0.7638
vn 0.5039 -0.2283 -0.8346
vn 0.5039 -0.2283 -0.8346
vn 0.7874 -0.6142 0.0394
vn 0.8504 -0.5197 -0.0866
vn 0.8504 -0.5197 -0.0866
vn 0.5276 0.1024 -0.8425
vn 0.5276 0.1024 -0.8425
vn 0.5433 0.0315 -0.8346
vn 0.5433 0.0315 -0.8346
vn 0.7953 -0.0157 0.6063
vn 0.7874 -0.0157 0.6220
vn 0.8661 0.0394 0.5039
vn 0.1811 0.4331 -0.8819
vn 0.1811 0.4331 -0.8819
vn 0.1811 0.4331 -0.8819
vn 0.5906 -0.4724 -0.6535
vn 0.5906 0.2520 0.7717
vn 0.5906 0.2520 0.7717
vn 0.4252 0.3780 -0.8189
vn 0.4252 0.3780 -0.8189
vn 0.4094 0.4646 -0.7874
vn 0.4094 0.4646 -0.7874
vn -0.6220 -0.7874 -0.0157
vn -0.6220 -0.7874 -0.0157
vn -0.8740 -0.3701 -0.3228
vn -0.8740 -0.3701 -0.3228
vn 0.4331 0.3543 0.8268
vn 0.4331 0.3543 0.8268
vn 0.7087 0.6063 0.3543
vn 0.7087 0.6063 0.3543
vn 0.7087 0.6063 0.3543
vn -0.4488 -0.5827 0.6772
vn -0.4488 -0.5827 0.6772
vn -0.4567 -0.0630 0.8819
vn -0.4567 -0.0630 0.8819
vn -0.4567 -0.0630 0.8819
vn -0.2520 -0.3937 0.8819
vn -0.2047 -0.2441 0.9528
vn -0.2047 -0.2441 0.9528
vn -0.2047 -0.2441 0.9528
vn -0.6457 -0.7087 0.2835
vn -0.6457 -0.7087 0.2835
vn 0.2126 0.6299 0.7402
vn 0.2126 0.6299 0.7402
vn 0.6850 0.5748 0.4488
vn 0.6850 0.5748 0.4488
vn 0.5748 0.3071 -0.7559
vn 0.5748 0.3071 -0.7559
vn 0.8740 -0.0630 0.4803
vn 0.8110 -0.0236 0.5827
vn 0.1496 0.1732 -0.9764
vn 0.1496 0.1732 -0.9764
vn 0.8425 -0.3307 0.4252
vn 0.8425 -0.3307 0.4252
vn 0.6457 -0.4252 -0.6299
vn 0.6457 -0.4252 -0.6299
vn 0.5984 -0.4961 -0.6299
vn 0.5984 -0.4961 -0.6299
vn 0.3858 -0.1575 -0.9055
vn 0.3858 -0.1575 -0.9055
vn 0.6457 0.2441 0.7244
vn 0.6457 0.2441 0.7244
vn 0.6457 0.2441 0.7244
vn 0.2126 0.9685 0.1102
vn 0.2126 0.9685 0.1102
vn 0.8346 -0.4331 -0.3386
vn 0.3701 -0.8976 0.2520
vn 0.3701 -0.8976 0.2520
vn 0.3701 -0.8976 0.2520
vn 0.6929 -0.1417 0.7008
vn 0.6929 -0.1417 0.7008
vn 0.4331 -0.4961 0.7559
vn 0.4331 -0.4961 0.7559
vn 0.5748 0.0630 0.8189
vn 0.5669 0.3622 -0.7402
vn 0.6693 0.7402 -0.0079
vn 0.6693 0.7402 -0.0079
vn -0.7559 -0.5039 0.4173
vn -0.7559 -0.5039 0.4173
vn -0.7559 -0.5039 0.4173
vn 0.4488 -0.7008 0.5512
vn 0.4488 -0.7008 0.5512
vn 0.4803 0.2677 -0.8346
vn 0.8110 -0.0630 0.5827
vn 0.7638 -0.3071 -0.5748
vn 0.7638 -0.3071 -0.5748
vn 0.3858 -0.1260 -0.9134
vn 0.3858 -0.1260 -0.9134
vn 0.9528 0.1181 0.2677
vn 0.5354 -0.6457 0.5433
vn 0.5354 -0.6457 0.5433
vn -0.2756 -0.8504 0.4567
vn -0.2756 -0.8504 0.4567
vn 0.8110 -0.5827 0.0079
vn 0.2913 0.0472 0.9528
vn 0.2913 0.0472 0.9528
vn -0.0866 0.8504 0.5197
vn -0.0866 0.8504 0.5197
vn 0.6142 0.5906 -0.5276
vn 0.6142 0.5906 -0.5276
vn 0.6299 -0.6535 -0.4173
vn 0.6299 -0.6535 -0.4173
vn 0.7717 -0.2205 0.5906
vn 0.7717 -0.2205 0.5906
vn 0.7087 0.3622 0.6063
vn 0.7087 0.3622 0.6063
vn 0.5669 0.2677 0.7795
vn 0.5669 0.2677 0.7795
vn 0.7953 0.1890 0.5748
vn 0.7953 0.1890 0.5748
vn -0.8504 0.1496 0.5039
vn -0.8504 0.1496 0.5039
vn -0.9213 -0.1890 -0.3307
vn -0.9213 -0.1890 -0.3307
vn -0.9213 -0.1890 -0.3307
vn -0.9291 -0.3622 0.1102
vn -0.8819 -0.4488 0.1496
vn -0.8819 -0.4488 0.1496
vn -0.9764 0.2283 -0.0315
vn -0.5748 -0.2126 0.7953
vn -0.5748 -0.2126 0.7953
vn -0.5748 -0.2126 0.7953
vn -0.5748 -0.2126 0.7953
vn -0.8268 0.3937 -0.3937
vn -0.8268 0.3937 -0.3937
vn -0.8268 0.3937 -0.3937
vn 0.8740 -0.2441 -0.4252
vn 0.8740 -0.2441 -0.4252
vn -0.0079 -0.4882 -0.8740
vn -0.0079 -0.4882 -0.8740
vn -0.0079 -0.4882 -0.8740
vn -0.0079 -0.4882 -0.8740
vn 0.4409 -0.5354 0.7165
vn 0.4409 -0.5354 0.7165
vn 0.9685 0.2520 0.0236
vn 0.9685 0.2520 0.0236
vn 0.9449 0.2520 0.1890
vn 0.6535 -0.1732 0.7323
vn 0.6535 -0.1732 0.7323
vn 0.5512 -0.4567 0.6929
vn 0.5512 -0.4567 0.6929
vn 0.3386 0.0866 -0.9370
vn 0.3386 0.0866 -0.9370
vn 0.4567 0.0157 -0.8898
vn 0.4567 0.0157 -0.8898
vn 0.6614 -0.2835 0.6929
vn 0.7165 0.1339 0.6850
vn 0.7165 0.1339 0.6850
vn 0.7165 0.1339 0.6850
vn 0.6378 -0.6614 -0.3858
vn 0.9685 0.2441 0.0945
vn 0.9685 0.2441 0.0945
vn 0.1969 0.9764 0.0787
vn 0.7717 -0.6299 -0.0945
vn 0.7717 -0.6299 -0.0945
vn 0.4252 0.2283 0.8740
vn 0.4252 0.2283 0.8740
vn 0.7638 0.0472 0.6457
vn -0.5906 -0.6142 0.5197
vn -0.5906 -0.6142 0.5197
vn 0.7402 -0.0787 0.6614
vn 0.6929 -0.1102 -0.7087
vn 0.6929 -0.1102 -0.7087
vn 0.6929 -0.1102 -0.7087
vn 0.6929 -0.1102 -0.7087
vn 0.6929 -0.1102 -0.7087
vn 0.7559 0.3780 0.5354
vn 0.7559 0.3780 0.5354
vn 0.7559 0.3780 0.5354
vn 0.4961 0.2520 0.8346
vn 0.4961 0.2520 0.8346
vn 0.4961 0.2520 0.8346
vn 0.4961 0.2520 0.8346
vn 0.6772 0.4803 -0.5591
vn 0.6772 0.4803 -0.5591
vn -0.5276 -0.4173 -0.7480
vn -0.9213 0.0236 -0.3937
vn -0.9213 0.0236 -0.3937
vn -0.9055 0.3071 0.3071
vn -0.5906 -0.3228 0.7402
vn -0.5906 -0.3228 0.7402
vn 0.0000 0.0000 0.0000
vn 0.0000 0.0000 0.0000
vn -0.8189 0.4961 -0.2913
vn -0.8189 0.4961 -0.2913
vn -0.5748 -0.7795 -0.2598
vn -0.5748 -0.7795 -0.2598
vn 0.5276 -0.1024 -0.8425
vn 0.5276 -0.1024 -0.8425
vn 0.8031 0.2283 -0.5591
vn 0.8031 0.2283 -0.5591
vn 0.0000 0.0000 0.0000
vn 0.0000 0.0000 0.0000
vn 0.0000 0.0000 0.0000
vn 0.0000 0.0000 0.0000
vn 0.0000 0.0000 0.0000
vn 0.7874 0.5039 0.3465
vn 0.7874 0.5039 0.3465
vn 0.7874 0.5039 0.3465
vn 0.7874 0.5039 0.3465
vn 0.1024 -0.1811 -0.9764
vn 0.1024 -0.1811 -0.9764
vn 0.7559 -0.4016 -0.5118
vn 0.5669 -0.3858 -0.7323
vn 0.5669 -0.3858 -0.7323
vn -0.4016 -0.9134 0.0394
vn 0.3858 0.3780 -0.8425
vn 0.3858 0.3780 -0.8425
vn 0.3858 0.3780 -0.8425
vn 0.4173 0.6693 0.6142
vn 0.4173 0.6693 0.6142
vn 0.6063 0.7717 -0.1732
vn 0.5276 -0.7323 -0.4252
vn 0.5276 -0.7323 -0.4252
vn 0.7402 -0.0079 -0.6693
vn 0.7402 -0.0079 -0.6693
vn 0.7402 -0.0079 -0.6693
vn 0.7402 -0.0079 -0.6693
vn 0.7402 -0.0079 -0.6693
vn 0.8740 0.1969 0.4409
vn 0.8740 0.1969 0.4409
vn 0.6378 0.5197 -0.5748
vn 0.6378 0.5197 -0.5748
vn -0.2126 -0.3071 0.9291
vn -0.2598 -0.0630 0.9606
vn -0.0394 -0.0551 1.0000
vn -0.0394 -0.0551 1.0000
vn 0.0472 0.2047 0.9764
vn 0.0472 0.2047 0.9764
vn 0.0236 -0.6457 0.7638
vn 0.0236 -0.6457 0.7638
vn -0.5591 -0.4331 0.7087
vn 0.1654 0.4252 0.8898
vn 0.1654 0.4252 0.8898
vn 0.6457 -0.2047 -0.7402
vn 0.6457 -0.2047 -0.7402
vn 0.9134 -0.1260 0.3937
vn 0.9134 -0.3701 -0.1890
vn 0.5512 -0.4252 0.7165
vn 0.5512 -0.4252 0.7165
vn 0.9528 0.0394 0.3071
vn 0.9685 -0.2126 0.1102
vn 0.7244 -0.6772 0.1575
vn 0.7244 -0.6772 0.1575
vn 0.1811 -0.0787 -0.9764
vn 0.7638 -0.5433 -0.3622
vn -0.0630 -0.9685 -0.2520
vn -0.0630 -0.9685 -0.2520
vn 0.2441 -0.1417 -0.9606
vn 0.2441 -0.1417 -0.9606
vn 0.7717 -0.0551 -0.6378
vn 0.4567 0.1181 -0.8819
vn -0.2362 -0.9291 -0.2756
vn -0.2362 -0.9291 -0.2756
vn 0.7638 0.0236 -0.6457
vn 0.7638 0.0236 -0.6457
vn 0.8268 -0.2126 -0.5276
vn 0.8268 -0.2126 -0.5276
vn 0.5512 0.2756 -0.7874
vn 0.5512 0.2756 -0.7874
vn 0.5748 0.4094 -0.7087
vn 0.5748 0.4094 -0.7087
vn 0.5748 0.4094 -0.7087
vn 0.8268 0.5669 0.0394
vn -0.7559 -0.5591 -0.3465
vn -0.7559 -0.5591 -0.3465
vn -0.9213 -0.2362 0.3150
vn -0.9213 -0.2362 0.3150
vn -0.8740 0.4016 -0.2677
vn -0.8740 0.4016 -0.2677
vn -1.0000 -0.0630 0.0157
vn -0.9921 -0.0866 -0.0551
vn -0.9921 -0.0866 -0.0551
vn -0.8189 -0.5039 0.2913
vn -0.8189 -0.5039 0.2913
vn -0.8346 0.2283 0.5039
vn -0.8346 0.2283 0.5039
vn -0.7795 0.2205 -0.5906
vn -0.7795 0.2205 -0.5906
vn -0.7795 0.2205 -0.5906
vn -0.9843 -0.0236 -0.1811
vn -0.9843 -0.0236 -0.1811
vn -0.4882 -0.8425 0.2283
vn -0.4882 -0.8425 0.2283
vn -0.4882 -0.8425 0.2283
vn -0.8504 0.1102 -0.5118
vn -0.8504 0.1102 -0.5118
vn -0.3780 0.4409 -0.8110
vn -0.3780 0.4409 -0.8110
vn -0.3780 0.4409 -0.8110
vn -0.5197 0.3386 -0.7874
vn -0.5197 0.3386 -0.7874
vn -0.9370 0.3071 0.1811
vn -0.9370 0.3071 0.1811
vn 0.5039 -0.3071 -0.8110
vn 0.5039 -0.3071 -0.8110
vn 0.6142 0.7244 0.3150
vn 0.6142 0.7244 0.3150
vn 0.4173 -0.2677 0.8661
vn 0.4173 -0.2677 0.8661
vn 0.4173 -0.2677 0.8661
vn -0.5354 0.0394 -0.8425
vn -0.2992 0.8661 -0.4016
vn -0.2992 0.8661 -0.4016
vn 0.8661 0.2520 0.4331
vn 0.8661 0.2520 0.4331
vn 0.5039 0.4567 0.7402
vn 0.5039 0.4567 0.7402
vn 0.5039 0.4567 0.7402
vn 0.9370 -0.0236 0.3465
vn 0.1969 -0.9213 0.3386
vn 0.1969 -0.9213 0.3386
vn 0.1969 -0.9213 0.3386
vn 0.1969 -0.9213 0.3386
vn 0.3780 -0.2598 0.8898
vn 0.3780 -0.2598 0.8898
vn 0.7480 -0.2441 0.6142
vn 0.7480 -0.2441 0.6142
vn 0.7402 -0.0079 -0.6693
vn 0.7402 -0.0079 -0.6693
vn 0.5669 0.7008 -0.4331
vn 0.5669 0.7008 -0.4331
vn 0.0945 -0.0709 -0.9921
vn 0.0945 -0.0709 -0.9921
vn 0.8504 0.0709 0.5197
vn 0.8976 0.0157 0.4409
vn 0.8976 0.0157 0.4409
vn 0.8976 0.0157 0.4409
vn 0.8425 0.4173 0.3465
vn -0.4094 -0.8976 -0.1654
vn -0.4094 -0.8976 -0.1654
vn -0.4094 -0.8976 -0.1654
vn -0.1654 -0.9843 0.0709
vn -0.1654 -0.9843 0.0709
vn -0.8819 0.0236 -0.4724
vn -0.8819 0.0236 -0.4724
vn -0.5433 -0.6772 0.4961
vn -0.5433 -0.6772 0.4961
vn -0.8661 0.2047 0.4567
vn -0.3307 -0.5827 0.7402
vn -0.3307 -0.5827 0.7402
vn -0.3307 -0.5827 0.7402
vn -0.0945 -0.3858 0.9134
vn -0.5433 0.7008 -0.4646
vn -0.6378 0.4961 -0.5906
vn -0.6378 0.4961 -0.5906
vn -0.2362 -0.6614 0.7087
vn -0.2362 -0.6614 0.7087
vn 0.9055 -0.0079 0.4173
vn 0.7953 -0.0630 0.5984
vn 0.7953 -0.0630 0.5984
vn -0.3150 -0.0315 -0.9449
vn -0.3150 -0.0315 -0.9449
vn -0.1969 0.7717 -0.6063
vn -0.1969 0.7717 -0.6063
vn 0.8268 -0.5433 0.1339
vn 0.9291 -0.2205 0.2835
vn 0.3307 0.2598 0.9055
vn 0.2913 0.2913 -0.9134
vn 0.5118 0.3150 -0.8031
vn -0.4646 -0.6299 0.6220
vn -0.4646 -0.6299 0.6220
vn -0.2992 -0.2756 0.9134
vn -0.6929 -0.5748 0.4331
vn -0.7244 -0.2047 0.6614
vn -0.7244 -0.2047 0.6614
vn -0.7244 -0.2047 0.6614
vn 0.8976 0.0945 -0.4331
vn 0.8346 0.0787 0.5512
vn 0.8268 -0.3780 0.4252
vn 0.8268 -0.3701 0.4252
vn 0.3228 0.6220 -0.7165
vn 0.3228 0.6220 -0.7165
vn 0.9449 0.3150 0.1181
vn -0.2520 -0.3307 -0.9055
vn -0.8268 -0.5591 -0.0079
vn -0.8268 -0.5591 -0.0079
vn -0.6220 -0.1654 0.7638
vn -0.6220 -0.1654 0.7638
vn -0.7638 0.2756 -0.5827
vn -0.7638 0.2756 -0.5827
vn 0.9921 -0.0787 -0.1339
vn 0.9921 -0.0787 -0.1339
vn -0.7795 0.1102 0.6142
vn -0.1654 0.1496 -0.9764
vn -0.1654 0.1496 -0.9764
vn -0.1654 0.1496 -0.9764
vn -0.1654 0.1496 -0.9764
vn -0.5591 -0.2756 -0.7874
vn -0.3780 -0.2126 0.8976
vn -0.3780 -0.2126 0.8976
vn -0.4488 0.1654 -0.8819
vn -0.1732 0.5118 -0.8425
vn -0.1732 0.5118 -0.8425
vn -0.6535 0.3543 -0.6693
vn -0.6535 0.3543 -0.6693
vn -0.3465 -0.6378 0.6850
vn -0.6457 0.5906 -0.4803
vn -0.6457 0.5906 -0.4803
vn -0.6457 0.5906 -0.4803
vn -0.1417 0.7244 -0.6693
vn -0.1417 0.7244 -0.6693
vn 0.5354 -0.3228 -0.7795
vn 0.5354 -0.3228 -0.7795
vn 0.7165 0.1339 -0.6850
vn 0.7165 0.1339 -0.6850
vn 0.5984 -0.1417 -0.7874
vn 0.3937 0.4488 0.8031
vn 0.3937 0.4488 0.8031
vn 0.3937 0.4488 0.8031
vn -0.3858 -0.6378 -0.6614
vn -0.3858 -0.6378 -0.6614
vn -0.3858 -0.6378 -0.6614
vn 0.9606 -0.2756 0.0945
vn 0.9843 -0.1181 0.1102
vn 0.9843 -0.1575 0.0787
vn 0.7480 -0.4331 -0.5039
vn 0.6378 0.7480 0.1654
vn 0.9606 0.0315 0.2835
vn -0.5039 -0.7480 -0.4331
vn -0.5039 -0.7480 -0.4331
vn -0.4646 -0.5433 0.7008
vn 0.3701 -0.1890 -0.9134
vn 0.3701 -0.1890 -0.9134
vn 0.2126 -0.7559 -0.6220
vn 0.2126 -0.7559 -0.6220
vn -0.7559 -0.4961 0.4173
vn -0.7559 -0.4961 0.4173
vn -0.4882 -0.5512 0.6772
vn 0.8110 0.4409 -0.3780
vn 0.6457 0.7402 0.1732
vn 0.6457 0.7402 0.1732
vn -0.1732 -0.4409 -0.8819
vn -0.1732 -0.4409 -0.8819
vn -0.1732 -0.4409 -0.8819
vn -0.1732 -0.4409 -0.8819
vn -0.1732 -0.4409 -0.8819
vn -0.1732 -0.4409 -0.8819
vn -0.1732 -0.4409 -0.8819
vn 0.5512 -0.0945 -0.8268
vn 0.5512 -0.0945 -0.8268
vn 0.5512 -0.0945 -0.8268
vn -0.0866 -0.1102 0.9921
vn -0.0866 -0.1102 0.9921
vn -0.1969 0.9843 -0.0394
vn -0.1969 0.9843 -0.0394
vn -0.1969 0.9843 -0.0394
vn 0.6142 0.7874 0.0945
vn 0.7480 0.2913 0.5984
vn 0.8583 -0.1102 0.5039
vn 0.6850 -0.6063 0.4016
vn 0.6850 -0.6063 0.4016
vn 0.5276 -0.7244 0.4409
vn 0.5276 -0.7244 0.4409
vn 0.4882 -0.8189 0.3071
vn 0.4882 -0.8189 0.3071
vn 0.2520 -0.9528 0.1732
vn 0.2520 0.2913 0.9213
vn 0.6378 -0.7480 0.1732
vn 0.6378 -0.7480 0.1732
vn 0.6063 0.6063 -0.5118
vn 0.6063 0.6063 -0.5118
vn 0.6063 0.6063 -0.5118
vn 0.5433 0.7953 0.2677
vn 0.6299 0.2598 -0.7323
vn 0.6299 0.2598 -0.7323
vn 0.6142 -0.3780 0.6929
vn 0.6142 -0.3780 0.6929
vn 0.8425 0.2835 0.4646
vn 0.8425 0.2835 0.4646
vn 0.9134 0.2362 0.3307
vn 0.8898 -0.2598 0.3780
vn 0.8898 -0.2598 0.3780
vn 0.6457 0.3701 -0.6614
vn 0.2205 0.3465 -0.9134
vn 0.2205 0.3465 -0.9134
vn 0.4882 -0.5276 0.6929
vn 0.4882 -0.5276 0.6929
vn 0.4882 -0.5276 0.6929
vn 0.4882 -0.5276 0.6929
vn 0.7402 -0.6772 0.0236
vn 0.7402 -0.6772 0.0236
vn 0.7402 -0.6772 0.0236
vn 0.7402 -0.6772 0.0236
vn 0.7402 -0.6772 0.0236
vn 0.7402 0.6142 -0.2598
vn 0.7402 0.6142 -0.2598
vn 0.9055 -0.2126 0.3622
vn 0.4961 0.6299 -0.6063
vn 0.4961 0.6299 -0.6063
vn -0.0079 -0.6772 -0.7323
vn -0.0079 -0.6772 -0.7323
vn -0.4724 -0.7953 -0.3858
vn -0.4724 -0.7953 -0.3858
vn 0.9055 -0.2835 0.3071
vn 0.9055 -0.2835 0.3071
vn 0.9055 -0.2835 0.3071
vn -0.9055 -0.3307 -0.2598
vn -0.9055 -0.3307 -0.2598
vn 0.8898 0.1654 0.4173
vn 0.9449 0.3307 -0.0079
vn 0.8898 0.4173 -0.1811
vn 0.8898 0.4173 -0.1811
vn 0.9606 0.2835 0.0630
vn -0.6693 0.3780 -0.6378
vn -0.6693 0.3780 -0.6378
vn -0.6693 0.3780 -0.6378
vn -0.4016 -0.9134 -0.0079
vn -0.9449 0.0394 0.3307
vn -0.9449 0.0394 0.3307
vn -0.9449 0.0394 0.3307
vn -0.9606 -0.2598 0.1181
vn -0.9606 -0.2598 0.1181
vn -0.9606 -0.2598 0.1181
vn -0.9606 -0.2598 0.1181
vn -0.2992 -0.9528 -0.0315
vn -0.9764 0.2283 -0.0472
vn -0.9764 0.2283 -0.0472
vn -0.9764 0.2283 -0.0472
vn -0.7953 0.5433 0.2520
vn -0.7953 0.5433 0.2520
vn -0.7953 0.5433 0.2520
vn -0.4331 -0.3937 0.8110
vn -0.4331 -0.3937 0.8110
vn -0.4331 -0.3937 0.8110
vn 0.0866 0.2835 -0.9528
vn -0.0315 0.1181 0.9921
vn -0.5748 -0.6693 0.4724
vn -0.5748 -0.6693 0.4724
vn 0.6299 0.2205 -0.7402
vn 0.6299 0.2205 -0.7402
vn -0.4488 -0.8819 0.1339
vn -0.4488 -0.8819 0.1339
vn -0.4488 -0.8819 0.1339
vn -0.4488 -0.8819 0.1339
vn 0.8346 0.4331 -0.3465
vn 0.8346 0.4331 -0.3465
vn 0.8346 0.4331 -0.3465
vn -0.9685 0.0709 0.2441
vn -0.9685 0.0709 0.2441
vn -0.4882 0.0157 0.8740
vn -0.4882 0.0157 0.8740
vn 0.7480 0.1969 -0.6299
vn 0.7480 0.1969 -0.6299
vn 0.6614 -0.2756 -0.6929
vn 0.6614 -0.2756 -0.6929
vn 0.4803 -0.5984 0.6457
vn 0.4803 -0.5984 0.6457
vn 0.4016 0.2126 -0.8898
vn 0.4016 0.3701 -0.8346
vn 0.4016 0.3701 -0.8346
vn 0.4016 0.3701 -0.8346
vn 0.4016 0.3701 -0.8346
vn 0.4016 0.3701 -0.8346
vn 0.5669 0.4331 0.7008
vn 0.5669 0.4331 0.7008
vn 0.5669 0.4331 0.7008
vn 0.5669 0.4331 0.7008
vn 0.9291 -0.0630 0.3701
vn 0.9291 -0.0630 0.3701
vn 0.9291 -0.0630 0.3701
vn 0.9291 -0.0630 0.3701
vn 0.9291 -0.0630 0.3701
vn 0.9291 -0.0630 0.3701
vn -0.9528 -0.2756 -0.1417
vn -0.9528 -0.2756 -0.1417
vn 0.7559 -0.1496 0.6378
vn 0.7559 -0.1496 0.6378
vn 0.6850 0.5512 -0.4803
vn 0.6850 0.5512 -0.4803
vn 0.6850 0.5512 -0.4803
vn 0.8898 0.4252 0.1732
vn 0.4409 0.3701 -0.8189
vn 0.4409 0.3701 -0.8189
vn 0.1732 0.2047 -0.9606
vn 0.4488 0.3543 -0.8189
vn 0.4488 0.3543 -0.8189
vn 0.2441 0.3307 0.9134
vn -0.2913 -0.2283 0.9291
vn -0.1654 0.1417 0.9764
vn 0.2362 0.5354 -0.8110
vn 0.0472 -0.1811 -0.9843
vn 0.0472 -0.1811 -0.9843
vn 0.3543 -0.7165 0.6063
vn 0.3543 -0.7165 0.6063
vn 0.2677 0.2835 0.9213
vn 0.5984 0.6850 0.4252
vn 0.5984 0.6850 0.4252
vn 0.3780 0.1102 -0.9213
vn 0.3780 0.1102 -0.9213
vn -0.6535 -0.7323 -0.1811
vn -0.3858 -0.9213 -0.0945
vn 0.0787 -0.4646 -0.8819
vn 0.0787 -0.4646 -0.8819
vn 0.7008 0.6772 -0.2205
vn 0.7008 0.6772 -0.2205
vn 0.7008 0.6772 -0.2205
vn 0.7008 0.6772 -0.2205
vn 0.8504 -0.3858 0.3543
vn 0.8504 -0.3858 0.3543
vn 0.8504 -0.3858 0.3543
vn -0.1102 0.5591 -0.8189
vn -0.1102 0.5591 -0.8189
vn -0.1102 0.5591 -0.8189
vn 0.6614 -0.2205 0.7165
vn 0.6614 -0.2205 0.7165
vn 0.9134 0.3071 0.2677
vn 0.7559 0.3937 -0.5197
vn 0.7559 0.3937 -0.5197
vn 0.7559 0.3937 -0.5197
vn 0.4331 -0.8976 -0.0472
vn 0.4331 -0.8976 -0.0472
vn 0.6299 -0.2913 -0.7244
vn 0.6299 -0.2913 -0.7244
vn 0.6299 -0.2913 -0.7244
vn 0.6299 -0.2913 -0.7244
vn 0.4724 0.5354 0.7008
vn 0.4724 0.5354 0.7008
vn 0.8189 0.5591 -0.1024
vn 0.7559 0.5197 -0.4016
vn 0.9843 -0.1260 -0.1260
vn 0.0866 0.1260 0.9843
vn -0.4252 -0.6693 0.6063
vn -0.4252 -0.6693 0.6063
vn -0.4252 -0.6693 0.6063
vn -0.4252 -0.6693 0.6063
vn -0.4252 -0.6693 0.6063
vn 0.6063 -0.5276 -0.5906
vn 0.6063 -0.5276 -0.5906
vn 0.6063 -0.5276 -0.5906
vn 0.6063 -0.5276 -0.5906
vn 0.6063 -0.5276 -0.5906
vn 0.6063 -0.5276 -0.5906
vn -0.1654 0.4252 0.8898
vn -0.1654 0.4252 0.8898
vn 0.2362 -0.5118 -0.8268
vn 0.2362 -0.5118 -0.8268
vn 0.2362 -0.5118 -0.8268
vn -0.4252 -0.8504 0.3150
vn -0.4252 -0.8504 0.3150
vn -0.2126 -0.3622 0.9055
vn -0.9291 -0.3543 0.1417
vn -0.9291 -0.3543 0.1417
vn 0.8110 -0.2756 0.5197
vn 0.7717 -0.4252 0.4803
vn 0.7717 -0.4252 0.4803
vn -0.9921 -0.0787 -0.0472
vn -0.9921 -0.0787 -0.0472
vn 0.0551 -0.7480 -0.6614
vn 0.0551 -0.7480 -0.6614
vn 0.8819 0.4252 -0.2126
vn 0.8819 0.4252 -0.2126
vn 0.9606 0.2520 0.1496
vn 0.0709 -0.9921 -0.1102
vn -0.7559 0.5197 0.4016
vn -0.7559 0.5197 0.4016
vn -0.2126 -0.9606 0.1811
vn -0.4961 0.7953 0.3465
vn -0.4961 0.7953 0.3465
vn -0.4016 0.7165 0.5748
vn -0.4016 0.7165 0.5748
vn 0.7795 0.4409 -0.4488
vn 0.7795 0.4409 -0.4488
vn 0.2835 0.3386 -0.8976
vn 0.2835 0.3386 -0.8976
vn 0.2835 0.3386 -0.8976
vn 0.3307 0.1969 -0.9213
vn 0.3307 0.1969 -0.9213
vn 0.3307 0.1969 -0.9213
vn 0.3307 0.1969 -0.9213
vn 0.6535 -0.7323 -0.2047
vn 0.6535 -0.7323 -0.2047
vn 0.6535 -0.7323 -0.2047
vn 0.1024 0.3307 -0.9370
vn 0.1024 0.3307 -0.9370
vn 0.4016 0.6772 0.6220
vn 0.4016 0.6772 0.6220
vn 0.4961 0.7559 -0.4252
vn 0.4961 0.7559 -0.4252
vn -0.4331 -0.7559 0.4882
vn 0.0315 -0.8110 0.5906
vn 0.0315 -0.8110 0.5906
vn 0.5433 0.4567 0.7087
vn 0.5433 0.4567 0.7087
vn -0.5118 -0.6772 0.5276
vn -0.5118 -0.6772 0.5276
vn -0.5118 -0.6772 0.5276
vn -0.4094 -0.8740 0.2598
vn -0.9606 -0.1181 0.2598
vn -0.9606 -0.1181 0.2598
vn 0.9606 -0.1890 -0.2126
vn 0.9606 -0.1890 -0.2126
vn 0.9606 -0.1890 -0.2126
vn 0.9606 -0.1890 -0.2126
vn 0.8504 0.4173 -0.3228
vn 0.8504 0.4173 -0.3228
vn 0.8504 0.4173 -0.3228
vn 0.8504 0.4173 -0.3228
vn 0.8504 0.4173 -0.3228
vn -0.9843 -0.1732 0.0866
vn -0.9843 -0.1732 0.0866
vn -0.9843 -0.1732 0.0866
vn -0.9843 -0.1732 0.0866
vn -0.9843 -0.1732 0.0866
vn -0.8976 -0.2520 0.3622
vn -0.8976 -0.2520 0.3622
vn 0.9134 0.0079 0.4094
vn 0.6457 0.4961 -0.5827
vn 0.6457 0.4961 -0.5827
vn 0.9843 0.1024 -0.1496
vn 0.9843 0.1024 -0.1496
vn 0.9843 0.1024 -0.1496
vn 0.8425 0.1024 0.5276
vn 0.9528 0.0945 0.2913
vn 0.9528 0.0945 0.2913
vn 0.0000 0.0000 0.0000
vn 0.0000 0.0000 0.0000
vn -0.8110 -0.0787 0.5748
vn -0.8110 -0.0787 0.5748
vn 0.0000 0.0000 0.0000
vn 0.0000 0.0000 0.0000
vn 0.8031 0.3937 -0.4488
vn 0.8031 0.3937 -0.4488
vn 0.4488 0.3228 0.8346
vn 0.7953 0.6063 0.0079
vn 0.7953 0.6063 0.0079
vn 0.0709 -0.2835 0.9528
vn -0.4961 -0.5197 -0.6929
vn -0.4961 -0.5197 -0.6929
vn -0.4961 -0.5197 -0.6929
vn -0.4961 -0.5197 -0.6929
vn -0.4961 -0.5197 -0.6929
vn 0.4724 -0.4094 0.7795
vn 0.4724 -0.4094 0.7795
vn 0.4724 -0.4094 0.7795
vn 0.4724 -0.4094 0.7795
vn -0.5591 -0.8268 -0.0079
vn -0.5906 -0.6457 -0.4803
vn 0.2835 0.1417 -0.9449
vn 0.2835 0.1417 -0.9449
vn 0.3858 -0.9213 0.0000
vn 0.3858 -0.9213 0.0000
vn 0.3858 -0.9213 0.0000
vn 0.7402 -0.2126 -0.6378
vn 0.7402 -0.2126 -0.6378
vn 0.7402 -0.2126 -0.6378
vn 0.7402 -0.2126 -0.6378
vn 0.5748 0.8031 0.1417
vn 0.5748 0.8031 0.1417
vn -0.5827 -0.0472 -0.8110
vn -0.5748 -0.8189 0.0157
vn -0.5748 -0.8189 0.0157
vn -0.5748 -0.8189 0.0157
vn -0.2598 -0.2913 -0.9213
vn -0.2598 -0.2913 -0.9213
vn 0.1181 -0.8740 -0.4724
vn 0.1181 -0.8740 -0.4724
vn 0.1181 -0.8740 -0.4724
vn 0.5591 -0.3543 0.7480
vn 0.5591 -0.3543 0.7480
vn 0.5748 -0.5039 -0.6457
vn 0.5748 -0.5039 -0.6457
vn 0.5748 -0.5039 -0.6457
vn 0.9528 0.1024 0.2835
vn 0.9528 0.1024 0.2835
vn 0.9764 -0.1969 0.0551
vn 0.9764 -0.1969 0.0551
vn 0.9764 0.0236 -0.2205
vn 0.9134 0.0394 0.4094
vn -0.8031 -0.3543 0.4803
vn -0.8031 -0.3543 0.4803
vn -0.0472 -0.6850 0.7323
vn 0.3071 0.7008 -0.6457
vn 0.3071 0.7008 -0.6457
vn -0.5276 -0.8189 0.2283
vn -0.5276 -0.8189 0.2283
vn -0.5276 -0.8189 0.2283
vn 0.6142 -0.4409 -0.6535
vn 0.6142 -0.4409 -0.6535
vn 0.9213 0.3150 0.2283
vn 0.9213 0.3150 0.2283
vn 0.1890 -0.1260 0.9764
vn 0.1890 -0.1260 0.9764
vn 0.5591 -0.5984 0.5748
vn 0.5591 -0.5984 0.5748
vn 0.5591 -0.5984 0.5748
vn 0.5591 -0.5984 0.5748
vn 0.5591 -0.5984 0.5748
vn 0.5591 -0.5984 0.5748
vn 0.6457 0.3543 -0.6772
vn 0.6457 0.3543 -0.6772
vn 0.6457 0.3543 -0.6772
vn -0.1732 -0.6378 0.7480
vn -0.1732 -0.6378 0.7480
vn -0.1890 -0.5906 0.7874
vn 0.6693 0.5827 0.4646
vn 0.6693 0.5827 0.4646
vn 0.6772 0.6693 0.3071
vn 0.6772 0.6693 0.3071
vn -0.2441 -0.4252 -0.8740
vn -0.2441 -0.4252 -0.8740
vn -0.8504 -0.5197 0.0394
vn -0.8504 -0.5197 0.0394
vn -0.9606 0.2441 -0.1575
vn -0.9606 0.2441 -0.1575
vn 0.7795 -0.1181 -0.6142
vn 1.0000 -0.0315 0.0157
vn 1.0000 -0.0315 0.0157
vn 1.0000 -0.0315 0.0157
vn 1.0000 -0.0315 0.0157
vn 0.7874 -0.3071 -0.5354
vn 0.7874 -0.3071 -0.5354
vn 0.8031 0.5433 -0.2520
vn 0.8031 0.5433 -0.2520
vn 0.8031 0.5433 -0.2520
vn 0.3465 0.8504 0.4016
vn 0.3465 0.8504 0.4016
vn 0.3465 0.8504 0.4016
vn 0.9528 0.2205 -0.1969
vn 0.9528 0.2205 -0.1969
vn 0.9685 0.1260 0.2126
vn 0.9685 0.1260 0.2126
vn 0.9685 0.1260 0.2126
vn 0.6772 0.3307 0.6535
vn 0.6772 0.3307 0.6535
vn 0.9606 -0.0315 -0.2756
vn 0.9606 -0.0315 -0.2756
vn 0.6220 -0.4094 0.6693
vn 0.6220 -0.4094 0.6693
vn 0.8110 -0.4961 -0.3071
vn 0.8110 -0.4961 -0.3071
vn -0.0394 0.8661 -0.4882
vn -0.0394 0.8661 -0.4882
vn -0.1024 0.3228 -0.9370
vn -0.1024 0.3228 -0.9370
vn -0.1024 0.3228 -0.9370
vn -0.1024 0.3228 -0.9370
vn -0.0472 0.9685 0.2441
vn 0.0079 0.9528 0.3150
vn 0.1181 0.6378 0.7638
vn 0.1181 0.6378 0.7638
vn 0.1181 0.6378 0.7638
vn 0.5276 -0.0157 -0.8504
vn 0.5276 -0.0157 -0.8504
vn 0.6693 0.4567 -0.5827
vn 0.6693 0.4567 -0.5827
vn 0.6693 0.4567 -0.5827
vn 0.6693 0.4567 -0.5827
vn 0.4724 0.0079 -0.8819
vn 0.4724 0.0079 -0.8819
vn 0.2913 -0.4803 0.8268
vn 0.2913 -0.4803 0.8268
vn 0.6142 0.5512 0.5669
vn 0.6142 0.5512 0.5669
vn 0.4331 0.2205 -0.8740
vn 0.4331 0.2205 -0.8740
vn 0.1417 0.4173 -0.8976
vn 0.2441 -0.9685 -0.0315
vn 0.2441 -0.9685 -0.0315
vn 0.2441 -0.9685 -0.0315
vn 0.0866 0.3937 0.9134
vn 0.6614 -0.2047 -0.7165
vn 0.6614 -0.2047 -0.7165
vn 0.9921 -0.0236 -0.1339
vn 0.6063 0.7953 0.0000
vn 0.6063 0.7953 0.0000
vn -0.6457 -0.7165 0.2677
vn -0.6457 -0.7165 0.2677
vn -0.6457 -0.7165 0.2677
vn -0.0866 -0.7559 -0.6535
vn 0.7874 -0.5512 -0.2598
vn 0.7874 -0.5512 -0.2598
vn 0.1732 0.7717 -0.6142
vn 0.1732 0.7717 -0.6142
vn 0.1732 0.7717 -0.6142
vn 0.1732 0.7717 -0.6142
vn 0.2992 0.9449 -0.1181
vn 0.2992 0.9449 -0.1181
vn 0.8346 -0.5197 -0.1575
vn 0.8346 -0.5197 -0.1575
vn 0.6457 -0.4803 0.5984
vn 0.6457 -0.4803 0.5984
vn 0.7087 0.2047 -0.6772
vn 0.7087 0.2047 -0.6772
vn 0.7087 0.2047 -0.6772
vn 0.7874 -0.5748 0.2126
vn 0.7874 -0.5748 0.2126
vn 0.9843 0.0000 0.1654
vn 0.9843 0.0000 0.1654
vn 0.9921 0.0000 0.0945
vn 0.9449 -0.0315 0.3228
vn 0.9685 -0.1339 -0.2126
vn 0.7559 0.4803 0.4488
vn 0.7559 0.4803 0.4488
vn 0.7559 0.4803 0.4488
vn 0.7559 0.4803 0.4488
vn -0.2520 0.5748 0.7795
vn -0.2520 0.5748 0.7795
vn 0.8661 -0.2992 -0.3937
vn -0.7638 0.3071 0.5669
vn -0.7638 0.3071 0.5669
vn 0.4961 0.0787 -0.8661
vn 0.2913 0.8976 0.3307
vn 0.0787 0.7559 0.6535
vn 0.0787 0.7559 0.6535
vn 0.8583 0.1732 -0.4803
vn 0.8583 0.1732 -0.4803
vn 0.6850 -0.1102 -0.7165
vn 0.6850 -0.1102 -0.7165
vn 0.5984 0.4724 0.6457
vn 0.5984 0.4724 0.6457
vn 0.4961 -0.8346 0.2362
vn 0.4961 -0.8346 0.2362
vn 0.7480 0.5827 0.3150
vn 0.7480 0.5827 0.3150
vn 0.7480 0.5827 0.3150
vn 0.2913 -0.9528 0.0551
vn 0.2913 -0.9528 0.0551
vn 0.2913 -0.9528 0.0551
vn 0.6614 -0.2441 -0.7087
vn 0.6614 -0.2441 -0.7087
vn 0.7087 -0.5433 -0.4567
vn 0.7087 -0.5433 -0.4567
vn 0.7087 -0.5433 -0.4567
vn 0.7087 -0.0157 0.7087
vn 0.7087 -0.0157 0.7087
vn 0.9055 -0.1260 -0.4094
vn 0.9055 -0.1260 -0.4094
vn 0.9055 -0.1260 -0.4094
vn 0.9055 -0.1260 -0.4094
vn -0.5118 -0.8346 -0.2283
vn 0.4409 -0.2913 0.8504
vn 0.2283 -0.7480 -0.6299
vn 0.2283 -0.7480 -0.6299
vn 0.2283 -0.7480 -0.6299
vn 0.2283 -0.7480 -0.6299
vn 0.4567 0.3858 -0.8031
vn 0.4567 0.3858 -0.8031
vn 0.4567 0.3858 -0.8031
vn 0.4567 0.3858 -0.8031
vn 0.4567 0.3858 -0.8031
vn 0.7165 0.4961 0.4882
vn 0.7165 0.4961 0.4882
vn 0.7165 0.4961 0.4882
vn 0.7165 0.4961 0.4882
vn 0.7165 0.4961 0.4882
vn 0.3386 0.3228 -0.8819
vn 0.3386 0.3228 -0.8819
vn 0.6614 -0.7480 -0.0709
vn 0.6614 -0.7480 -0.0709
vn -0.4409 -0.0472 -0.8976
vn -0.1417 0.2441 -0.9606
vn 0.9291 -0.3622 -0.0551
vn 0.9291 -0.3622 -0.0551
vn 0.9685 0.0945 0.2362
vn 0.9685 0.0945 0.2362
vn 0.9291 0.0236 0.3622
vn 0.9291 0.0236 0.3622
vn 0.3307 0.0236 0.9449
vn 0.2756 -0.1102 -0.9528
vn 0.2756 -0.1102 -0.9528
vn 0.5512 -0.8189 -0.1575
vn 0.5512 -0.8189 -0.1575
vn 0.5512 0.1024 0.8268
vn 0.5512 0.1024 0.8268
vn 0.0236 -0.9921 0.0866
vn 0.0236 -0.9921 0.0866
vn 0.3622 -0.5433 0.7559
vn 0.3622 -0.5433 0.7559
vn 0.3622 -0.5433 0.7559
vn -0.0630 0.8268 0.5591
vn 0.2047 0.9528 0.2126
vn 0.2047 0.9528 0.2126
vn 0.7480 0.0866 -0.6614
vn 0.7480 0.0866 -0.6614
vn 0.6457 0.4331 0.6299
vn 0.6457 0.4331 0.6299
vn 0.9528 0.1890 -0.2283
vn 0.9528 0.1890 -0.2283
vn 0.9291 -0.0315 -0.3622
vn 0.9291 -0.0315 -0.3622
vn 0.5276 -0.0945 -0.8425
vn 0.5276 -0.0945 -0.8425
vn -0.6457 -0.7087 -0.2677
vn -0.5591 -0.8268 -0.0551
vn 0.3465 -0.1024 -0.9291
vn 0.3465 -0.1024 -0.9291
vn 0.3465 -0.1024 -0.9291
vn -0.1496 -0.9843 0.0551
vn 0.0394 0.0630 1.0000
vn 0.0394 0.0630 1.0000
vn 0.0394 0.0630 1.0000
vn 0.0000 0.0000 0.0000
vn 0.0000 0.0000 0.0000
vn 0.3150 -0.0551 0.9449
vn -0.4252 0.5354 -0.7244
vn -0.4252 0.5354 -0.7244
vn 0.1654 0.6693 0.7244
vn 0.1654 0.6693 0.7244
vn -0.5512 0.4882 0.6693
vn -0.5512 0.4882 0.6693
vn -0.0787 0.9921 0.0866
vn 0.8346 0.2362 -0.4961
vn 0.8346 0.2362 -0.4961
vn 0.7795 -0.1181 0.6220
vn 0.7795 -0.1181 0.6220
vn 0.7795 -0.1181 0.6220
vn 0.9764 0.1969 -0.0472
vn -0.4882 -0.7402 0.4646
vn -0.4882 -0.7402 0.4646
vn 0.8583 0.4094 0.2992
vn 0.8583 0.4094 0.2992
vn 0.8583 0.4094 0.2992
vn 0.8504 -0.0079 -0.5276
vn 0.5512 0.7638 0.3307
vn 0.5512 0.7638 0.3307
vn 0.5512 0.7638 0.3307
vn -0.4961 -0.8661 0.0551
vn -0.4961 -0.8661 0.0551
vn 0.7244 0.0157 0.6850
vn 0.7244 0.0157 0.6850
vn 0.8031 0.5354 0.2598
vn 0.8898 0.4252 0.1496
vn 0.8898 0.4252 0.1496
vn 0.8898 0.4252 0.1496
vn 0.6772 -0.7165 -0.1575
vn 0.6772 -0.7165 -0.1575
vn 0.6299 -0.4409 -0.6457
vn 0.6299 -0.4409 -0.6457
vn 0.5591 -0.1024 0.8268
vn 0.5591 -0.1024 0.8268
vn 0.6693 0.5512 0.5039
vn -0.4173 -0.0157 -0.9055
vn -0.0157 -0.0551 1.0000
vn 0.3780 -0.7008 -0.6063
vn 0.3780 -0.7008 -0.6063
vn 0.2913 -0.3228 0.8976
vn -0.4567 0.8819 -0.1102
vn 0.7795 -0.2362 -0.5827
vn 0.7795 -0.2362 -0.5827
vn 0.7795 -0.2362 -0.5827
vn 0.9843 -0.0709 -0.1417
vn 0.7323 0.5118 -0.4488
vn 0.7953 -0.3228 -0.5118
vn 0.9921 -0.0157 0.1339
vn 0.9921 -0.0157 0.1339
vn 0.7717 -0.4488 0.4567
vn 0.7717 -0.4488 0.4567
vn 0.7717 0.1969 0.6063
vn 0.7717 0.1969 0.6063
vn 0.9606 0.1024 -0.2677
vn 0.9606 0.1024 -0.2677
vn -0.3386 -0.5118 -0.7874
vn -0.3386 -0.5118 -0.7874
vn -0.3386 -0.5118 -0.7874
vn -0.5748 -0.7795 0.2520
vn -0.5748 -0.7795 0.2520
vn 0.6693 -0.6772 0.3071
vn 0.6693 -0.6772 0.3071
vn 0.4724 0.6142 -0.6299
vn 0.4724 0.6142 -0.6299
vn 0.4724 0.6142 -0.6299
vn 0.8819 0.3543 -0.3150
vn 0.7008 0.6220 0.3386
vn 0.7244 0.6850 -0.0945
vn 0.7244 0.6850 -0.0945
vn 0.5748 0.6850 0.4409
vn 0.5748 0.6850 0.4409
vn 0.0079 0.6535 -0.7559
vn 0.0079 0.6535 -0.7559
vn 0.4016 -0.2205 0.8898
vn 0.4016 -0.2205 0.8898
vn 0.4016 -0.2205 0.8898
vn 0.2913 0.9370 0.1890
vn 0.3071 0.8898 0.3386
vn 0.9843 -0.1181 0.1496
vn 0.9843 -0.1181 0.1496
vn 0.8425 -0.3858 0.3701
vn 0.8425 -0.3858 0.3701
vn 0.9843 0.1260 -0.1496
vn 0.9685 0.0236 -0.2441
vn 0.9685 0.0236 -0.2441
vn 0.9921 -0.0157 0.1417
vn 0.8110 0.5827 0.1102
vn 0.8110 0.5827 0.1102
vn 0.8110 0.5827 0.1102
vn 0.9685 0.1417 0.1890
vn 0.9685 0.1417 0.1890
vn -0.1024 -0.9921 -0.1024
vn -0.3150 -0.9449 -0.0472
vn -0.1260 -0.8425 0.5197
vn -0.1260 -0.8425 0.5197
vn 0.0630 -0.2913 0.9528
vn -0.2441 0.7087 -0.6614
vn -0.2441 0.7087 -0.6614
vn -0.2441 0.7087 -0.6614
vn 0.1654 -0.1496 -0.9764
vn 0.5827 -0.6220 0.5197
vn 0.5827 -0.6220 0.5197
vn -0.2126 0.1102 -0.9685
vn 0.0315 -0.8425 0.5354
vn 0.0315 -0.8425 0.5354
vn 0.2441 0.8661 0.4252
vn 0.7480 0.1732 -0.6457
vn 0.7480 0.1732 -0.6457
vn 0.7480 0.1732 -0.6457
vn 0.9370 -0.2362 -0.2520
vn 0.9449 0.3228 -0.0945
vn 0.9449 0.3228 -0.0945
vn 0.9449 0.3228 -0.0945
vn 0.1969 -0.9685 -0.1417
vn 0.1969 -0.9685 -0.1417
vn 0.7244 -0.6535 0.2205
vn 0.7244 -0.6535 0.2205
vn 0.3701 0.4173 0.8346
vn 0.3937 0.7717 -0.5039
vn 0.3937 0.7717 -0.5039
vn 0.9213 0.3858 -0.0866
vn 0.9213 0.3858 -0.0866
vn 0.4567 0.8504 0.2520
vn 0.8346 -0.5039 -0.2283
vn 0.8346 -0.5039 -0.2283
vn 1.0000 -0.0394 0.0472
vn -0.0394 -0.8976 0.4331
vn -0.2992 -0.1181 -0.9449
vn 0.4252 0.8819 -0.2205
vn 0.4252 0.8819 -0.2205
vn 0.5512 -0.1890 -0.8110
vn 0.1024 -0.8819 -0.4567
vn -0.0472 -0.9606 0.2677
vn 0.8740 0.3780 0.3150
vn 0.8740 0.3780 0.3150
vn 0.2677 0.8898 -0.3701
vn 0.2677 0.8898 -0.3701
vn 0.6535 -0.5984 -0.4724
vn 0.6535 -0.5984 -0.4724
vn 0.6535 -0.5984 -0.4724
vn 0.1181 0.2520 0.9606
vn 0.4409 -0.5433 -0.7087
vn 0.4409 -0.5433 -0.7087
vn -0.1496 0.9134 0.3780
vn -0.1496 0.9134 0.3780
vn 0.1732 0.9606 0.1969
vn 0.2520 0.8819 0.4016
vn 0.2520 0.8819 0.4016
vn -0.5748 -0.6220 -0.5354
vn -0.5748 -0.6220 -0.5354
vn -0.0630 0.9370 -0.3465
vn -0.0630 0.9370 -0.3465
vn 0.4488 -0.8661 -0.2205
vn 0.4488 -0.8661 -0.2205
vn 0.9921 0.1339 0.0630
vn -0.8346 -0.4724 -0.2835
vn 0.7953 0.4016 0.4488
vn 0.7244 -0.6693 0.1417
vn 0.7244 -0.6693 0.1417
vn 0.7244 -0.6693 0.1417
vn 0.7480 -0.2205 -0.6299
vn 0.7480 -0.2205 -0.6299
vn 0.3543 -0.9370 0.0236
vn -0.7874 -0.4016 0.4724
vn -0.7874 -0.4016 0.4724
vn -0.7874 -0.4016 0.4724
vn 0.5512 0.8189 -0.1654
vn 0.5512 0.8189 -0.1654
vn -0.0315 -1.0000 0.0000
vn -0.0315 -1.0000 0.0000
vn -0.0315 -1.0000 0.0000
vn 0.0630 -0.2520 -0.9685
vn 0.0630 -0.2520 -0.9685
vn 0.7323 -0.0394 0.6772
vn 0.7323 -0.0394 0.6772
vn 0.7323 -0.0394 0.6772
vn 0.7323 -0.0394 0.6772
vn 0.7323 -0.0394 0.6772
vn 0.6535 0.4882 -0.5827
vn 0.6535 0.4882 -0.5827
vn 0.6457 0.6299 0.4331
vn 0.6457 0.6299 0.4331
vn 0.0630 0.0157 1.0000
vn 0.0630 0.0157 1.0000
vn 0.0630 0.0157 1.0000
vn 0.0630 0.0157 1.0000
vn 0.6299 0.5433 0.5591
vn 0.6299 0.5433 0.5591
vn 0.5354 0.7559 -0.3858
vn 0.5354 0.7559 -0.3858
vn 0.7165 -0.4016 0.5669
vn 0.7165 -0.4016 0.5669
vn 0.4252 -0.1417 0.8976
vn 0.4252 -0.1417 0.8976
vn 0.7244 -0.6142 0.3228
vn 0.7244 -0.6142 0.3228
vn 0.7953 0.5039 0.3465
vn 0.7953 0.5039 0.3465
vn 0.7953 0.5039 0.3465
vn 0.6220 0.7717 -0.1496
vn -0.1102 -0.5984 0.7953
vn -0.1102 -0.5984 0.7953
vn 0.9843 -0.1654 -0.0472
vn 0.9843 -0.1654 -0.0472
vn 0.6772 0.5276 -0.5039
vn 0.6772 0.5276 -0.5039
vn 0.6772 0.5276 -0.5039
vn 0.4331 0.5197 0.7323
vn 0.4331 0.5197 0.7323
vn -0.0472 0.7638 -0.6378
vn -0.0472 0.7638 -0.6378
vn 0.8661 -0.3071 0.3858
vn 0.8661 -0.3071 0.3858
vn -0.9291 -0.3071 -0.1969
vn -0.8425 0.0866 0.5354
vn -0.8425 0.0866 0.5354
vn 0.1339 0.4724 -0.8740
vn 0.1339 0.4724 -0.8740
vn 0.1339 0.4724 -0.8740
vn 0.6929 -0.3622 -0.6220
vn 0.6929 -0.3622 -0.6220
vn -0.8504 -0.2992 0.4331
vn -0.8504 -0.2992 0.4331
vn -0.7087 -0.6063 -0.3465
vn -0.7087 -0.6063 -0.3465
vn -0.6299 -0.4567 -0.6299
vn -0.6299 -0.4567 -0.6299
vn -0.7008 0.0866 0.7008
vn -0.7008 0.0866 0.7008
vn -0.8189 -0.3701 0.4331
vn -0.8189 -0.3701 0.4331
vn -0.8189 -0.3701 0.4331
vn -0.8189 -0.3701 0.4331
vn 0.8661 0.1024 -0.4882
vn 0.8661 0.1024 -0.4882
vn 0.8661 0.1024 -0.4882
vn 0.4488 -0.7480 0.4882
vn 0.4488 -0.7480 0.4882
vn 0.2913 -0.0787 0.9528
vn -0.0551 -0.6535 0.7559
vn -0.0551 -0.6535 0.7559
vn -0.1496 0.4646 0.8740
vn -0.1496 0.4646 0.8740
vn 0.7402 0.5827 -0.3386
vn 0.7402 0.5827 -0.3386
vn 0.0945 0.0709 -0.9921
vn 0.7008 -0.7165 0.0079
vn 0.7008 -0.7165 0.0079
vn 0.7008 -0.7165 0.0079
vn 0.2756 -0.6850 0.6693
vn 0.2756 -0.6850 0.6693
vn 0.1102 0.2205 -0.9685
vn 0.1102 0.2205 -0.9685
vn 0.8110 -0.2835 0.5039
vn 0.8110 -0.2835 0.5039
vn 0.8425 0.3701 0.3937
vn 0.3228 0.1102 -0.9370
vn 0.3228 0.1102 -0.9370
vn 0.3228 0.1102 -0.9370
vn 0.5433 -0.3701 -0.7480
vn 0.5433 -0.3701 -0.7480
vn 0.7795 -0.5827 -0.2205
vn 0.7795 -0.5827 -0.2205
vn 0.5197 -0.1339 0.8425
vn -0.9055 -0.2205 -0.3543
vn -0.9055 -0.2205 -0.3543
vn -0.9055 -0.2205 -0.3543
vn -0.0079 0.1024 0.9921
vn -0.0079 0.1024 0.9921
vn -0.0079 0.1024 0.9921
vn -0.4173 0.5984 0.6850
vn -0.4173 0.5984 0.6850
vn -0.5906 0.1654 0.7874
vn -0.0472 0.6220 0.7795
vn 0.3543 -0.8346 0.4173
vn 0.3543 -0.8346 0.4173
vn 0.3543 -0.8346 0.4173
vn 0.6220 -0.4724 0.6220
vn 0.6220 -0.4724 0.6220
vn 0.4488 -0.8110 -0.3701
vn 0.4488 -0.8110 -0.3701
vn 0.4488 -0.8110 -0.3701
vn -0.7795 -0.2992 0.5433
vn -0.7795 -0.2992 0.5433
vn -0.7402 0.6693 0.0551
vn -0.7402 0.6693 0.0551
vn -0.9685 -0.2047 -0.1496
vn -0.9685 -0.2047 -0.1496
vn -0.9685 -0.2047 -0.1496
vn -0.9685 -0.2047 -0.1496
vn -0.9685 -0.2047 -0.1496
vn -0.9685 -0.2047 -0.1496
vn -0.1811 -0.8346 -0.5197
vn -0.1811 -0.8346 -0.5197
vn -0.1811 -0.8346 -0.5197
vn -0.1811 -0.8346 -0.5197
vn -0.1811 -0.8346 -0.5197
vn -0.1811 -0.8346 -0.5197
vn 0.3150 0.7244 0.6142
vn 0.3150 0.7244 0.6142
vn 0.5118 0.5118 -0.6929
vn 0.5118 0.5118 -0.6929
vn -0.0394 0.4961 -0.8661
vn 0.7953 0.5984 -0.1181
vn 0.7953 0.5984 -0.1181
vn 0.0630 0.7638 0.6378
vn 0.0630 0.7638 0.6378
vn 0.3780 0.9213 0.1181
vn 0.3780 0.9213 0.1181
vn -0.2992 -0.7795 -0.5433
vn -0.7087 0.0157 0.7008
vn -0.7087 0.0157 0.7008
vn -0.7165 0.0866 0.6929
vn -0.7165 0.0866 0.6929
vn -0.6457 0.3622 0.6693
vn 0.3071 0.8268 0.4724
vn 0.3071 0.8268 0.4724
vn 0.5512 -0.6063 -0.5669
vn 0.5512 -0.6063 -0.5669
vn 0.2992 -0.8504 0.4409
vn 0.2992 -0.8504 0.4409
vn -0.6378 -0.6929 -0.3307
vn -0.6378 -0.6929 -0.3307
vn -0.9921 -0.0787 0.1024
vn -0.9921 -0.0787 0.1024
vn -0.9921 -0.0787 0.1024
vn -0.9921 -0.0787 0.1024
vn -0.8976 -0.2126 -0.3858
vn -0.8976 -0.2126 -0.3858
vn -0.8425 -0.1260 0.5276
vn -0.8425 -0.1260 0.5276
vn -0.7165 0.5984 0.3622
vn -0.7165 0.5984 0.3622
vn -0.7165 0.5984 0.3622
vn -0.7165 0.5984 0.3622
vn -0.8976 0.3622 0.2520
vn -0.8976 0.3622 0.2520
vn -0.9606 -0.1024 0.2520
vn -0.1890 -0.2283 -0.9528
vn 0.2992 -0.1024 -0.9528
vn -0.0866 0.6457 0.7638
vn -0.0866 0.6457 0.7638
vn 0.8583 -0.1496 0.4961
vn 0.9449 0.2283 0.2362
vn -0.2205 0.8425 -0.4882
vn -0.2205 0.8425 -0.4882
vn -0.4488 0.6220 -0.6378
vn -0.4488 0.6220 -0.6378
vn 0.2992 -0.8425 -0.4488
vn 0.2992 -0.8425 -0.4488
vn -0.1496 0.6220 0.7717
vn -0.1496 0.6220 0.7717
vn -0.1496 0.6220 0.7717
vn -0.7165 -0.4094 -0.5591
vn -0.7165 -0.4094 -0.5591
vn -0.7165 -0.4094 -0.5591
vn -0.8110 0.1890 0.5512
vn -0.8110 0.1890 0.5512
vn -0.1732 -0.5591 -0.8110
vn -0.1732 -0.5591 -0.8110
vn 0.0630 0.4252 0.9055
vn 0.0630 0.4252 0.9055
vn 0.0630 0.4252 0.9055
vn 0.6063 0.2677 -0.7480
vn 0.4016 0.7559 0.5118
vn 0.4016 0.7559 0.5118
vn -0.9606 -0.2835 0.0630
vn -0.9606 -0.2835 0.0630
vn -0.9606 -0.2835 0.0630
vn -0.3858 -0.5039 -0.7717
vn -0.3858 -0.5039 -0.7717
vn -0.5669 0.3543 0.7402
vn -0.5669 0.3543 0.7402
vn -0.4094 -0.0236 0.9134
vn -0.4094 -0.0236 0.9134
vn -0.3071 -0.4882 -0.8189
vn -0.3071 -0.4882 -0.8189
vn -0.2598 0.5433 0.8031
vn -0.2598 0.5433 0.8031
vn -0.2598 0.5433 0.8031
vn 0.4567 -0.5906 0.6614
vn 0.4567 -0.5906 0.6614
vn 0.0472 -0.0315 -1.0000
vn 0.8425 0.3937 0.3622
vn 0.8425 0.3937 0.3622
vn 0.3701 0.5748 -0.7323
vn -0.4173 -0.8976 0.1417
vn -0.4173 -0.8976 0.1417
vn -0.4173 -0.8976 0.1417
vn -0.2598 -0.9528 0.1732
vn -0.2598 -0.9528 0.1732
vn -0.4803 -0.7638 -0.4331
vn -0.4803 -0.7638 -0.4331
vn -0.4803 -0.7638 -0.4331
vn -0.4803 -0.7638 -0.4331
vn 0.0866 -0.1339 -0.9843
vn 0.7717 0.6299 -0.0079
vn -0.1732 0.9606 -0.2126
vn -0.1732 0.9606 -0.2126
vn 0.9606 0.2441 -0.1575
vn 0.9606 0.2441 -0.1575
vn 0.9606 0.2441 -0.1575
vn -0.5118 -0.6772 -0.5354
vn -0.0236 -0.4961 -0.8661
vn -0.0236 -0.4961 -0.8661
vn 0.0315 0.2283 0.9764
vn 0.0315 0.2283 0.9764
vn 0.0315 0.2283 0.9764
vn 0.0315 0.2283 0.9764
vn 0.0315 0.2283 0.9764
vn -0.1575 0.8425 0.5118
vn -0.1575 0.8425 0.5118
vn -0.1575 0.8425 0.5118
vn -0.0787 0.9370 -0.3386
vn -0.0787 0.9370 -0.3386
vn 0.5118 -0.4409 0.7402
vn 0.5118 -0.4409 0.7402
vn -0.5591 -0.7638 -0.3307
vn -0.5591 -0.7638 -0.3307
vn 0.2677 -0.1181 0.9528
vn 0.4803 -0.5748 -0.6614
vn 0.4803 -0.5748 -0.6614
vn -0.0551 0.0315 1.0000
vn 0.5906 0.6142 0.5276
vn 0.5906 0.6142 0.5276
vn 0.5906 0.6142 0.5276
vn 0.6614 -0.3071 0.6772
vn 0.6614 -0.3071 0.6772
vn 0.6614 -0.3071 0.6772
vn 0.6614 -0.3071 0.6772
vn 0.6614 -0.3071 0.6772
vn 0.6614 -0.3071 0.6772
vn -0.7165 -0.6929 0.0000
vn 0.1496 -0.4331 -0.8898
vn 0.1496 -0.4331 -0.8898
vn 0.1496 -0.4331 -0.8898
vn 0.8583 -0.2913 0.4173
vn 0.8583 -0.2913 0.4173
vn -0.0394 0.5984 0.8031
vn -0.0394 0.5984 0.8031
vn -0.0394 0.5984 0.8031
vn -0.0394 0.5984 0.8031
vn 0.5276 0.3701 0.7638
vn 0.5276 0.3701 0.7638
vn 0.8346 0.3150 0.4488
vn 0.8346 0.3150 0.4488
vn 0.8346 0.3150 0.4488
vn 0.8346 0.3150 0.4488
vn -0.6142 0.7717 0.1417
vn -0.6142 0.7717 0.1417
vn -0.6142 0.7717 0.1417
vn -0.5591 -0.3150 -0.7638
vn -0.5591 -0.3150 -0.7638
vn -0.5591 -0.3150 -0.7638
vn -0.9685 -0.2205 0.1181
vn -0.9685 -0.2205 0.1181
vn -0.5669 -0.7559 -0.3307
vn -0.5669 -0.7559 -0.3307
vn 0.3465 -0.3937 -0.8504
vn 0.3465 -0.3937 -0.8504
vn 0.2598 0.4646 0.8504
vn 0.2598 0.4646 0.8504
vn 0.2598 0.4646 0.8504
vn 0.5197 -0.4803 -0.7087
vn 0.5197 -0.4803 -0.7087
vn 0.5197 -0.4803 -0.7087
vn 0.5197 -0.4803 -0.7087
vn 0.6850 0.3780 -0.6220
vn 0.6850 0.3780 -0.6220
vn 0.7402 0.6614 -0.0866
vn 0.7402 0.6614 -0.0866
vn -0.3150 -0.9528 0.0157
vn -0.3150 -0.9528 0.0157
vn -0.2992 -0.1024 -0.9449
vn -0.2992 -0.1024 -0.9449
vn -0.2992 -0.1024 -0.9449
vn 0.6850 0.2677 -0.6772
vn 0.6850 0.2677 -0.6772
vn 0.5748 0.5827 0.5827
vn -0.3465 -0.0315 0.9370
vn -0.3465 -0.0315 0.9370
vn -0.7638 0.4409 -0.4724
vn -0.7638 0.4409 -0.4724
vn -0.0157 -0.9528 -0.2992
vn -0.0157 -0.9528 -0.2992
vn -0.5984 -0.5512 -0.5827
vn -0.5984 -0.5512 -0.5827
vn -0.5984 -0.5512 -0.5827
vn -0.1654 -0.6850 -0.7087
vn -0.1654 -0.6850 -0.7087
vn -0.3071 0.1260 0.9449
vn -0.3071 0.1260 0.9449
vn -0.3071 0.1260 0.9449
vn -0.3071 0.1260 0.9449
vn 0.3780 0.5591 0.7402
vn 0.3780 0.5591 0.7402
vn -0.6457 0.2835 -0.7087
vn -0.6457 0.2835 -0.7087
vn -0.6457 0.2835 -0.7087
vn 0.1890 -0.8898 0.4094
vn 0.1890 -0.8898 0.4094
vn -0.2441 -0.2756 0.9291
vn -0.2441 -0.2756 0.9291
vn -0.2441 -0.2756 0.9291
vn -0.4016 -0.1496 0.9055
vn -0.4016 -0.1496 0.9055
vn 0.0709 -0.5906 -0.8031
vn 0.0709 -0.5906 -0.8031
vn 0.0709 -0.5906 -0.8031
vn 0.0000 0.0000 0.0000
vn 0.0000 0.0000 0.0000
vn -0.7874 -0.5906 -0.1732
vn -0.7874 -0.5906 -0.1732
vn -0.7874 -0.5906 -0.1732
vn -0.7874 -0.5906 -0.1732
vn -0.7874 -0.5906 -0.1732
vn 0.2047 -0.3543 -0.9134
vn 0.2047 -0.3543 -0.9134
vn 0.2047 -0.3543 -0.9134
vn -0.8189 -0.5512 0.1575
vn -0.8189 -0.5512 0.1575
vn -0.8189 -0.5512 0.1575
vn 0.7244 0.6772 -0.1102
vn 0.7244 0.6772 -0.1102
vn 0.7244 0.6772 -0.1102
vn 0.7323 -0.5433 0.4016
vn 0.7323 -0.5433 0.4016
vn 0.2362 -0.1969 0.9528
vn 0.2362 -0.1969 0.9528
vn 0.2362 -0.1969 0.9528
vn 0.2362 -0.1969 0.9528
vn 0.3780 -0.9134 -0.1181
vn -0.6929 -0.6693 -0.2756
vn -0.6929 -0.6693 -0.2756
vn -0.6929 -0.6693 -0.2756
vn -0.9921 -0.1181 0.0709
vn 0.2362 -0.1969 -0.9528
vn 0.2362 -0.1969 -0.9528
vn 0.7244 0.5748 0.3937
vn 0.5827 0.7087 0.4016
vn 0.5827 0.7087 0.4016
vn 0.0000 0.0000 0.0000
vn 0.0000 0.0000 0.0000
vn 0.1181 0.6063 0.7874
vn 0.1181 0.6063 0.7874
vn 0.1181 0.6063 0.7874
vn 0.4094 -0.3780 0.8268
vn 0.4094 -0.3780 0.8268
vn -0.8425 0.2913 0.4488
vn -0.8425 0.2913 0.4488
vn -0.8425 0.2913 0.4488
vn -0.8425 0.2913 0.4488
vn 0.5276 0.5984 0.6063
vn 0.5276 0.5984 0.6063
vn 0.9370 0.2677 0.2205
vn 0.9606 0.1102 0.2677
vn 0.9606 0.1102 0.2677
vn 0.9606 0.1102 0.2677
vn 0.5276 -0.8031 0.2756
vn 0.5276 -0.8031 0.2756
vn 0.5276 -0.8031 0.2756
vn 0.5276 -0.8031 0.2756
vn -0.6929 0.4803 -0.5433
vn -0.6929 0.4803 -0.5433
vn 0.6614 0.0945 0.7480
vn 0.6614 0.0945 0.7480
vn 0.6614 0.0945 0.7480
vn 0.6850 0.5827 0.4331
vn 0.6850 0.5827 0.4331
vn 0.8346 0.5512 0.0000
vn 0.8346 0.5512 0.0000
vn 0.5906 -0.6850 0.4252
vn 0.5906 -0.6850 0.4252
vn 0.0866 -0.1339 -0.9843
vn 0.0866 -0.1339 -0.9843
vn -0.8031 -0.1969 -0.5669
vn -0.8031 -0.1969 -0.5669
vn -0.8031 -0.1969 -0.5669
vn -0.4094 0.0551 0.9134
vn -0.4094 0.0551 0.9134
vn 0.9606 0.0630 -0.2756
vn 0.3465 0.2598 -0.9055
vn 0.3465 0.2598 -0.9055
vn 0.3465 0.2598 -0.9055
vn 0.8898 -0.1417 -0.4331
vn 0.5906 0.2441 0.7638
vn 0.5906 0.2441 0.7638
vn -0.0551 -0.2913 0.9528
vn -0.0551 -0.2913 0.9528
vn 0.9528 0.0236 0.2992
vn 0.9528 0.0236 0.2992
vn 0.3780 0.0472 -0.9213
vn 0.3780 0.0472 -0.9213
vn 0.3780 0.0472 -0.9213
vn 0.3780 0.0472 -0.9213
vn 0.3780 0.0472 -0.9213
vn 0.3780 0.0472 -0.9213
vn 0.8819 0.1024 0.4646
vn 0.8819 0.1024 0.4646
vn 0.6063 -0.3228 -0.7244
vn 0.6063 -0.3228 -0.7244
vn 0.7795 0.6299 0.0315
vn 0.7795 0.6299 0.0315
vn 0.3543 0.1339 -0.9291
vn 0.8031 0.3858 0.4567
vn 0.8031 0.3858 0.4567
vn 0.8031 0.3858 0.4567
vn 0.8031 0.3858 0.4567
vn 0.7165 0.3228 0.6220
vn 0.7165 0.3228 0.6220
vn 0.7953 0.5276 0.2992
vn 0.8740 -0.3937 0.2756
vn 0.8740 -0.3937 0.2756
vn 0.8740 -0.3937 0.2756
vn 0.8740 -0.3937 0.2756
vn 0.8740 -0.3937 0.2756
vn -0.5906 0.2126 -0.7795
vn -0.5906 0.2126 -0.7795
vn 0.1654 -0.2205 -0.9606
vn 0.1654 -0.2205 -0.9606
vn 0.1654 -0.2205 -0.9606
vn 0.5354 -0.3228 0.7795
vn 0.5354 -0.3228 0.7795
vn 0.6693 0.0079 -0.7480
vn 0.6693 0.0079 -0.7480
vn 0.2283 -0.2677 0.9370
vn 0.4803 -0.2126 -0.8504
vn 0.4803 -0.2126 -0.8504
vn 0.7717 -0.3465 0.5354
vn 0.7717 -0.3465 0.5354
vn 0.7717 -0.3465 0.5354
vn 0.6614 -0.0394 0.7480
vn 0.9055 0.4016 -0.1339
vn 0.9055 0.4016 -0.1339
vn 0.9606 0.0630 0.2598
vn 0.9606 0.0630 0.2598
vn 0.8583 0.5039 -0.0787
vn 0.8583 0.5039 -0.0787
vn 0.8976 0.4331 0.0157
vn 0.8976 0.4331 0.0157
vn 0.7480 -0.5984 0.2835
vn 0.7480 -0.5984 0.2835
vn 0.7480 -0.5984 0.2835
vn 0.8346 0.4567 0.3071
vn 0.5984 0.7953 -0.0551
vn 0.5984 0.7953 -0.0551
vn 0.5984 0.7953 -0.0551
vn 0.9134 0.0000 -0.4016
vn 0.9134 0.0000 -0.4016
vn 0.9134 0.0000 -0.4016
vn -0.3622 -0.5197 -0.7717
vn -0.3622 -0.5197 -0.7717
vn 0.9843 -0.1811 0.0236
vn 0.9843 -0.1811 0.0236
vn 0.9843 -0.1811 0.0236
vn 0.9843 -0.1811 0.0236
vn 0.9134 -0.3386 -0.2205
vn 0.9134 -0.3386 -0.2205
vn 0.9134 -0.3386 -0.2205
vn 0.9134 -0.3386 -0.2205
vn 0.9843 0.1575 -0.1024
vn 0.9843 0.1575 -0.1024
vn 0.8740 0.2205 0.4331
vn 0.8740 0.2205 0.4331
vn 0.9921 -0.1102 -0.0315
vn 0.9921 -0.1102 -0.0315
vn 0.9685 0.0000 0.2362
vn 0.9134 0.2598 -0.3071
vn 0.6457 -0.2441 -0.7244
vn 0.6457 -0.2441 -0.7244
vn 0.6142 0.3307 0.7165
vn 0.6142 0.3307 0.7165
vn 0.6142 0.3307 0.7165
usemtl goblin_scout
s 1
f 1/1/1 3/3/3 6/6/6
f 6/6/6 3/3/3 8/8/8
f 5/5/5 10/10/10 11/11/11
f 6/6/6 12/12/12 14/14/14
f 16/16/16 18/18/18 2/2/2
f 6/6/6 19/19/19 1/1/1
f 7/7/7 9/9/9 21/21/21
f 6/6/6 14/14/14 19/19/19
f 16/16/16 24/24/24 26/26/26
f 1/1/1 17/17/17 3/3/3
f 9/9/9 4/4/4 21/21/21
f 19/19/19 27/27/27 1/1/1
f 5/5/5 20/20/20 10/10/10
f 10/10/10 28/28/28 11/11/11
f 19/19/19 14/14/14 30/30/30
f 11/11/11 28/28/28 13/13/13
f 15/15/15 1/1/1 23/23/23
f 4/4/4 18/18/18 21/21/21
f 20/20/20 28/28/28 10/10/10
f 16/16/16 26/26/26 18/18/18
f 23/23/23 1/1/1 27/27/27
f 27/27/27 19/19/19 32/32/32
f 19/19/19 30/30/30 32/32/32
f 28/28/28 34/34/34 13/13/13
f 13/13/13 34/34/34 36/36/36
f 31/31/31 38/38/38 35/35/35
f 14/14/14 37/37/37 30/30/30
f 26/26/26 40/40/40 18/18/18
f 29/29/29 41/41/41 35/35/35
f 18/18/18 40/40/40 21/21/21
f 27/27/27 32/32/32 42/42/42
f 31/31/31 35/35/35 41/41/41
f 25/25/25 22/22/22 39/39/39
f 27/27/27 42/42/42 43/43/43
f 29/29/29 21/21/21 41/41/41
f 46/46/46 47/47/47 49/49/49
f 40/40/40 50/50/50 21/21/21
f 42/42/42 51/51/51 43/43/43
f 46/46/46 55/55/55 47/47/47
f 58/58/58 61/61/61 64/64/64
f 58/58/58 66/66/66 61/61/61
f 56/56/56 67/67/67 65/65/65
f 32/32/32 51/51/51 42/42/42
f 49/49/49 47/47/47 70/70/70
f 65/65/65 67/67/67 71/71/71
f 24/24/24 68/68/68 40/40/40
f 41/41/41 21/21/21 72/72/72
f 33/33/33 31/31/31 72/72/72
f 41/41/41 72/72/72 31/31/31
f 47/47/47 75/75/75 76/76/76
f 76/76/76 75/75/75 78/78/78
f 47/47/47 79/79/79 75/75/75
f 48/48/48 80/80/80 45/45/45
f 66/66/66 84/84/84 86/86/86
f 66/66/66 86/86/86 61/61/61
f 83/83/83 65/65/65 71/71/71
f 83/83/83 71/71/71 87/87/87
f 23/23/23 27/27/27 67/67/67
f 40/40/40 88/88/88 90/90/90
f 40/40/40 90/90/90 50/50/50
f 21/21/21 50/50/50 91/91/91
f 21/21/21 91/91/91 72/72/72
f 33/33/33 72/72/72 52/52/52
f 47/47/47 76/76/76 70/70/70
f 55/55/55 46/46/46 62/62/62
f 64/64/64 61/61/61 93/93/93
f 57/57/57 63/63/63 69/69/69
f 67/67/67 87/87/87 71/71/71
f 83/83/83 87/87/87 85/85/85
f 67/67/67 27/27/27 87/87/87
f 91/91/91 50/50/50 72/72/72
f 70/70/70 76/76/76 94/94/94
f 49/49/49 70/70/70 94/94/94
f 63/63/63 92/92/92 69/69/69
f 40/40/40 68/68/68 88/88/88
f 87/87/87 27/27/27 85/85/85
f 27/27/27 43/43/43 95/95/95
f 52/52/52 97/97/97 44/44/44
f 74/74/74 99/99/99 100/100/100
f 77/77/77 74/74/74 101/101/101
f 76/76/76 78/78/78 94/94/94
f 73/73/73 102/102/102 98/98/98
f 75/75/75 79/79/79 103/103/103
f 45/45/45 104/104/104 59/59/59
f 47/47/47 55/55/55 79/79/79
f 55/55/55 112/112/112 114/114/114
f 53/53/53 115/115/115 106/106/106
f 90/90/90 88/88/88 118/118/118
f 97/97/97 52/52/52 120/120/120
f 78/78/78 82/82/82 94/94/94
f 94/94/94 82/82/82 49/49/49
f 55/55/55 114/114/114 79/79/79
f 89/89/89 69/69/69 119/119/119
f 90/90/90 120/120/120 50/50/50
f 44/44/44 120/120/120 96/96/96
f 44/44/44 97/97/97 120/120/120
f 50/50/50 120/120/120 72/72/72
f 52/52/52 72/72/72 120/120/120
f 100/100/100 99/99/99 121/121/121
f 101/101/101 74/74/74 100/100/100
f 79/79/79 122/122/122 103/103/103
f 86/86/86 93/93/93 61/61/61
f 85/85/85 123/123/123 126/126/126
f 123/123/123 85/85/85 132/132/132
f 85/85/85 27/27/27 132/132/132
f 27/27/27 95/95/95 132/132/132
f 90/90/90 118/118/118 120/120/120
f 77/77/77 136/136/136 81/81/81
f 80/80/80 104/104/104 45/45/45
f 122/122/122 138/138/138 103/103/103
f 60/60/60 105/105/105 54/54/54
f 69/69/69 139/139/139 119/119/119
f 86/86/86 146/146/146 93/93/93
f 118/118/118 133/133/133 120/120/120
f 96/96/96 120/120/120 133/133/133
f 99/99/99 149/149/149 121/121/121
f 54/54/54 150/150/150 116/116/116
f 69/69/69 92/92/92 139/139/139
f 115/115/115 142/142/142 106/106/106
f 118/118/118 154/154/154 133/133/133
f 156/156/156 127/127/127 159/159/159
f 100/100/100 121/121/121 101/101/101
f 98/98/98 161/161/161 147/147/147
f 102/102/102 163/163/163 98/98/98
f 103/103/103 138/138/138 164/164/164
f 79/79/79 114/114/114 122/122/122
f 143/143/143 167/167/167 107/107/107
f 119/119/119 139/139/139 170/170/170
f 146/146/146 86/86/86 169/169/169
f 119/119/119 170/170/170 155/155/155
f 86/86/86 129/129/129 169/169/169
f 129/129/129 110/110/110 169/169/169
f 157/157/157 113/113/113 130/130/130
f 124/124/124 134/134/134 171/171/171
f 174/174/174 176/176/176 179/179/179
f 136/136/136 181/181/181 81/81/81
f 105/105/105 150/150/150 54/54/54
f 144/144/144 117/117/117 151/151/151
f 183/183/183 138/138/138 122/122/122
f 183/183/183 185/185/185 138/138/138
f 145/145/145 152/152/152 168/168/168
f 146/146/146 169/169/169 140/140/140
f 146/146/146 140/140/140 93/93/93
f 128/128/128 186/186/186 108/108/108
f 157/157/157 160/160/160 113/113/113
f 126/126/126 123/123/123 158/158/158
f 125/125/125 188/188/188 160/160/160
f 125/125/125 191/191/191 188/188/188
f 124/124/124 171/171/171 190/190/190
f 162/162/162 192/192/192 148/148/148
f 161/161/161 98/98/98 194/194/194
f 104/104/104 80/80/80 196/196/196
f 150/150/150 105/105/105 202/202/202
f 138/138/138 185/185/185 206/206/206
f 184/184/184 182/182/182 207/207/207
f 114/114/114 211/211/211 122/122/122
f 131/131/131 114/114/114 112/112/112
f 189/189/189 131/131/131 112/112/112
f 155/155/155 170/170/170 134/134/134
f 101/101/101 121/121/121 213/213/213
f 162/162/162 216/216/216 192/192/192
f 161/161/161 194/194/194 215/215/215
f 77/77/77 217/217/217 136/136/136
f 98/98/98 163/163/163 194/194/194
f 104/104/104 196/196/196 201/201/201
f 219/219/219 138/138/138 206/206/206
f 206/206/206 185/185/185 208/208/208
f 183/183/183 221/221/221 208/208/208
f 111/111/111 224/224/224 188/188/188
f 170/170/170 139/139/139 171/171/171
f 187/187/187 223/223/223 109/109/109
f 170/170/170 171/171/171 134/134/134
f 160/160/160 188/188/188 113/113/113
f 179/179/179 176/176/176 226/226/226
f 173/173/173 178/178/178 227/227/227
f 149/149/149 230/230/230 121/121/121
f 101/101/101 213/213/213 77/77/77
f 232/232/232 153/153/153 203/203/203
f 153/153/153 232/232/232 140/140/140
f 153/153/153 140/140/140 169/169/169
f 208/208/208 237/237/237 206/206/206
f 183/183/183 122/122/122 221/221/221
f 221/221/221 239/239/239 208/208/208
f 188/188/188 224/224/224 113/113/113
f 191/191/191 224/224/224 188/188/188
f 227/227/227 178/178/178 241/241/241
f 216/216/216 243/243/243 192/192/192
f 77/77/77 213/213/213 217/217/217
f 171/171/171 139/139/139 222/222/222
f 113/113/113 244/244/244 209/209/209
f 122/122/122 211/211/211 221/221/221
f 221/221/221 249/249/249 239/239/239
f 241/241/241 178/178/178 225/225/225
f 175/175/175 229/229/229 251/251/251
f 252/252/252 256/256/256 258/258/258
f 243/243/243 256/256/256 252/252/252
f 215/215/215 194/194/194 260/260/260
f 180/180/180 135/135/135 264/264/264
f 80/80/80 263/263/263 196/196/196
f 138/138/138 219/219/219 267/267/267
f 138/138/138 267/267/267 164/164/164
f 206/206/206 269/269/269 219/219/219
f 224/224/224 141/141/141 272/272/272
f 206/206/206 237/237/237 275/275/275
f 224/224/224 272/272/272 113/113/113
f 208/208/208 239/239/239 237/237/237
f 221/221/221 277/277/277 249/249/249
f 276/276/276 220/220/220 247/247/247
f 221/221/221 211/211/211 249/249/249
f 172/172/172 224/224/224 191/191/191
f 241/241/241 225/225/225 278/278/278
f 192/192/192 243/243/243 280/280/280
f 121/121/121 230/230/230 213/213/213
f 193/193/193 281/281/281 149/149/149
f 149/149/149 281/281/281 230/230/230
f 215/215/215 260/260/260 242/242/242
f 137/137/137 218/218/218 266/266/266
f 181/181/181 265/265/265 81/81/81
f 233/233/233 204/204/204 197/197/197
f 206/206/206 275/275/275 283/283/283
f 272/272/272 141/141/141 235/235/235
f 246/246/246 286/286/286 212/212/212
f 113/113/113 272/272/272 244/244/244
f 248/248/248 236/236/236 238/238/238
f 287/287/287 240/240/240 289/289/289
f 288/288/288 290/290/290 241/241/241
f 252/252/252 291/291/291 243/243/243
f 243/243/243 295/295/295 280/280/280
f 256/256/256 243/243/243 261/261/261
f 297/297/297 195/195/195 298/298/298
f 205/205/205 300/300/300 301/301/301
f 301/301/301 302/302/302 303/303/303
f 283/283/283 269/269/269 206/206/206
f 282/282/282 274/274/274 305/305/305
f 210/210/210 285/285/285 248/248/248
f 290/290/290 241/241/241 308/308/308
f 227/227/227 241/241/241 290/290/290
f 281/281/281 296/296/296 230/230/230
f 218/218/218 310/310/310 266/266/266
f 195/195/195 311/311/311 312/312/312
f 195/195/195 297/297/297 311/311/311
f 266/266/266 310/310/310 313/313/313
f 165/165/165 314/314/314 195/195/195
f 297/297/297 298/298/298 316/316/316
f 268/268/268 317/317/317 166/166/166
f 263/263/263 318/318/318 196/196/196
f 267/267/267 219/219/219 269/269/269
f 302/302/302 310/310/310 298/298/298
f 302/302/302 301/301/301 313/313/313
f 302/302/302 313/313/313 310/310/310
f 275/275/275 324/324/324 327/327/327
f 275/275/275 237/237/237 324/324/324
f 241/241/241 278/278/278 308/308/308
f 226/226/226 176/176/176 328/328/328
f 175/175/175 251/251/251 329/329/329
f 195/195/195 312/312/312 262/262/262
f 218/218/218 214/214/214 310/310/310
f 311/311/311 316/316/316 214/214/214
f 297/297/297 316/316/316 311/311/311
f 195/195/195 314/314/314 298/298/298
f 330/330/330 335/335/335 319/319/319
f 322/322/322 266/266/266 313/313/313
f 315/315/315 166/166/166 317/317/317
f 300/300/300 313/313/313 301/301/301
f 300/300/300 322/322/322 313/313/313
f 320/320/320 299/299/299 331/331/331
f 198/198/198 321/321/321 336/336/336
f 298/298/298 342/342/342 302/302/302
f 199/199/199 345/345/345 234/234/234
f 301/301/301 349/349/349 205/205/205
f 301/301/301 303/303/303 349/349/349
f 275/275/275 350/350/350 306/306/306
f 273/273/273 303/303/303 245/245/245
f 246/246/246 304/304/304 286/286/286
f 275/275/275 327/327/327 352/352/352
f 175/175/175 329/329/329 177/177/177
f 293/293/293 254/254/254 354/354/354
f 295/295/295 243/243/243 291/291/291
f 296/296/296 356/356/356 230/230/230
f 214/214/214 316/316/316 310/310/310
f 298/298/298 314/314/314 342/342/342
f 298/298/298 310/310/310 316/316/316
f 332/332/332 358/358/358 337/337/337
f 268/268/268 361/361/361 317/317/317
f 268/268/268 271/271/271 361/361/361
f 200/200/200 338/338/338 346/346/346
f 300/300/300 205/205/205 349/349/349
f 235/235/235 347/347/347 362/362/362
f 235/235/235 362/362/362 272/272/272
f 327/327/327 364/364/364 352/352/352
f 248/248/248 365/365/365 236/236/236
f 259/259/259 257/257/257 367/367/367
f 348/348/348 339/339/339 369/369/369
f 303/303/303 302/302/302 342/342/342
f 303/303/303 342/342/342 371/371/371
f 352/352/352 350/350/350 275/275/275
f 279/279/279 226/226/226 309/309/309
f 228/228/228 374/374/374 250/250/250
f 253/253/253 375/375/375 353/353/353
f 296/296/296 292/292/292 356/356/356
f 262/262/262 377/377/377 378/378/378
f 262/262/262 380/380/380 377/377/377
f 357/357/357 312/312/312 231/231/231
f 312/312/312 357/357/357 262/262/262
f 312/312/312 311/311/311 231/231/231
f 214/214/214 231/231/231 311/311/311
f 359/359/359 333/333/333 340/340/340
f 341/341/341 334/334/334 300/300/300
f 349/349/349 363/363/363 300/300/300
f 303/303/303 273/273/273 349/349/349
f 273/273/273 363/363/363 349/349/349
f 381/381/381 352/352/352 364/364/364
f 236/236/236 365/365/365 323/323/323
f 327/327/327 382/382/382 364/364/364
f 327/327/327 324/324/324 382/382/382
f 381/381/381 364/364/364 384/384/384
f 386/386/386 364/364/364 382/382/382
f 386/386/386 384/384/384 364/364/364
f 290/290/290 308/308/308 388/388/388
f 227/227/227 290/290/290 388/388/388
f 255/255/255 259/259/259 389/389/389
f 255/255/255 389/389/389 376/376/376
f 262/262/262 357/357/357 380/380/380
f 341/341/341 300/300/300 370/370/370
f 300/300/300 363/363/363 370/370/370
f 347/347/347 368/368/368 362/362/362
f 343/343/343 391/391/391 392/392/392
f 343/343/343 392/392/392 372/372/372
f 372/372/372 393/393/393 304/304/304
f 304/304/304 393/393/393 286/286/286
f 381/381/381 350/350/350 352/352/352
f 324/324/324 394/394/394 382/382/382
f 381/381/381 384/384/384 396/396/396
f 226/226/226 328/328/328 309/309/309
f 227/227/227 399/399/399 373/373/373
f 367/367/367 257/257/257 378/378/378
f 262/262/262 378/378/378 257/257/257
f 377/377/377 380/380/380 378/378/378
f 317/317/317 402/402/402 315/315/315
f 317/317/317 361/361/361 402/402/402
f 315/315/315 404/404/404 344/344/344
f 284/284/284 405/405/405 271/271/271
f 343/343/343 403/403/403 372/372/372
f 390/390/390 342/342/342 371/371/371
f 391/391/391 372/372/372 392/392/392
f 351/351/351 406/406/406 307/307/307
f 381/381/381 407/407/407 350/350/350
f 286/286/286 393/393/393 410/410/410
f 386/386/386 382/382/382 411/411/411
f 387/387/387 413/413/413 385/385/385
f 227/227/227 388/388/388 399/399/399
f 357/357/357 294/294/294 380/380/380
f 293/293/293 354/354/354 379/379/379
f 270/270/270 401/401/401 360/360/360
f 402/402/402 271/271/271 405/405/405
f 393/393/393 372/372/372 403/403/403
f 381/381/381 415/415/415 407/407/407
f 418/418/418 248/248/248 285/285/285
f 396/396/396 415/415/415 381/381/381
f 326/326/326 366/366/366 420/420/420
f 398/398/398 422/422/422 423/423/423
f 397/397/397 385/385/385 421/421/421
f 382/382/382 324/324/324 411/411/411
f 259/259/259 367/367/367 389/389/389
f 315/315/315 402/402/402 404/404/404
f 404/404/404 402/402/402 425/425/425
f 307/307/307 405/405/405 284/284/284
f 285/285/285 409/409/409 418/418/418
f 383/383/383 395/395/395 325/325/325
f 385/385/385 413/413/413 421/421/421
f 427/427/427 309/309/309 328/328/328
f 308/308/308 428/428/428 388/388/388
f 399/399/399 388/388/388 430/430/430
f 355/355/355 378/378/378 380/380/380
f 355/355/355 376/376/376 378/378/378
f 402/402/402 405/405/405 434/434/434
f 351/351/351 408/408/408 406/406/406
f 408/408/408 416/416/416 435/435/435
f 248/248/248 418/418/418 365/365/365
f 398/398/398 423/423/423 417/417/417
f 324/324/324 437/437/437 411/411/411
f 426/426/426 439/439/439 308/308/308
f 308/308/308 439/439/439 428/428/428
f 388/388/388 428/428/428 430/430/430
f 328/328/328 176/176/176 442/442/442
f 443/443/443 445/445/445 446/446/446
f 389/389/389 367/367/367 376/376/376
f 376/376/376 367/367/367 378/378/378
f 307/307/307 406/406/406 449/449/449
f 402/402/402 434/434/434 425/425/425
f 393/393/393 403/403/403 410/410/410
f 326/326/326 420/420/420 450/450/450
f 422/422/422 453/453/453 423/423/423
f 326/326/326 450/450/450 438/438/438
f 399/399/399 454/454/454 373/373/373
f 419/419/419 410/410/410 424/424/424
f 424/424/424 410/410/410 403/403/403
f 423/423/423 436/436/436 417/417/417
f 366/366/366 457/457/457 420/420/420
f 420/420/420 457/457/457 450/450/450
f 438/438/438 450/450/450 412/412/412
f 421/421/421 413/413/413 459/459/459
f 421/421/421 461/461/461 452/452/452
f 421/421/421 459/459/459 461/461/461
f 250/250/250 374/374/374 462/462/462
f 405/405/405 464/464/464 434/434/434
f 307/307/307 449/449/449 405/405/405
f 464/464/464 466/466/466 434/434/434
f 424/424/424 433/433/433 419/419/419
f 408/408/408 435/435/435 406/406/406
f 366/366/366 419/419/419 457/457/457
f 423/423/423 453/453/453 469/469/469
f 455/455/455 470/470/470 374/374/374
f 251/251/251 463/463/463 329/329/329
f 405/405/405 449/449/449 471/471/471
f 405/405/405 471/471/471 464/464/464
f 419/419/419 433/433/433 465/465/465
f 406/406/406 435/435/435 472/472/472
f 451/451/451 458/458/458 475/475/475
f 429/429/429 477/477/477 431/431/431
f 374/374/374 470/470/470 462/462/462
f 464/464/464 471/471/471 466/466/466
f 479/479/479 406/406/406 472/472/472
f 419/419/419 465/465/465 457/457/457
f 451/451/451 475/475/475 414/414/414
f 452/452/452 461/461/461 467/467/467
f 483/483/483 486/486/486 488/488/488
f 459/459/459 413/413/413 474/474/474
f 461/461/461 459/459/459 490/490/490
f 439/439/439 492/492/492 428/428/428
f 400/400/400 432/432/432 497/497/497
f 446/446/446 445/445/445 498/498/498
f 484/484/484 489/489/489 501/501/501
f 443/443/443 446/446/446 487/487/487
f 471/471/471 504/504/504 466/466/466
f 473/473/473 436/436/436 481/481/481
f 423/423/423 469/469/469 506/506/506
f 467/467/467 461/461/461 507/507/507
f 427/427/427 328/328/328 510/510/510
f 328/328/328 442/442/442 510/510/510
f 432/432/432 478/478/478 497/497/497
f 485/485/485 482/482/482 511/511/511
f 445/445/445 443/443/443 512/512/512
f 479/479/479 514/514/514 406/406/406
f 406/406/406 514/514/514 449/449/449
f 465/465/465 502/502/502 457/457/457
f 423/423/423 506/506/506 436/436/436
f 460/460/460 476/476/476 515/515/515
f 459/459/459 516/516/516 490/490/490
f 461/461/461 490/490/490 507/507/507
f 427/427/427 510/510/510 441/441/441
f 429/429/429 496/496/496 477/477/477
f 442/442/442 519/519/519 510/510/510
f 456/456/456 400/400/400 497/497/497
f 176/176/176 520/520/520 442/442/442
f 447/447/447 523/523/523 489/489/489
f 444/444/444 524/524/524 513/513/513
f 470/470/470 525/525/525 462/462/462
f 177/177/177 329/329/329 527/527/527
f 482/482/482 500/500/500 511/511/511
f 489/489/489 523/523/523 501/501/501
f 512/512/512 528/528/528 445/445/445
f 486/486/486 531/531/531 488/488/488
f 449/449/449 504/504/504 471/471/471
f 475/475/475 458/458/458 532/532/532
f 468/468/468 508/508/508 536/536/536
f 440/440/440 509/509/509 493/493/493
f 456/456/456 538/538/538 540/540/540
f 456/456/456 497/497/497 538/538/538
f 177/177/177 527/527/527 521/521/521
f 447/447/447 499/499/499 523/523/523
f 524/524/524 529/529/529 513/513/513
f 485/485/485 511/511/511 530/530/530
f 444/444/444 488/488/488 524/524/524
f 514/514/514 479/479/479 533/533/533
f 449/449/449 514/514/514 533/533/533
f 448/448/448 532/532/532 503/503/503
f 458/458/458 503/503/503 532/532/532
f 542/542/542 535/535/535 544/544/544
f 475/475/475 532/532/532 541/541/541
f 460/460/460 515/515/515 518/518/518
f 537/537/537 506/506/506 469/469/469
f 494/494/494 545/545/545 547/547/547
f 549/549/549 495/495/495 548/548/548
f 477/477/477 496/496/496 552/552/552
f 455/455/455 554/554/554 470/470/470
f 329/329/329 463/463/463 527/527/527
f 445/445/445 528/528/528 498/498/498
f 488/488/488 531/531/531 558/558/558
f 488/488/488 558/558/558 524/524/524
f 436/436/436 560/560/560 481/481/481
f 506/506/506 560/560/560 436/436/436
f 476/476/476 542/542/542 518/518/518
f 495/495/495 510/510/510 546/546/546
f 456/456/456 540/540/540 556/556/556
f 497/497/497 561/561/561 538/538/538
f 470/470/470 554/554/554 525/525/525
f 519/519/519 442/442/442 520/520/520
f 511/511/511 500/500/500 562/562/562
f 528/528/528 564/564/564 498/498/498
f 480/480/480 559/559/559 569/569/569
f 533/533/533 479/479/479 568/568/568
f 534/534/534 569/569/569 543/543/543
f 515/515/515 476/476/476 518/518/518
f 546/546/546 510/510/510 548/548/548
f 526/526/526 570/570/570 463/463/463
f 501/501/501 573/573/573 563/563/563
f 530/530/530 511/511/511 574/574/574
f 511/511/511 562/562/562 574/574/574
f 524/524/524 558/558/558 529/529/529
f 506/506/506 537/537/537 577/577/577
f 491/491/491 578/578/578 508/508/508
f 550/550/550 579/579/579 496/496/496
f 496/496/496 579/579/579 552/552/552
f 553/553/553 497/497/497 478/478/478
f 528/528/528 581/581/581 564/564/564
f 491/491/491 517/517/517 584/584/584
f 587/587/587 589/589/589 591/591/591
f 593/593/593 594/594/594 596/596/596
f 549/549/549 548/548/548 598/598/598
f 579/579/579 550/550/550 601/601/601
f 510/510/510 603/603/603 548/548/548
f 527/527/527 463/463/463 606/606/606
f 562/562/562 571/571/571 574/574/574
f 529/529/529 609/609/609 583/583/583
f 531/531/531 575/575/575 558/558/558
f 529/529/529 558/558/558 610/610/610
f 542/542/542 544/544/544 612/612/612
f 518/518/518 542/542/542 612/612/612
f 505/505/505 576/576/576 613/613/613
f 491/491/491 584/584/584 616/616/616
f 491/491/491 616/616/616 578/578/578
f 595/595/595 618/618/618 620/620/620
f 595/595/595 620/620/620 597/597/597
f 551/551/551 600/600/600 602/602/602
f 510/510/510 519/519/519 603/603/603
f 561/561/561 497/497/497 621/621/621
f 570/570/570 623/623/623 463/463/463
f 499/499/499 567/567/567 627/627/627
f 501/501/501 523/523/523 573/573/573
f 558/558/558 628/628/628 610/610/610
f 629/629/629 631/631/631 632/632/632
f 630/630/630 633/633/633 634/634/634
f 636/636/636 638/638/638 537/537/537
f 536/536/536 508/508/508 578/578/578
f 639/639/639 590/590/590 642/642/642
f 618/618/618 595/595/595 587/587/587
f 597/597/597 620/620/620 645/645/645
f 540/540/540 646/646/646 556/556/556
f 561/561/561 621/621/621 538/538/538
f 520/520/520 648/648/648 519/519/519
f 521/521/521 527/527/527 652/652/652
f 582/582/582 608/608/608 565/565/565
f 575/575/575 572/572/572 654/654/654
f 572/572/572 655/655/655 654/654/654
f 629/629/629 657/657/657 631/631/631
f 630/630/630 634/634/634 658/658/658
f 518/518/518 612/612/612 585/585/585
f 589/589/589 578/578/578 616/616/616
f 593/593/593 596/596/596 659/659/659
f 618/618/618 587/587/587 591/591/591
f 661/661/661 663/663/663 665/665/665
f 661/661/661 667/667/667 670/670/670
f 497/497/497 553/553/553 621/621/621
f 527/527/527 606/606/606 652/652/652
f 627/627/627 671/671/671 499/499/499
f 523/523/523 499/499/499 672/672/672
f 655/655/655 673/673/673 676/676/676
f 575/575/575 678/678/678 558/558/558
f 529/529/529 680/680/680 609/609/609
f 610/610/610 680/680/680 529/529/529
f 681/681/681 682/682/682 683/683/683
f 657/657/657 684/684/684 631/631/631
f 629/629/629 684/684/684 657/657/657
f 560/560/560 506/506/506 686/686/686
f 543/543/543 569/569/569 611/611/611
f 585/585/585 612/612/612 688/688/688
f 577/577/577 537/537/537 689/689/689
f 537/537/537 638/638/638 689/689/689
f 584/584/584 687/687/687 616/616/616
f 635/635/635 690/690/690 637/637/637
f 589/589/589 616/616/616 695/695/695
f 661/661/661 665/665/665 667/667/667
f 698/698/698 670/670/670 700/700/700
f 703/703/703 704/704/704 670/670/670
f 548/548/548 603/603/603 598/598/598
f 705/705/705 706/706/706 707/707/707
f 519/519/519 648/648/648 603/603/603
f 540/540/540 538/538/538 621/621/621
f 709/709/709 706/706/706 710/710/710
f 711/711/711 713/713/713 709/709/709
f 572/572/572 522/522/522 655/655/655
f 566/566/566 715/715/715 716/716/716
f 609/609/609 715/715/715 566/566/566
f 655/655/655 676/676/676 654/654/654
f 609/609/609 718/718/718 715/715/715
f 558/558/558 678/678/678 628/628/628
f 682/682/682 719/719/719 683/683/683
f 721/721/721 723/723/723 682/682/682
f 721/721/721 682/682/682 681/681/681
f 721/721/721 724/724/724 723/723/723
f 631/631/631 721/721/721 632/632/632
f 725/725/725 730/730/730 735/735/735
f 736/736/736 731/731/731 726/726/726
f 559/559/559 685/685/685 569/569/569
f 506/506/506 614/614/614 686/686/686
f 617/617/617 688/688/688 738/738/738
f 615/615/615 737/737/737 692/692/692
f 640/640/640 643/643/643 592/592/592
f 594/594/594 593/593/593 739/739/739
f 586/586/586 594/594/594 739/739/739
f 644/644/644 741/741/741 596/596/596
f 644/644/644 745/745/745 741/741/741
f 645/645/645 620/620/620 747/747/747
f 618/618/618 749/749/749 620/620/620
f 620/620/620 750/750/750 747/747/747
f 749/749/749 750/750/750 620/620/620
f 664/664/664 662/662/662 752/752/752
f 753/753/753 755/755/755 756/756/756
f 661/661/661 670/670/670 758/758/758
f 700/700/700 759/759/759 698/698/698
f 762/762/762 759/759/759 700/700/700
f 702/702/702 668/668/668 666/666/666
f 762/762/762 707/707/707 759/759/759
f 700/700/700 670/670/670 764/764/764
f 670/670/670 704/704/704 764/764/764
f 762/762/762 765/765/765 707/707/707
f 703/703/703 764/764/764 704/704/704
f 703/703/703 667/667/667 764/764/764
f 700/700/700 764/764/764 707/707/707
f 707/707/707 764/764/764 705/705/705
f 602/602/602 769/769/769 580/580/580
f 706/706/706 705/705/705 770/770/770
f 646/646/646 540/540/540 772/772/772
f 526/526/526 555/555/555 712/712/712
f 706/706/706 709/709/709 557/557/557
f 520/520/520 651/651/651 648/648/648
f 526/526/526 712/712/712 570/570/570
f 463/463/463 623/623/623 606/606/606
f 709/709/709 710/710/710 775/775/775
f 776/776/776 775/775/775 710/710/710
f 709/709/709 778/778/778 711/711/711
f 780/780/780 775/775/775 776/776/776
f 499/499/499 671/671/671 672/672/672
f 627/627/627 567/567/567 717/717/717
f 575/575/575 654/654/654 781/781/781
f 575/575/575 781/781/781 678/678/678
f 609/609/609 680/680/680 718/718/718
f 683/683/683 782/782/782 681/681/681
f 681/681/681 782/782/782 784/784/784
f 721/721/721 681/681/681 786/786/786
f 723/723/723 724/724/724 682/682/682
f 721/721/721 631/631/631 724/724/724
f 726/726/726 731/731/731 788/788/788
f 629/629/629 789/789/789 684/684/684
f 689/689/689 638/638/638 791/791/791
f 536/536/536 792/792/792 635/635/635
f 635/635/635 792/792/792 690/690/690
f 536/536/536 578/578/578 792/792/792
f 642/642/642 694/694/694 793/793/793
f 695/695/695 591/591/591 589/589/589
f 641/641/641 795/795/795 693/693/693
f 798/798/798 800/800/800 803/803/803
f 596/596/596 804/804/804 659/659/659
f 659/659/659 804/804/804 593/593/593
f 593/593/593 804/804/804 739/739/739
f 596/596/596 741/741/741 804/804/804
f 746/746/746 801/801/801 742/742/742
f 801/801/801 746/746/746 797/797/797
f 618/618/618 806/806/806 749/749/749
f 749/749/749 755/755/755 750/750/750
f 662/662/662 808/808/808 752/752/752
f 749/749/749 809/809/809 755/755/755
f 756/756/756 755/755/755 809/809/809
f 759/759/759 810/810/810 812/812/812
f 699/699/699 815/815/815 761/761/761
f 759/759/759 818/818/818 810/810/810
f 667/667/667 665/665/665 821/821/821
f 707/707/707 818/818/818 759/759/759
f 705/705/705 764/764/764 667/667/667
f 667/667/667 823/823/823 770/770/770
f 770/770/770 705/705/705 667/667/667
f 707/707/707 706/706/706 825/825/825
f 539/539/539 826/826/826 771/771/771
f 579/579/579 828/828/828 552/552/552
f 706/706/706 770/770/770 710/710/710
f 709/709/709 713/713/713 557/557/557
f 623/623/623 570/570/570 712/712/712
f 776/776/776 832/832/832 780/780/780
f 833/833/833 834/834/834 711/711/711
f 711/711/711 778/778/778 833/833/833
f 709/709/709 775/775/775 778/778/778
f 779/779/779 831/831/831 774/774/774
f 775/775/775 832/832/832 778/778/778
f 656/656/656 523/523/523 835/835/835
f 656/656/656 835/835/835 674/674/674
f 677/677/677 675/675/675 837/837/837
f 676/676/676 836/836/836 654/654/654
f 718/718/718 680/680/680 715/715/715
f 628/628/628 678/678/678 839/839/839
f 610/610/610 628/628/628 680/680/680
f 683/683/683 840/840/840 782/782/782
f 719/719/719 841/841/841 683/683/683
f 682/682/682 843/843/843 719/719/719
f 632/632/632 721/721/721 845/845/845
f 631/631/631 849/849/849 724/724/724
f 633/633/633 848/848/848 852/852/852
f 633/633/633 852/852/852 634/634/634
f 726/726/726 788/788/788 853/853/853
f 613/613/613 576/576/576 685/685/685
f 689/689/689 791/791/791 577/577/577
f 791/791/791 638/638/638 857/857/857
f 794/794/794 858/858/858 643/643/643
f 796/796/796 642/642/642 694/694/694
f 642/642/642 590/590/590 694/694/694
f 859/859/859 862/862/862 865/865/865
f 743/743/743 868/868/868 805/805/805
f 619/619/619 592/592/592 807/807/807
f 663/663/663 864/864/864 861/861/861
f 798/798/798 748/748/748 800/800/800
f 663/663/663 661/661/661 864/864/864
f 660/660/660 866/866/866 863/863/863
f 863/863/863 866/866/866 870/870/870
f 661/661/661 871/871/871 867/867/867
f 662/662/662 860/860/860 808/808/808
f 661/661/661 758/758/758 871/871/871
f 749/749/749 872/872/872 809/809/809
f 697/697/697 875/875/875 814/814/814
f 756/756/756 809/809/809 872/872/872
f 753/753/753 877/877/877 879/879/879
f 753/753/753 756/756/756 877/877/877
f 698/698/698 759/759/759 876/876/876
f 820/820/820 664/664/664 752/752/752
f 819/819/819 751/751/751 880/880/880
f 708/708/708 766/766/766 884/884/884
f 667/667/667 821/821/821 823/823/823
f 707/707/707 825/825/825 818/818/818
f 706/706/706 557/557/557 825/825/825
f 540/540/540 621/621/621 827/827/827
f 885/885/885 710/710/710 770/770/770
f 710/710/710 885/885/885 776/776/776
f 886/886/886 653/653/653 607/607/607
f 888/888/888 653/653/653 886/886/886
f 607/607/607 624/624/624 834/834/834
f 711/711/711 834/834/834 713/713/713
f 834/834/834 886/886/886 607/607/607
f 833/833/833 778/778/778 890/890/890
f 523/523/523 672/672/672 835/835/835
f 715/715/715 626/626/626 716/716/716
f 714/714/714 891/891/891 625/625/625
f 715/715/715 896/896/896 893/893/893
f 715/715/715 680/680/680 896/896/896
f 680/680/680 898/898/898 896/896/896
f 680/680/680 628/628/628 839/839/839
f 679/679/679 838/838/838 900/900/900
f 782/782/782 840/840/840 897/897/897
f 683/683/683 902/902/902 840/840/840
f 681/681/681 784/784/784 786/786/786
f 844/844/844 904/904/904 720/720/720
f 722/722/722 787/787/787 847/847/847
f 631/631/631 905/905/905 849/849/849
f 658/658/658 908/908/908 630/630/630
f 631/631/631 684/684/684 788/788/788
f 733/733/733 729/729/729 909/909/909
f 788/788/788 911/911/911 853/853/853
f 793/793/793 912/912/912 914/914/914
f 589/589/589 916/916/916 578/578/578
f 578/578/578 916/916/916 805/805/805
f 586/586/586 739/739/739 588/588/588
f 744/744/744 802/802/802 869/869/869
f 860/860/860 866/866/866 808/808/808
f 808/808/808 866/866/866 870/870/870
f 747/747/747 750/750/750 753/753/753
f 750/750/750 755/755/755 753/753/753
f 749/749/749 806/806/806 872/872/872
f 879/879/879 917/917/917 753/753/753
f 759/759/759 812/812/812 876/876/876
f 669/669/669 697/697/697 814/814/814
f 699/699/699 883/883/883 815/815/815
f 766/766/766 763/763/763 921/921/921
f 923/923/923 924/924/924 928/928/928
f 818/818/818 930/930/930 810/810/810
f 701/701/701 708/708/708 884/884/884
f 922/922/922 927/927/927 931/931/931
f 766/766/766 921/921/921 884/884/884
f 605/605/605 933/933/933 931/931/931
f 930/930/930 818/818/818 936/936/936
f 819/819/819 880/880/880 822/822/822
f 931/931/931 927/927/927 605/605/605
f 927/927/927 818/818/818 605/605/605
f 818/818/818 825/825/825 769/769/769
f 885/885/885 770/770/770 823/823/823
f 823/823/823 938/938/938 885/885/885
f 940/940/940 605/605/605 650/650/650
f 621/621/621 553/553/553 829/829/829
f 888/888/888 650/650/650 653/653/653
f 834/834/834 624/624/624 713/713/713
f 886/886/886 942/942/942 888/888/888
f 886/886/886 834/834/834 942/942/942
f 834/834/834 890/890/890 942/942/942
f 834/834/834 833/833/833 890/890/890
f 777/777/777 943/943/943 889/889/889
f 625/625/625 891/891/891 945/945/945
f 840/840/840 895/895/895 897/897/897
f 899/899/899 948/948/948 783/783/783
f 902/902/902 683/683/683 949/949/949
f 683/683/683 950/950/950 949/949/949
f 785/785/785 783/783/783 948/948/948
f 683/683/683 841/841/841 950/950/950
f 719/719/719 903/903/903 841/841/841
f 634/634/634 852/852/852 908/908/908
f 658/658/658 634/634/634 908/908/908
f 631/631/631 788/788/788 905/905/905
f 684/684/684 789/789/789 911/911/911
f 685/685/685 611/611/611 569/569/569
f 790/790/790 856/856/856 576/576/576
f 688/688/688 612/612/612 952/952/952
f 794/794/794 915/915/915 858/858/858
f 792/792/792 953/953/953 690/690/690
f 643/643/643 858/858/858 592/592/592
f 578/578/578 805/805/805 792/792/792
f 802/802/802 799/799/799 869/869/869
f 870/870/870 757/757/757 808/808/808
f 808/808/808 757/757/757 752/752/752
f 872/872/872 877/877/877 756/756/756
f 670/670/670 816/816/816 758/758/758
f 810/810/810 957/957/957 812/812/812
f 930/930/930 957/957/957 810/810/810
f 760/760/760 813/813/813 919/919/919
f 922/922/922 933/933/933 958/958/958
f 931/931/931 933/933/933 922/922/922
f 936/936/936 818/818/818 927/927/927
f 604/604/604 817/817/817 599/599/599
f 818/818/818 602/602/602 600/600/600
f 605/605/605 940/940/940 933/933/933
f 579/579/579 960/960/960 828/828/828
f 885/885/885 964/964/964 965/965/965
f 649/649/649 932/932/932 939/939/939
f 827/827/827 621/621/621 772/772/772
f 650/650/650 967/967/967 933/933/933
f 888/888/888 967/967/967 650/650/650
f 885/885/885 965/965/965 776/776/776
f 887/887/887 941/941/941 966/966/966
f 944/944/944 942/942/942 890/890/890
f 944/944/944 778/778/778 968/968/968
f 781/781/781 654/654/654 836/836/836
f 678/678/678 781/781/781 839/839/839
f 895/895/895 840/840/840 892/892/892
f 680/680/680 901/901/901 898/898/898
f 902/902/902 949/949/949 840/840/840
f 949/949/949 969/969/969 840/840/840
f 724/724/724 843/843/843 682/682/682
f 724/724/724 849/849/849 971/971/971
f 905/905/905 974/974/974 849/849/849
f 734/734/734 910/910/910 978/978/978
f 630/630/630 908/908/908 980/980/980
f 911/911/911 788/788/788 684/684/684
f 576/576/576 856/856/856 685/685/685
f 612/612/612 982/982/982 984/984/984
f 688/688/688 952/952/952 738/738/738
f 696/696/696 738/738/738 952/952/952
f 915/915/915 913/913/913 858/858/858
f 793/793/793 694/694/694 912/912/912
f 792/792/792 868/868/868 953/953/953
f 740/740/740 916/916/916 589/589/589
f 792/792/792 805/805/805 868/868/868
f 592/592/592 985/985/985 807/807/807
f 799/799/799 986/986/986 869/869/869
f 748/748/748 989/989/989 800/800/800
f 748/748/748 754/754/754 989/989/989
f 917/917/917 988/988/988 753/753/753
f 757/757/757 815/815/815 883/883/883
f 752/752/752 757/757/757 883/883/883
f 991/991/991 752/752/752 883/883/883
f 881/881/881 752/752/752 991/991/991
f 925/925/925 993/993/993 935/935/935
f 822/822/822 880/880/880 937/937/937
f 938/938/938 882/882/882 964/964/964
f 557/557/557 647/647/647 825/825/825
f 885/885/885 938/938/938 964/964/964
f 830/830/830 961/961/961 994/994/994
f 776/776/776 965/965/965 995/995/995
f 996/996/996 776/776/776 995/995/995
f 944/944/944 967/967/967 942/942/942
f 944/944/944 997/997/997 967/967/967
f 776/776/776 996/996/996 832/832/832
f 944/944/944 998/998/998 997/997/997
f 778/778/778 832/832/832 1000/1000/1000
f 778/778/778 1000/1000/1000 968/968/968
f 944/944/944 1001/1001/1001 998/998/998
f 944/944/944 968/968/968 1001/1001/1001
f 674/674/674 835/835/835 1002/1002/1002
f 946/946/946 1004/1004/1004 627/627/627
f 675/675/675 1003/1003/1003 837/837/837
f 947/947/947 1006/1006/1006 1005/1005/1005
f 840/840/840 1007/1007/1007 892/892/892
f 949/949/949 950/950/950 969/969/969
f 1010/1010/1010 1011/1011/1011 785/785/785
f 785/785/785 1011/1011/1011 787/787/787
f 724/724/724 1012/1012/1012 843/843/843
f 852/852/852 1016/1016/1016 908/908/908
f 788/788/788 1017/1017/1017 905/905/905
f 911/911/911 1019/1019/1019 853/853/853
f 611/611/611 685/685/685 1021/1021/1021
f 611/611/611 1021/1021/1021 981/981/981
f 981/981/981 1022/1022/1022 983/983/983
f 612/612/612 984/984/984 1024/1024/1024
f 913/913/913 1028/1028/1028 858/858/858
f 954/954/954 1029/1029/1029 691/691/691
f 740/740/740 805/805/805 916/916/916
f 592/592/592 858/858/858 985/985/985
f 988/988/988 917/917/917 1031/1031/1031
f 1034/1034/1034 873/873/873 1035/1035/1035
f 1033/1033/1033 877/877/877 872/872/872
f 929/929/929 993/993/993 956/956/956
f 814/814/814 875/875/875 811/811/811
f 814/814/814 811/811/811 920/920/920
f 935/935/935 993/993/993 929/929/929
f 992/992/992 884/884/884 1038/1038/1038
f 923/923/923 934/934/934 924/924/924
f 959/959/959 934/934/934 923/923/923
f 990/990/990 1037/1037/1037 1039/1039/1039
f 818/818/818 769/769/769 602/602/602
f 824/824/824 1040/1040/1040 767/767/767
f 580/580/580 769/769/769 773/773/773
f 825/825/825 1044/1044/1044 1041/1041/1041
f 825/825/825 647/647/647 1044/1044/1044
f 881/881/881 991/991/991 1046/1046/1046
f 580/580/580 773/773/773 994/994/994
f 990/990/990 1039/1039/1039 1047/1047/1047
f 963/963/963 881/881/881 1050/1050/1050
f 580/580/580 994/994/994 961/961/961
f 1051/1051/1051 962/962/962 1048/1048/1048
f 1045/1045/1045 990/990/990 1047/1047/1047
f 1045/1045/1045 1047/1047/1047 1053/1053/1053
f 830/830/830 994/994/994 622/622/622
f 933/933/933 967/967/967 1055/1055/1055
f 965/965/965 964/964/964 1056/1056/1056
f 967/967/967 997/997/997 1057/1057/1057
f 998/998/998 1058/1058/1058 997/997/997
f 832/832/832 996/996/996 1000/1000/1000
f 840/840/840 969/969/969 1007/1007/1007
f 785/785/785 948/948/948 1010/1010/1010
f 951/951/951 842/842/842 1059/1059/1059
f 1011/1011/1011 1010/1010/1010 787/787/787
f 842/842/842 904/904/904 1059/1059/1059
f 724/724/724 971/971/971 1012/1012/1012
f 849/849/849 974/974/974 971/971/971
f 788/788/788 731/731/731 1017/1017/1017
f 978/978/978 1060/1060/1060 734/734/734
f 630/630/630 980/980/980 1064/1064/1064
f 789/789/789 629/629/629 1061/1061/1061
f 1065/1065/1065 1062/1062/1062 1067/1067/1067
f 1021/1021/1021 1022/1022/1022 981/981/981
f 694/694/694 1069/1069/1069 912/912/912
f 912/912/912 1069/1069/1069 1071/1071/1071
f 807/807/807 985/985/985 1077/1077/1077
f 800/800/800 989/989/989 987/987/987
f 877/877/877 1078/1078/1078 879/879/879
f 956/956/956 993/993/993 811/811/811
f 934/934/934 1081/1081/1081 924/924/924
f 884/884/884 921/921/921 1038/1038/1038
f 925/925/925 1082/1082/1082 993/993/993
f 928/928/928 1085/1085/1085 1083/1083/1083
f 622/622/622 994/994/994 773/773/773
f 881/881/881 1046/1046/1046 1050/1050/1050
f 1046/1046/1046 1087/1087/1087 1050/1050/1050
f 967/967/967 1057/1057/1057 1055/1055/1055
f 965/965/965 1056/1056/1056 1088/1088/1088
f 995/995/995 965/965/965 1088/1088/1088
f 995/995/995 1088/1088/1088 996/996/996
f 997/997/997 1058/1058/1058 1089/1089/1089
f 996/996/996 1088/1088/1088 1090/1090/1090
f 672/672/672 671/671/671 1091/1091/1091
f 627/627/627 1004/1004/1004 671/671/671
f 781/781/781 836/836/836 1093/1093/1093
f 781/781/781 1093/1093/1093 839/839/839
f 901/901/901 839/839/839 898/898/898
f 899/899/899 1095/1095/1095 948/948/948
f 970/970/970 951/951/951 1096/1096/1096
f 951/951/951 1097/1097/1097 1096/1096/1096
f 975/975/975 1098/1098/1098 972/972/972
f 1018/1018/1018 732/732/732 1100/1100/1100
f 978/978/978 1104/1104/1104 1060/1060/1060
f 909/909/909 729/729/729 977/977/977
f 789/789/789 1061/1061/1061 911/911/911
f 1065/1065/1065 1020/1020/1020 1062/1062/1062
f 1020/1020/1020 1065/1065/1065 854/854/854
f 1022/1022/1022 1021/1021/1021 1023/1023/1023
f 983/983/983 1022/1022/1022 1023/1023/1023
f 612/612/612 1024/1024/1024 952/952/952
f 696/696/696 1106/1106/1106 1070/1070/1070
f 986/986/986 955/955/955 869/869/869
f 987/987/987 989/989/989 1110/1110/1110
f 807/807/807 1077/1077/1077 874/874/874
f 1036/1036/1036 874/874/874 1077/1077/1077
f 1034/1034/1034 1035/1035/1035 1111/1111/1111
f 879/879/879 1114/1114/1114 917/917/917
f 879/879/879 1078/1078/1078 1114/1114/1114
f 928/928/928 924/924/924 1081/1081/1081
f 1039/1039/1039 1037/1037/1037 1117/1117/1117
f 926/926/926 1080/1080/1080 1084/1084/1084
f 934/934/934 1120/1120/1120 1081/1081/1081
f 768/768/768 1043/1043/1043 1121/1121/1121
f 769/769/769 1041/1041/1041 1044/1044/1044
f 773/773/773 769/769/769 1044/1044/1044
f 646/646/646 772/772/772 1042/1042/1042
f 1052/1052/1052 1050/1050/1050 963/963/963
f 1087/1087/1087 1123/1123/1123 1050/1050/1050
f 1046/1046/1046 1054/1054/1054 1087/1087/1087
f 1056/1056/1056 1124/1124/1124 1088/1088/1088
f 1058/1058/1058 1128/1128/1128 1089/1089/1089
f 672/672/672 1091/1091/1091 1130/1130/1130
f 835/835/835 1130/1130/1130 1002/1002/1002
f 1093/1093/1093 836/836/836 1132/1132/1132
f 1093/1093/1093 1132/1132/1132 839/839/839
f 847/847/847 787/787/787 1134/1134/1134
f 847/847/847 1134/1134/1134 1136/1136/1136
f 973/973/973 1099/1099/1099 1013/1013/1013
f 907/907/907 1018/1018/1018 1137/1137/1137
f 734/734/734 1060/1060/1060 1101/1101/1101
f 729/729/729 1139/1139/1139 977/977/977
f 1061/1061/1061 1019/1019/1019 911/911/911
f 855/855/855 1140/1140/1140 728/728/728
f 1068/1068/1068 1142/1142/1142 1066/1066/1066
f 1068/1068/1068 1063/1063/1063 1142/1142/1142
f 855/855/855 1066/1066/1066 1140/1140/1140
f 685/685/685 856/856/856 1143/1143/1143
f 638/638/638 691/691/691 857/857/857
f 1026/1026/1026 912/912/912 1071/1071/1071
f 1071/1071/1071 1069/1069/1069 1146/1146/1146
f 696/696/696 952/952/952 1106/1106/1106
f 986/986/986 1030/1030/1030 955/955/955
f 1032/1032/1032 1116/1116/1116 1149/1149/1149
f 1032/1032/1032 918/918/918 1116/1116/1116
f 1034/1034/1034 1111/1111/1111 878/878/878
f 1079/1079/1079 878/878/878 1150/1150/1150
f 1117/1117/1117 1152/1152/1152 1154/1154/1154
f 1039/1039/1039 1117/1117/1117 1154/1154/1154
f 811/811/811 993/993/993 1156/1156/1156
f 921/921/921 1159/1159/1159 1038/1038/1038
f 1082/1082/1082 1156/1156/1156 993/993/993
f 1154/1154/1154 1160/1160/1160 1039/1039/1039
f 1119/1119/1119 933/933/933 1161/1161/1161
f 933/933/933 1163/1163/1163 1161/1161/1161
f 769/769/769 1122/1122/1122 1044/1044/1044
f 1047/1047/1047 1039/1039/1039 1160/1160/1160
f 1047/1047/1047 1160/1160/1160 1053/1053/1053
f 1053/1053/1053 1160/1160/1160 1165/1165/1165
f 933/933/933 1055/1055/1055 1163/1163/1163
f 1053/1053/1053 1165/1165/1165 1166/1166/1166
f 1053/1053/1053 1166/1166/1166 1086/1086/1086
f 963/963/963 1050/1050/1050 1170/1170/1170
f 1123/1123/1123 1087/1087/1087 1167/1167/1167
f 1089/1089/1089 1057/1057/1057 997/997/997
f 1128/1128/1128 1173/1173/1173 1089/1089/1089
f 998/998/998 1174/1174/1174 1058/1058/1058
f 968/968/968 1000/1000/1000 1177/1177/1177
f 1001/1001/1001 1178/1178/1178 998/998/998
f 672/672/672 1130/1130/1130 835/835/835
f 898/898/898 839/839/839 1179/1179/1179
f 899/899/899 1181/1181/1181 1184/1184/1184
f 899/899/899 1184/1184/1184 1095/1095/1095
f 970/970/970 1096/1096/1096 1008/1008/1008
f 951/951/951 1185/1185/1185 1097/1097/1097
f 787/787/787 1010/1010/1010 1134/1134/1134
f 904/904/904 844/844/844 1187/1187/1187
f 846/846/846 1135/1135/1135 850/850/850
f 906/906/906 1189/1189/1189 1192/1192/1192
f 1104/1104/1104 1194/1194/1194 1060/1060/1060
f 1060/1060/1060 1194/1194/1194 1101/1101/1101
f 1066/1066/1066 1142/1142/1142 1140/1140/1140
f 1195/1195/1195 1198/1198/1198 1199/1199/1199
f 1198/1198/1198 1201/1201/1201 1199/1199/1199
f 858/858/858 1202/1202/1202 985/985/985
f 986/986/986 1203/1203/1203 1030/1030/1030
f 1204/1204/1204 987/987/987 1206/1206/1206
f 1031/1031/1031 1148/1148/1148 988/988/988
f 1036/1036/1036 1077/1077/1077 1113/1113/1113
f 1079/1079/1079 1208/1208/1208 1115/1115/1115
f 811/811/811 1156/1156/1156 920/920/920
f 1083/1083/1083 1085/1085/1085 1211/1211/1211
f 1083/1083/1083 1211/1211/1211 1157/1157/1157
f 1160/1160/1160 1212/1212/1212 1165/1165/1165
f 1123/1123/1123 1167/1167/1167 1050/1050/1050
f 1169/1169/1169 1049/1049/1049 1213/1213/1213
f 1055/1055/1055 1057/1057/1057 1163/1163/1163
f 964/964/964 1171/1171/1171 1056/1056/1056
f 1090/1090/1090 1088/1088/1088 1124/1124/1124
f 1089/1089/1089 1173/1173/1173 1057/1057/1057
f 1128/1128/1128 1058/1058/1058 1215/1215/1215
f 1058/1058/1058 1174/1174/1174 1215/1215/1215
f 996/996/996 1090/1090/1090 1217/1217/1217
f 968/968/968 1177/1177/1177 1001/1001/1001
f 1001/1001/1001 1177/1177/1177 1178/1178/1178
f 1004/1004/1004 1219/1219/1219 671/671/671
f 837/837/837 1003/1003/1003 1131/1131/1131
f 837/837/837 1131/1131/1131 1133/1133/1133
f 1005/1005/1005 1006/1006/1006 1220/1220/1220
f 947/947/947 894/894/894 1006/1006/1006
f 948/948/948 1095/1095/1095 1222/1222/1222
f 948/948/948 1222/1222/1222 1010/1010/1010
f 1059/1059/1059 1223/1223/1223 951/951/951
f 951/951/951 1223/1223/1223 1185/1185/1185
f 1059/1059/1059 904/904/904 1225/1225/1225
f 1134/1134/1134 1010/1010/1010 1227/1227/1227
f 844/844/844 1229/1229/1229 1187/1187/1187
f 844/844/844 1014/1014/1014 1229/1229/1229
f 1013/1013/1013 1099/1099/1099 1228/1228/1228
f 1099/1099/1099 976/976/976 1192/1192/1192
f 906/906/906 1192/1192/1192 976/976/976
f 1018/1018/1018 1100/1100/1100 1137/1137/1137
f 1103/1103/1103 977/977/977 1230/1230/1230
f 1139/1139/1139 1233/1233/1233 977/977/977
f 1138/1138/1138 727/727/727 1232/1232/1232
f 729/729/729 1141/1141/1141 1233/1233/1233
f 1021/1021/1021 685/685/685 1143/1143/1143
f 1075/1075/1075 1234/1234/1234 1027/1027/1027
f 1237/1237/1237 1107/1107/1107 1238/1238/1238
f 1237/1237/1237 1075/1075/1075 1107/1107/1107
f 1028/1028/1028 1239/1239/1239 858/858/858
f 691/691/691 1240/1240/1240 857/857/857
f 1106/1106/1106 1147/1147/1147 1070/1070/1070
f 691/691/691 1029/1029/1029 1240/1240/1240
f 985/985/985 1202/1202/1202 1239/1239/1239
f 1077/1077/1077 985/985/985 1242/1242/1242
f 1076/1076/1076 1241/1241/1241 1243/1243/1243
f 1112/1112/1112 1076/1076/1076 1244/1244/1244
f 878/878/878 1245/1245/1245 1150/1150/1150
f 921/921/921 1157/1157/1157 1159/1159/1159
f 996/996/996 1217/1217/1217 1000/1000/1000
f 1000/1000/1000 1247/1247/1247 1177/1177/1177
f 998/998/998 1178/1178/1178 1249/1249/1249
f 1131/1131/1131 1092/1092/1092 1180/1180/1180
f 1131/1131/1131 1180/1180/1180 1133/1133/1133
f 1179/1179/1179 839/839/839 1132/1132/1132
f 1134/1134/1134 1227/1227/1227 1136/1136/1136
f 851/851/851 1253/1253/1253 1015/1015/1015
f 1099/1099/1099 1192/1192/1192 1228/1228/1228
f 907/907/907 1137/1137/1137 1190/1190/1190
f 1103/1103/1103 1230/1230/1230 1255/1255/1255
f 1064/1064/1064 980/980/980 1259/1259/1259
f 1199/1199/1199 1260/1260/1260 1195/1195/1195
f 1199/1199/1199 1263/1263/1263 1265/1265/1265
f 1198/1198/1198 1195/1195/1195 1267/1267/1267
f 1199/1199/1199 1270/1270/1270 1263/1263/1263
f 1075/1075/1075 1237/1237/1237 1238/1238/1238
f 1021/1021/1021 1143/1143/1143 1275/1275/1275
f 1234/1234/1234 1075/1075/1075 1238/1238/1238
f 1023/1023/1023 1021/1021/1021 1275/1275/1275
f 1072/1072/1072 1278/1278/1278 1281/1281/1281
f 1071/1071/1071 1146/1146/1146 1277/1277/1277
f 1106/1106/1106 952/952/952 1024/1024/1024
f 1106/1106/1106 1074/1074/1074 1147/1147/1147
f 1202/1202/1202 858/858/858 1239/1239/1239
f 1203/1203/1203 1205/1205/1205 1030/1030/1030
f 1206/1206/1206 987/987/987 1110/1110/1110
f 989/989/989 1149/1149/1149 1110/1110/1110
f 1076/1076/1076 1243/1243/1243 1283/1283/1283
f 1076/1076/1076 1283/1283/1283 1244/1244/1244
f 1118/1118/1118 1285/1285/1285 1286/1286/1286
f 1154/1154/1154 1152/1152/1152 1287/1287/1287
f 1112/1112/1112 1244/1244/1244 1290/1290/1290
f 1079/1079/1079 1150/1150/1150 1208/1208/1208
f 1111/1111/1111 1245/1245/1245 878/878/878
f 1112/1112/1112 1292/1292/1292 1246/1246/1246
f 1120/1120/1120 1294/1294/1294 1081/1081/1081
f 1154/1154/1154 1295/1295/1295 1160/1160/1160
f 1162/1162/1162 1294/1294/1294 1120/1120/1120
f 1212/1212/1212 1160/1160/1160 1297/1297/1297
f 1212/1212/1212 1297/1297/1297 1165/1165/1165
f 1050/1050/1050 1167/1167/1167 1214/1214/1214
f 1126/1126/1126 1299/1299/1299 1172/1172/1172
f 999/999/999 1301/1301/1301 1175/1175/1175
f 671/671/671 1219/1219/1219 1302/1302/1302
f 1183/1183/1183 1180/1180/1180 1092/1092/1092
f 1183/1183/1183 1092/1092/1092 1305/1305/1305
f 894/894/894 1008/1008/1008 1306/1306/1306
f 1094/1094/1094 1183/1183/1183 1307/1307/1307
f 1096/1096/1096 1308/1308/1308 1008/1008/1008
f 1096/1096/1096 1097/1097/1097 1308/1308/1308
f 1185/1185/1185 1310/1310/1310 1097/1097/1097
f 1059/1059/1059 1225/1225/1225 1223/1223/1223
f 850/850/850 1135/1135/1135 1312/1312/1312
f 1252/1252/1252 850/850/850 1312/1312/1312
f 980/980/980 908/908/908 1314/1314/1314
f 1316/1316/1316 980/980/980 1317/1317/1317
f 1315/1315/1315 1257/1257/1257 979/979/979
f 1199/1199/1199 1265/1265/1265 1260/1260/1260
f 1198/1198/1198 1267/1267/1267 1319/1319/1319
f 1197/1197/1197 1318/1318/1318 1200/1200/1200
f 1199/1199/1199 1201/1201/1201 1270/1270/1270
f 1028/1028/1028 1236/1236/1236 1239/1239/1239
f 1073/1073/1073 1282/1282/1282 1279/1279/1279
f 1074/1074/1074 1280/1280/1280 1147/1147/1147
f 857/857/857 1240/1240/1240 1322/1322/1322
f 1025/1025/1025 1276/1276/1276 1325/1325/1325
f 1243/1243/1243 1241/1241/1241 1326/1326/1326
f 1116/1116/1116 1328/1328/1328 1149/1149/1149
f 1118/1118/1118 1286/1286/1286 1153/1153/1153
f 1209/1209/1209 1328/1328/1328 1116/1116/1116
f 1290/1290/1290 1244/1244/1244 1283/1283/1283
f 1154/1154/1154 1287/1287/1287 1329/1329/1329
f 1118/1118/1118 1038/1038/1038 1285/1285/1285
f 1246/1246/1246 1292/1292/1292 1151/1151/1151
f 1112/1112/1112 1290/1290/1290 1292/1292/1292
f 1155/1155/1155 1331/1331/1331 1296/1296/1296
f 1157/1157/1157 1211/1211/1211 1159/1159/1159
f 1080/1080/1080 1293/1293/1293 1084/1084/1084
f 1160/1160/1160 1295/1295/1295 1297/1297/1297
f 1085/1085/1085 1333/1333/1333 1211/1211/1211
f 1161/1161/1161 1163/1163/1163 1334/1334/1334
f 1057/1057/1057 1340/1340/1340 1163/1163/1163
f 1057/1057/1057 1173/1173/1173 1340/1340/1340
f 1090/1090/1090 1124/1124/1124 1217/1217/1217
f 1176/1176/1176 1343/1343/1343 1216/1216/1216
f 1175/1175/1175 1345/1345/1345 1342/1342/1342
f 1301/1301/1301 1345/1345/1345 1175/1175/1175
f 1217/1217/1217 1347/1347/1347 1000/1000/1000
f 1000/1000/1000 1347/1347/1347 1348/1348/1348
f 1006/1006/1006 894/894/894 1306/1306/1306
f 1304/1304/1304 1349/1349/1349 1182/1182/1182
f 1307/1307/1307 1183/1183/1183 1350/1350/1350
f 1008/1008/1008 1351/1351/1351 1306/1306/1306
f 904/904/904 1353/1353/1353 1225/1225/1225
f 904/904/904 1187/1187/1187 1353/1353/1353
f 1254/1254/1254 1354/1354/1354 1102/1102/1102
f 1063/1063/1063 1258/1258/1258 1142/1142/1142
f 1201/1201/1201 1319/1319/1319 1270/1270/1270
f 1267/1267/1267 1356/1356/1356 1319/1319/1319
f 856/856/856 1321/1321/1321 1143/1143/1143
f 1238/1238/1238 1107/1107/1107 1362/1362/1362
f 1029/1029/1029 1322/1322/1322 1240/1240/1240
f 985/985/985 1239/1239/1239 1242/1242/1242
f 1243/1243/1243 1326/1326/1326 1363/1363/1363
f 1365/1365/1365 1363/1363/1363 1367/1367/1367
f 1368/1368/1368 1363/1363/1363 1365/1365/1365
f 1367/1367/1367 1369/1369/1369 1365/1365/1365
f 1367/1367/1367 1372/1372/1372 1369/1369/1369
f 1368/1368/1368 1365/1365/1365 1243/1243/1243
f 1149/1149/1149 1328/1328/1328 1110/1110/1110
f 1365/1365/1365 1283/1283/1283 1243/1243/1243
f 1365/1365/1365 1374/1374/1374 1283/1283/1283
f 1284/1284/1284 1375/1375/1375 1291/1291/1291
f 1155/1155/1155 1330/1330/1330 1377/1377/1377
f 1155/1155/1155 1377/1377/1377 1331/1331/1331
f 1210/1210/1210 1378/1378/1378 1158/1158/1158
f 1084/1084/1084 1293/1293/1293 1381/1381/1381
f 1085/1085/1085 1382/1382/1382 1333/1333/1333
f 1297/1297/1297 1383/1383/1383 1165/1165/1165
f 1167/1167/1167 1385/1385/1385 1214/1214/1214
f 1299/1299/1299 1338/1338/1338 1172/1172/1172
f 1056/1056/1056 1387/1387/1387 1124/1124/1124
f 1127/1127/1127 1389/1389/1389 1300/1300/1300
f 1129/1129/1129 1391/1391/1391 1390/1390/1390
f 1129/1129/1129 1392/1392/1392 1391/1391/1391
f 1129/1129/1129 1216/1216/1216 1392/1392/1392
f 1091/1091/1091 671/671/671 1393/1393/1393
f 1008/1008/1008 1308/1308/1308 1351/1351/1351
f 1097/1097/1097 1310/1310/1310 1308/1308/1308
f 1010/1010/1010 1396/1396/1396 1227/1227/1227
f 1191/1191/1191 1252/1252/1252 1398/1398/1398
f 1192/1192/1192 1189/1189/1189 1397/1397/1397
f 908/908/908 1016/1016/1016 1314/1314/1314
f 1104/1104/1104 1400/1400/1400 1194/1194/1194
f 1100/1100/1100 1193/1193/1193 1137/1137/1137
f 977/977/977 1233/1233/1233 1230/1230/1230
f 1142/1142/1142 1402/1402/1402 1140/1140/1140
f 1404/1404/1404 1405/1405/1405 1406/1406/1406
f 1324/1324/1324 1409/1409/1409 1145/1145/1145
f 1025/1025/1025 1410/1410/1410 1108/1108/1108
f 1025/1025/1025 1325/1325/1325 1410/1410/1410
f 1108/1108/1108 1410/1410/1410 1412/1412/1412
f 1029/1029/1029 1413/1413/1413 1322/1322/1322
f 1205/1205/1205 1323/1323/1323 1414/1414/1414
f 1205/1205/1205 1414/1414/1414 1030/1030/1030
f 1367/1367/1367 1415/1415/1415 1372/1372/1372
f 1206/1206/1206 1110/1110/1110 1418/1418/1418
f 1368/1368/1368 1243/1243/1243 1363/1363/1363
f 1373/1373/1373 1375/1375/1375 1370/1370/1370
f 1366/1366/1366 1370/1370/1370 1375/1375/1375
f 1207/1207/1207 1419/1419/1419 1327/1327/1327
f 1159/1159/1159 1380/1380/1380 1038/1038/1038
f 1292/1292/1292 1422/1422/1422 1151/1151/1151
f 1292/1292/1292 1290/1290/1290 1424/1424/1424
f 1210/1210/1210 1424/1424/1424 1378/1378/1378
f 1298/1298/1298 1426/1426/1426 1384/1384/1384
f 1166/1166/1166 1165/1165/1165 1427/1427/1427
f 1165/1165/1165 1383/1383/1383 1427/1427/1427
f 1170/1170/1170 1214/1214/1214 1431/1431/1431
f 1214/1214/1214 1385/1385/1385 1431/1431/1431
f 1391/1391/1391 1392/1392/1392 1390/1390/1390
f 1177/1177/1177 1247/1247/1247 1433/1433/1433
f 1092/1092/1092 1394/1394/1394 1435/1435/1435
f 1092/1092/1092 1435/1435/1435 1305/1305/1305
f 1223/1223/1223 1225/1225/1225 1436/1436/1436
f 1228/1228/1228 1192/1192/1192 1397/1397/1397
f 1252/1252/1252 1312/1312/1312 1398/1398/1398
f 1190/1190/1190 1438/1438/1438 1251/1251/1251
f 1137/1137/1137 1440/1440/1440 1190/1190/1190
f 1105/1105/1105 1355/1355/1355 1401/1401/1401
f 1231/1231/1231 1355/1355/1355 1256/1256/1256
f 980/980/980 1443/1443/1443 1317/1317/1317
f 1317/1317/1317 1444/1444/1444 1316/1316/1316
f 1258/1258/1258 1402/1402/1402 1142/1142/1142
f 1266/1266/1266 1445/1445/1445 1262/1262/1262
f 1196/1196/1196 1447/1447/1447 1268/1268/1268
f 1361/1361/1361 1448/1448/1448 1320/1320/1320
f 1449/1449/1449 1450/1450/1450 1451/1451/1451
f 1405/1405/1405 1450/1450/1450 1452/1452/1452
f 1450/1450/1450 1405/1405/1405 1454/1454/1454
f 1144/1144/1144 1455/1455/1455 1457/1457/1457
f 1404/1404/1404 1406/1406/1406 1412/1412/1412
f 1238/1238/1238 1458/1458/1458 1234/1234/1234
f 1456/1456/1456 1145/1145/1145 1409/1409/1409
f 1408/1408/1408 1461/1461/1461 1455/1455/1455
f 1455/1455/1455 1461/1461/1461 1463/1463/1463
f 1276/1276/1276 1144/1144/1144 1457/1457/1457
f 1404/1404/1404 1412/1412/1412 1410/1410/1410
f 1362/1362/1362 1107/1107/1107 1411/1411/1411
f 1367/1367/1367 1465/1465/1465 1467/1467/1467
f 1469/1469/1469 1465/1465/1465 1367/1367/1367
f 1367/1367/1367 1467/1467/1467 1415/1415/1415
f 1367/1367/1367 1363/1363/1363 1469/1469/1469
f 1109/1109/1109 1472/1472/1472 1474/1474/1474
f 1110/1110/1110 1328/1328/1328 1473/1473/1473
f 1330/1330/1330 1288/1288/1288 1477/1477/1477
f 1291/1291/1291 1375/1375/1375 1379/1379/1379
f 1038/1038/1038 1380/1380/1380 1285/1285/1285
f 1150/1150/1150 1478/1478/1478 1208/1208/1208
f 1424/1424/1424 1290/1290/1290 1378/1378/1378
f 1292/1292/1292 1424/1424/1424 1422/1422/1422
f 1298/1298/1298 1296/1296/1296 1480/1480/1480
f 1210/1210/1210 1481/1481/1481 1424/1424/1424
f 1210/1210/1210 1332/1332/1332 1481/1481/1481
f 1341/1341/1341 1484/1484/1484 1164/1164/1164
f 1484/1484/1484 1341/1341/1341 1485/1485/1485
f 1170/1170/1170 1431/1431/1431 1486/1486/1486
f 1171/1171/1171 1487/1487/1487 1056/1056/1056
f 1389/1389/1389 1339/1339/1339 1300/1300/1300
f 1124/1124/1124 1387/1387/1387 1488/1488/1488
f 1218/1218/1218 1125/1125/1125 1489/1489/1489
f 1216/1216/1216 1343/1343/1343 1392/1392/1392
f 1433/1433/1433 1490/1490/1490 1177/1177/1177
f 1006/1006/1006 1491/1491/1491 1220/1220/1220
f 1304/1304/1304 1434/1434/1434 1493/1493/1493
f 1349/1349/1349 1304/1304/1304 1493/1493/1493
f 1006/1006/1006 1306/1306/1306 1491/1491/1491
f 1094/1094/1094 1307/1307/1307 1221/1221/1221
f 1222/1222/1222 1496/1496/1496 1010/1010/1010
f 1437/1437/1437 1186/1186/1186 1224/1224/1224
f 1225/1225/1225 1353/1353/1353 1436/1436/1436
f 1010/1010/1010 1499/1499/1499 1396/1396/1396
f 1187/1187/1187 1229/1229/1229 1501/1501/1501
f 1228/1228/1228 1397/1397/1397 1500/1500/1500
f 1398/1398/1398 1312/1312/1312 1135/1135/1135
f 1440/1440/1440 1438/1438/1438 1190/1190/1190
f 1137/1137/1137 1193/1193/1193 1440/1440/1440
f 1259/1259/1259 1316/1316/1316 1403/1403/1403
f 1141/1141/1141 1503/1503/1503 1233/1233/1233
f 1266/1266/1266 1505/1505/1505 1445/1445/1445
f 1196/1196/1196 1261/1261/1261 1507/1507/1507
f 1266/1266/1266 1264/1264/1264 1505/1505/1505
f 1357/1357/1357 1268/1268/1268 1447/1447/1447
f 1358/1358/1358 1511/1511/1511 1269/1269/1269
f 1357/1357/1357 1268/1268/1268 1510/1510/1510
f 1450/1450/1450 1517/1517/1517 1451/1451/1451
f 1450/1450/1450 1454/1454/1454 1517/1517/1517
f 1405/1405/1405 1452/1452/1452 1406/1406/1406
f 1404/1404/1404 1410/1410/1410 1405/1405/1405
f 1405/1405/1405 1410/1410/1410 1519/1519/1519
f 1238/1238/1238 1362/1362/1362 1458/1458/1458
f 1462/1462/1462 1409/1409/1409 1464/1464/1464
f 1206/1206/1206 1520/1520/1520 1324/1324/1324
f 1324/1324/1324 1520/1520/1520 1522/1522/1522
f 1206/1206/1206 1418/1418/1418 1524/1524/1524
f 1110/1110/1110 1475/1475/1475 1418/1418/1418
f 1418/1418/1418 1475/1475/1475 1524/1524/1524
f 1375/1375/1375 1373/1373/1373 1525/1525/1525
f 1208/1208/1208 1478/1478/1478 1420/1420/1420
f 1375/1375/1375 1527/1527/1527 1379/1379/1379
f 1330/1330/1330 1477/1477/1477 1377/1377/1377
f 1331/1331/1331 1377/1377/1377 1529/1529/1529
f 1422/1422/1422 1530/1530/1530 1151/1151/1151
f 1331/1331/1331 1529/1529/1529 1296/1296/1296
f 1162/1162/1162 1336/1336/1336 1294/1294/1294
f 1298/1298/1298 1480/1480/1480 1426/1426/1426
f 1390/1390/1390 1485/1485/1485 1341/1341/1341
f 1385/1385/1385 1531/1531/1531 1533/1533/1533
f 1217/1217/1217 1534/1534/1534 1347/1347/1347
f 1348/1348/1348 1347/1347/1347 1536/1536/1536
f 1348/1348/1348 1536/1536/1536 1000/1000/1000
f 1249/1249/1249 1538/1538/1538 998/998/998
f 1177/1177/1177 1540/1540/1540 1178/1178/1178
f 1433/1433/1433 1541/1541/1541 1490/1490/1490
f 671/671/671 1302/1302/1302 1393/1393/1393
f 1302/1302/1302 1219/1219/1219 1542/1542/1542
f 1306/1306/1306 1545/1545/1545 1491/1491/1491
f 1306/1306/1306 1351/1351/1351 1545/1545/1545
f 1308/1308/1308 1547/1547/1547 1351/1351/1351
f 1398/1398/1398 1135/1135/1135 1549/1549/1549
f 1135/1135/1135 1226/1226/1226 1549/1549/1549
f 1355/1355/1355 1231/1231/1231 1550/1550/1550
f 980/980/980 1314/1314/1314 1443/1443/1443
f 1317/1317/1317 1443/1443/1443 1444/1444/1444
f 1233/1233/1233 1551/1551/1551 1230/1230/1230
f 1196/1196/1196 1507/1507/1507 1447/1447/1447
f 1264/1264/1264 1274/1274/1274 1505/1505/1505
f 1273/1273/1273 1320/1320/1320 1553/1553/1553
f 1320/1320/1320 1448/1448/1448 1555/1555/1555
f 1359/1359/1359 1515/1515/1515 1512/1512/1512
f 1360/1360/1360 1513/1513/1513 1516/1516/1516
f 1517/1517/1517 1514/1514/1514 1451/1451/1451
f 1450/1450/1450 1449/1449/1449 1452/1452/1452
f 1405/1405/1405 1519/1519/1519 1454/1454/1454
f 1556/1556/1556 1412/1412/1412 1406/1406/1406
f 1455/1455/1455 1559/1559/1559 1457/1457/1457
f 1235/1235/1235 1459/1459/1459 1560/1560/1560
f 1239/1239/1239 1564/1564/1564 1242/1242/1242
f 1326/1326/1326 1241/1241/1241 1563/1563/1563
f 1468/1468/1468 1466/1466/1466 1470/1470/1470
f 1524/1524/1524 1520/1520/1520 1206/1206/1206
f 1475/1475/1475 1473/1473/1473 1524/1524/1524
f 1473/1473/1473 1328/1328/1328 1565/1565/1565
f 1153/1153/1153 1566/1566/1566 1289/1289/1289
f 1479/1479/1479 1567/1567/1567 1421/1421/1421
f 1478/1478/1478 1150/1150/1150 1568/1568/1568
f 1151/1151/1151 1530/1530/1530 1571/1571/1571
f 1425/1425/1425 1482/1482/1482 1423/1423/1423
f 1382/1382/1382 1294/1294/1294 1336/1336/1336
f 1426/1426/1426 1480/1480/1480 1572/1572/1572
f 1384/1384/1384 1426/1426/1426 1574/1574/1574
f 1430/1430/1430 1384/1384/1384 1574/1574/1574
f 1337/1337/1337 1164/1164/1164 1575/1575/1575
f 1392/1392/1392 1343/1343/1343 1576/1576/1576
f 999/999/999 1539/1539/1539 1301/1301/1301
f 1177/1177/1177 1490/1490/1490 1540/1540/1540
f 1433/1433/1433 1247/1247/1247 1541/1541/1541
f 1220/1220/1220 1491/1491/1491 1543/1543/1543
f 1435/1435/1435 1577/1577/1577 1494/1494/1494
f 1350/1350/1350 1494/1494/1494 1307/1307/1307
f 1221/1221/1221 1307/1307/1307 1578/1578/1578
f 1221/1221/1221 1578/1578/1578 1495/1495/1495
f 1009/1009/1009 1579/1579/1579 1498/1498/1498
f 1010/1010/1010 1496/1496/1496 1581/1581/1581
f 1499/1499/1499 1581/1581/1581 1396/1396/1396
f 1395/1395/1395 1580/1580/1580 1583/1583/1583
f 1353/1353/1353 1187/1187/1187 1436/1436/1436
f 1226/1226/1226 1395/1395/1395 1583/1583/1583
f 1502/1502/1502 1398/1398/1398 1549/1549/1549
f 1253/1253/1253 1584/1584/1584 1015/1015/1015
f 1439/1439/1439 1441/1441/1441 1253/1253/1253
f 1399/1399/1399 1587/1587/1587 1589/1589/1589
f 1194/1194/1194 1400/1400/1400 1590/1590/1590
f 1441/1441/1441 1194/1194/1194 1590/1590/1590
f 1316/1316/1316 1444/1444/1444 1403/1403/1403
f 1231/1231/1231 1552/1552/1552 1550/1550/1550
f 1262/1262/1262 1445/1445/1445 1508/1508/1508
f 1504/1504/1504 1271/1271/1271 1593/1593/1593
f 1272/1272/1272 1597/1597/1597 1594/1594/1594
f 1273/1273/1273 1553/1553/1553 1598/1598/1598
f 1320/1320/1320 1555/1555/1555 1553/1553/1553
f 1514/1514/1514 1599/1599/1599 1601/1601/1601
f 1514/1514/1514 1601/1601/1601 1452/1452/1452
f 1451/1451/1451 1452/1452/1452 1449/1449/1449
f 1410/1410/1410 1559/1559/1559 1519/1519/1519
f 1559/1559/1559 1325/1325/1325 1457/1457/1457
f 1410/1410/1410 1325/1325/1325 1559/1559/1559
f 1362/1362/1362 1411/1411/1411 1458/1458/1458
f 1276/1276/1276 1457/1457/1457 1325/1325/1325
f 1363/1363/1363 1326/1326/1326 1602/1602/1602
f 1364/1364/1364 1603/1603/1603 1605/1605/1605
f 1364/1364/1364 1605/1605/1605 1471/1471/1471
f 1520/1520/1520 1524/1524/1524 1522/1522/1522
f 1473/1473/1473 1565/1565/1565 1607/1607/1607
f 1476/1476/1476 1608/1608/1608 1376/1376/1376
f 1377/1377/1377 1610/1610/1610 1611/1611/1611
f 1285/1285/1285 1380/1380/1380 1528/1528/1528
f 1150/1150/1150 1612/1612/1612 1568/1568/1568
f 1150/1150/1150 1570/1570/1570 1612/1612/1612
f 1530/1530/1530 1422/1422/1422 1614/1614/1614
f 1423/1423/1423 1482/1482/1482 1617/1617/1617
f 1620/1620/1620 1575/1575/1575 1623/1623/1623
f 1382/1382/1382 1336/1336/1336 1625/1625/1625
f 1382/1382/1382 1625/1625/1625 1333/1333/1333
f 1620/1620/1620 1337/1337/1337 1575/1575/1575
f 1168/1168/1168 1626/1626/1626 1386/1386/1386
f 1533/1533/1533 1431/1431/1431 1385/1385/1385
f 1487/1487/1487 1432/1432/1432 1056/1056/1056
f 1056/1056/1056 1432/1432/1432 1627/1627/1627
f 1056/1056/1056 1627/1627/1627 1387/1387/1387
f 1392/1392/1392 1576/1576/1576 1628/1628/1628
f 1489/1489/1489 1388/1388/1388 1630/1630/1630
f 1435/1435/1435 1632/1632/1632 1577/1577/1577
f 1577/1577/1577 1307/1307/1307 1494/1494/1494
f 1492/1492/1492 1577/1577/1577 1632/1632/1632
f 1577/1577/1577 1492/1492/1492 1546/1546/1546
f 1548/1548/1548 1309/1309/1309 1633/1633/1633
f 1548/1548/1548 1633/1633/1633 1352/1352/1352
f 1226/1226/1226 1583/1583/1583 1549/1549/1549
f 1584/1584/1584 1635/1635/1635 1015/1015/1015
f 1588/1588/1588 1401/1401/1401 1639/1639/1639
f 1140/1140/1140 1402/1402/1402 1640/1640/1640
f 1402/1402/1402 1642/1642/1642 1640/1640/1640
f 1141/1141/1141 1641/1641/1641 1503/1503/1503
f 1646/1646/1646 1648/1648/1648 1650/1650/1650
f 1648/1648/1648 1652/1652/1652 1650/1650/1650
f 1447/1447/1447 1507/1507/1507 1653/1653/1653
f 1598/1598/1598 1553/1553/1553 1657/1657/1657
f 1597/1597/1597 1656/1656/1656 1594/1594/1594
f 1599/1599/1599 1660/1660/1660 1601/1601/1601
f 1555/1555/1555 1662/1662/1662 1553/1553/1553
f 1514/1514/1514 1665/1665/1665 1655/1655/1655
f 1514/1514/1514 1559/1559/1559 1665/1665/1665
f 1514/1514/1514 1452/1452/1452 1451/1451/1451
f 1517/1517/1517 1559/1559/1559 1514/1514/1514
f 1517/1517/1517 1454/1454/1454 1559/1559/1559
f 1453/1453/1453 1518/1518/1518 1558/1558/1558
f 1407/1407/1407 1667/1667/1667 1557/1557/1557
f 1455/1455/1455 1463/1463/1463 1668/1668/1668
f 1560/1560/1560 1459/1459/1459 1670/1670/1670
f 1460/1460/1460 1412/1412/1412 1674/1674/1674
f 1239/1239/1239 1236/1236/1236 1564/1564/1564
f 1676/1676/1676 1326/1326/1326 1563/1563/1563
f 1602/1602/1602 1326/1326/1326 1676/1676/1676
f 1409/1409/1409 1677/1677/1677 1464/1464/1464
f 1409/1409/1409 1324/1324/1324 1677/1677/1677
f 1324/1324/1324 1678/1678/1678 1677/1677/1677
f 1324/1324/1324 1522/1522/1522 1678/1678/1678
f 1522/1522/1522 1607/1607/1607 1678/1678/1678
f 1521/1521/1521 1523/1523/1523 1606/1606/1606
f 1473/1473/1473 1607/1607/1607 1524/1524/1524
f 1373/1373/1373 1680/1680/1680 1525/1525/1525
f 1375/1375/1375 1525/1525/1525 1527/1527/1527
f 1421/1421/1421 1567/1567/1567 1328/1328/1328
f 1479/1479/1479 1569/1569/1569 1567/1567/1567
f 1529/1529/1529 1377/1377/1377 1681/1681/1681
f 1530/1530/1530 1614/1614/1614 1571/1571/1571
f 1483/1483/1483 1333/1333/1333 1683/1683/1683
f 1621/1621/1621 1684/1684/1684 1619/1619/1619
f 1164/1164/1164 1484/1484/1484 1575/1575/1575
f 1390/1390/1390 1689/1689/1689 1485/1485/1485
f 1390/1390/1390 1690/1690/1690 1689/1689/1689
f 1386/1386/1386 1626/1626/1626 1532/1532/1532
f 1392/1392/1392 1690/1690/1690 1390/1390/1390
f 1392/1392/1392 1628/1628/1628 1690/1690/1690
f 1218/1218/1218 1489/1489/1489 1535/1535/1535
f 1343/1343/1343 1346/1346/1346 1693/1693/1693
f 1301/1301/1301 1694/1694/1694 1345/1345/1345
f 1178/1178/1178 1540/1540/1540 1249/1249/1249
f 1696/1696/1696 1699/1699/1699 1701/1701/1701
f 1701/1701/1701 1702/1702/1702 1696/1696/1696
f 1394/1394/1394 1303/1303/1303 1632/1632/1632
f 1394/1394/1394 1632/1632/1632 1435/1435/1435
f 1492/1492/1492 1632/1632/1632 1544/1544/1544
f 1546/1546/1546 1307/1307/1307 1577/1577/1577
f 1546/1546/1546 1352/1352/1352 1307/1307/1307
f 1309/1309/1309 1311/1311/1311 1633/1633/1633
f 1186/1186/1186 1578/1578/1578 1633/1633/1633
f 1186/1186/1186 1633/1633/1633 1311/1311/1311
f 1578/1578/1578 1186/1186/1186 1703/1703/1703
f 1578/1578/1578 1703/1703/1703 1495/1495/1495
f 1186/1186/1186 1437/1437/1437 1703/1703/1703
f 1437/1437/1437 1188/1188/1188 1703/1703/1703
f 1583/1583/1583 1580/1580/1580 1549/1549/1549
f 1188/1188/1188 1502/1502/1502 1703/1703/1703
f 1355/1355/1355 1704/1704/1704 1401/1401/1401
f 1355/1355/1355 1550/1550/1550 1704/1704/1704
f 1503/1503/1503 1641/1641/1641 1233/1233/1233
f 1647/1647/1647 1645/1645/1645 1649/1649/1649
f 1445/1445/1445 1595/1595/1595 1663/1663/1663
f 1508/1508/1508 1445/1445/1445 1663/1663/1663
f 1506/1506/1506 1648/1648/1648 1446/1446/1446
f 1648/1648/1648 1506/1506/1506 1596/1596/1596
f 1648/1648/1648 1596/1596/1596 1652/1652/1652
f 1705/1705/1705 1706/1706/1706 1655/1655/1655
f 1599/1599/1599 1706/1706/1706 1705/1705/1705
f 1514/1514/1514 1706/1706/1706 1599/1599/1599
f 1514/1514/1514 1655/1655/1655 1706/1706/1706
f 1601/1601/1601 1660/1660/1660 1707/1707/1707
f 1448/1448/1448 1662/1662/1662 1555/1555/1555
f 1553/1553/1553 1709/1709/1709 1657/1657/1657
f 1455/1455/1455 1668/1668/1668 1559/1559/1559
f 1406/1406/1406 1712/1712/1712 1666/1666/1666
f 1556/1556/1556 1674/1674/1674 1412/1412/1412
f 1459/1459/1459 1673/1673/1673 1670/1670/1670
f 1416/1416/1416 1468/1468/1468 1715/1715/1715
f 1417/1417/1417 1716/1716/1716 1373/1373/1373
f 1680/1680/1680 1717/1717/1717 1525/1525/1525
f 1566/1566/1566 1718/1718/1718 1289/1289/1289
f 1288/1288/1288 1610/1610/1610 1477/1477/1477
f 1296/1296/1296 1529/1529/1529 1480/1480/1480
f 1620/1620/1620 1688/1688/1688 1337/1337/1337
f 1627/1627/1627 1432/1432/1432 1720/1720/1720
f 1628/1628/1628 1721/1721/1721 1690/1690/1690
f 1387/1387/1387 1627/1627/1627 1629/1629/1629
f 1628/1628/1628 1576/1576/1576 1721/1721/1721
f 1343/1343/1343 1693/1693/1693 1576/1576/1576
f 1347/1347/1347 1534/1534/1534 1722/1722/1722
f 1345/1345/1345 1724/1724/1724 1726/1726/1726
f 1000/1000/1000 1536/1536/1536 1247/1247/1247
f 1301/1301/1301 1539/1539/1539 1694/1694/1694
f 1540/1540/1540 1490/1490/1490 1727/1727/1727
f 1727/1727/1727 1728/1728/1728 1540/1540/1540
f 1544/1544/1544 1632/1632/1632 1303/1303/1303
f 1307/1307/1307 1352/1352/1352 1578/1578/1578
f 1352/1352/1352 1633/1633/1633 1578/1578/1578
f 1496/1496/1496 1730/1730/1730 1581/1581/1581
f 1502/1502/1502 1580/1580/1580 1703/1703/1703
f 1502/1502/1502 1549/1549/1549 1580/1580/1580
f 1636/1636/1636 1732/1732/1732 1585/1585/1585
f 1401/1401/1401 1734/1734/1734 1639/1639/1639
f 1401/1401/1401 1704/1704/1704 1734/1734/1734
f 1016/1016/1016 1736/1736/1736 1314/1314/1314
f 1704/1704/1704 1550/1550/1550 1737/1737/1737
f 1550/1550/1550 1552/1552/1552 1739/1739/1739
f 1403/1403/1403 1444/1444/1444 1740/1740/1740
f 1403/1403/1403 1742/1742/1742 1644/1644/1644
f 1233/1233/1233 1743/1743/1743 1745/1745/1745
f 1641/1641/1641 1743/1743/1743 1233/1233/1233
f 1705/1705/1705 1747/1747/1747 1743/1743/1743
f 1743/1743/1743 1641/1641/1641 1705/1705/1705
f 1747/1747/1747 1509/1509/1509 1743/1743/1743
f 1705/1705/1705 1655/1655/1655 1747/1747/1747
f 1747/1747/1747 1655/1655/1655 1509/1509/1509
f 1647/1647/1647 1649/1649/1649 1445/1445/1445
f 1595/1595/1595 1749/1749/1749 1663/1663/1663
f 1596/1596/1596 1659/1659/1659 1652/1652/1652
f 1553/1553/1553 1662/1662/1662 1748/1748/1748
f 1448/1448/1448 1654/1654/1654 1662/1662/1662
f 1652/1652/1652 1659/1659/1659 1752/1752/1752
f 1665/1665/1665 1753/1753/1753 1655/1655/1655
f 1601/1601/1601 1707/1707/1707 1755/1755/1755
f 1452/1452/1452 1601/1601/1601 1758/1758/1758
f 1600/1600/1600 1754/1754/1754 1757/1757/1757
f 1554/1554/1554 1750/1750/1750 1711/1711/1711
f 1658/1658/1658 1710/1710/1710 1749/1749/1749
f 1406/1406/1406 1452/1452/1452 1712/1712/1712
f 1557/1557/1557 1667/1667/1667 1675/1675/1675
f 1676/1676/1676 1760/1760/1760 1602/1602/1602
f 1328/1328/1328 1567/1567/1567 1762/1762/1762
f 1610/1610/1610 1765/1765/1765 1611/1611/1611
f 1570/1570/1570 1613/1613/1613 1612/1612/1612
f 1480/1480/1480 1529/1529/1529 1572/1572/1572
f 1622/1622/1622 1685/1685/1685 1766/1766/1766
f 1623/1623/1623 1767/1767/1767 1688/1688/1688
f 1688/1688/1688 1623/1623/1623 1767/1767/1767
f 1333/1333/1333 1625/1625/1625 1683/1683/1683
f 1430/1430/1430 1770/1770/1770 1771/1771/1771
f 1575/1575/1575 1484/1484/1484 1772/1772/1772
f 1626/1626/1626 1773/1773/1773 1532/1532/1532
f 1489/1489/1489 1630/1630/1630 1535/1535/1535
f 1344/1344/1344 1774/1774/1774 1691/1691/1691
f 1347/1347/1347 1722/1722/1722 1536/1536/1536
f 1490/1490/1490 1541/1541/1541 1727/1727/1727
f 1728/1728/1728 1727/1727/1727 1698/1698/1698
f 1495/1495/1495 1703/1703/1703 1580/1580/1580
f 1731/1731/1731 1497/1497/1497 1582/1582/1582
f 1253/1253/1253 1441/1441/1441 1584/1584/1584
f 1015/1015/1015 1635/1635/1635 1776/1776/1776
f 1016/1016/1016 1777/1777/1777 1736/1736/1736
f 1779/1779/1779 1781/1781/1781 1783/1783/1783
f 1442/1442/1442 1313/1313/1313 1778/1778/1778
f 1779/1779/1779 1783/1783/1783 1444/1444/1444
f 1779/1779/1779 1444/1444/1444 1443/1443/1443
f 1552/1552/1552 1785/1785/1785 1739/1739/1739
f 1233/1233/1233 1784/1784/1784 1551/1551/1551
f 1233/1233/1233 1745/1745/1745 1784/1784/1784
f 1641/1641/1641 1786/1786/1786 1705/1705/1705
f 1705/1705/1705 1643/1643/1643 1787/1787/1787
f 1445/1445/1445 1649/1649/1649 1595/1595/1595
f 1595/1595/1595 1649/1649/1649 1749/1749/1749
f 1599/1599/1599 1705/1705/1705 1788/1788/1788
f 1599/1599/1599 1788/1788/1788 1660/1660/1660
f 1655/1655/1655 1753/1753/1753 1664/1664/1664
f 1753/1753/1753 1665/1665/1665 1790/1790/1790
f 1665/1665/1665 1559/1559/1559 1792/1792/1792
f 1665/1665/1665 1559/1559/1559 1793/1793/1793
f 1559/1559/1559 1793/1793/1793 1792/1792/1792
f 1668/1668/1668 1793/1793/1793 1559/1559/1559
f 1464/1464/1464 1794/1794/1794 1669/1669/1669
f 1605/1605/1605 1796/1796/1796 1471/1471/1471
f 1680/1680/1680 1798/1798/1798 1717/1717/1717
f 1153/1153/1153 1286/1286/1286 1799/1799/1799
f 1153/1153/1153 1799/1799/1799 1566/1566/1566
f 1610/1610/1610 1288/1288/1288 1801/1801/1801
f 1289/1289/1289 1718/1718/1718 1802/1802/1802
f 1285/1285/1285 1528/1528/1528 1803/1803/1803
f 1569/1569/1569 1805/1805/1805 1567/1567/1567
f 1612/1612/1612 1806/1806/1806 1568/1568/1568
f 1687/1687/1687 1809/1809/1809 1335/1335/1335
f 1335/1335/1335 1809/1809/1809 1616/1616/1616
f 1426/1426/1426 1572/1572/1572 1574/1574/1574
f 1430/1430/1430 1771/1771/1771 1168/1168/1168
f 1168/1168/1168 1771/1771/1771 1626/1626/1626
f 1484/1484/1484 1485/1485/1485 1689/1689/1689
f 1690/1690/1690 1810/1810/1810 1689/1689/1689
f 1690/1690/1690 1721/1721/1721 1810/1810/1810
f 1576/1576/1576 1693/1693/1693 1721/1721/1721
f 1344/1344/1344 1725/1725/1725 1774/1774/1774
f 1345/1345/1345 1694/1694/1694 1724/1724/1724
f 1541/1541/1541 1247/1247/1247 1700/1700/1700
f 1727/1727/1727 1541/1541/1541 1700/1700/1700
f 1540/1540/1540 1811/1811/1811 1813/1813/1813
f 1540/1540/1540 1728/1728/1728 1811/1811/1811
f 1698/1698/1698 1727/1727/1727 1700/1700/1700
f 1728/1728/1728 1698/1698/1698 1815/1815/1815
f 1695/1695/1695 1815/1815/1815 1698/1698/1698
f 1733/1733/1733 1637/1637/1637 1586/1586/1586
f 1734/1734/1734 1818/1818/1818 1639/1639/1639
f 1780/1780/1780 1778/1778/1778 1313/1313/1313
f 1550/1550/1550 1739/1739/1739 1737/1737/1737
f 1820/1820/1820 1740/1740/1740 1444/1444/1444
f 1742/1742/1742 1824/1824/1824 1644/1644/1644
f 1643/1643/1643 1786/1786/1786 1641/1641/1641
f 1705/1705/1705 1786/1786/1786 1643/1643/1643
f 1705/1705/1705 1787/1787/1787 1788/1788/1788
f 1649/1649/1649 1651/1651/1651 1749/1749/1749
f 1651/1651/1651 1751/1751/1751 1749/1749/1749
f 1509/1509/1509 1664/1664/1664 1825/1825/1825
f 1708/1708/1708 1661/1661/1661 1789/1789/1789
f 1753/1753/1753 1825/1825/1825 1664/1664/1664
f 1753/1753/1753 1790/1790/1790 1825/1825/1825
f 1665/1665/1665 1792/1792/1792 1790/1790/1790
f 1758/1758/1758 1712/1712/1712 1452/1452/1452
f 1658/1658/1658 1749/1749/1749 1751/1751/1751
f 1668/1668/1668 1826/1826/1826 1793/1793/1793
f 1669/1669/1669 1794/1794/1794 1828/1828/1828
f 1675/1675/1675 1667/1667/1667 1830/1830/1830
f 1236/1236/1236 1561/1561/1561 1564/1564/1564
f 1676/1676/1676 1563/1563/1563 1831/1831/1831
f 1470/1470/1470 1795/1795/1795 1834/1834/1834
f 1373/1373/1373 1716/1716/1716 1798/1798/1798
f 1371/1371/1371 1797/1797/1797 1679/1679/1679
f 1607/1607/1607 1835/1835/1835 1678/1678/1678
f 1566/1566/1566 1836/1836/1836 1718/1718/1718
f 1525/1525/1525 1838/1838/1838 1527/1527/1527
f 1805/1805/1805 1839/1839/1839 1567/1567/1567
f 1806/1806/1806 1804/1804/1804 1568/1568/1568
f 1681/1681/1681 1377/1377/1377 1770/1770/1770
f 1681/1681/1681 1770/1770/1770 1529/1529/1529
f 1612/1612/1612 1613/1613/1613 1806/1806/1806
f 1617/1617/1617 1482/1482/1482 1682/1682/1682
f 1623/1623/1623 1575/1575/1575 1767/1767/1767
f 1572/1572/1572 1842/1842/1842 1574/1574/1574
f 1428/1428/1428 1840/1840/1840 1768/1768/1768
f 1429/1429/1429 1573/1573/1573 1841/1841/1841
f 1626/1626/1626 1843/1843/1843 1773/1773/1773
f 1535/1535/1535 1630/1630/1630 1844/1844/1844
f 1537/1537/1537 1723/1723/1723 1248/1248/1248
f 1724/1724/1724 1694/1694/1694 1845/1845/1845
f 1248/1248/1248 1702/1702/1702 1701/1701/1701
f 1540/1540/1540 1813/1813/1813 1249/1249/1249
f 1696/1696/1696 1702/1702/1702 1846/1846/1846
f 1638/1638/1638 1589/1589/1589 1587/1587/1587
f 1848/1848/1848 1850/1850/1850 1853/1853/1853
f 1848/1848/1848 1853/1853/1853 1855/1855/1855
f 1639/1639/1639 1818/1818/1818 1592/1592/1592
f 1734/1734/1734 1704/1704/1704 1818/1818/1818
f 1444/1444/1444 1783/1783/1783 1820/1820/1820
f 1739/1739/1739 1860/1860/1860 1864/1864/1864
f 1785/1785/1785 1868/1868/1868 1739/1739/1739
f 1403/1403/1403 1740/1740/1740 1742/1742/1742
f 1785/1785/1785 1746/1746/1746 1868/1868/1868
f 1643/1643/1643 1822/1822/1822 1869/1869/1869
f 1643/1643/1643 1869/1869/1869 1787/1787/1787
f 1743/1743/1743 1509/1509/1509 1871/1871/1871
f 1790/1790/1790 1874/1874/1874 1825/1825/1825
f 1756/1756/1756 1708/1708/1708 1759/1759/1759
f 1759/1759/1759 1879/1879/1879 1714/1714/1714
f 1793/1793/1793 1826/1826/1826 1792/1792/1792
f 1675/1675/1675 1830/1830/1830 1882/1882/1882
f 1670/1670/1670 1673/1673/1673 1880/1880/1880
f 1676/1676/1676 1883/1883/1883 1760/1760/1760
f 1834/1834/1834 1795/1795/1795 1886/1886/1886
f 1468/1468/1468 1470/1470/1470 1834/1834/1834
f 1468/1468/1468 1834/1834/1834 1715/1715/1715
f 1677/1677/1677 1678/1678/1678 1888/1888/1888
f 1678/1678/1678 1835/1835/1835 1888/1888/1888
f 1837/1837/1837 1889/1889/1889 1891/1891/1891
f 1762/1762/1762 1565/1565/1565 1328/1328/1328
f 1762/1762/1762 1567/1567/1567 1565/1565/1565
f 1610/1610/1610 1801/1801/1801 1893/1893/1893
f 1609/1609/1609 1892/1892/1892 1763/1763/1763
f 1767/1767/1767 1894/1894/1894 1688/1688/1688
f 1335/1335/1335 1616/1616/1616 1624/1624/1624
f 1626/1626/1626 1771/1771/1771 1843/1843/1843
f 1484/1484/1484 1689/1689/1689 1895/1895/1895
f 1532/1532/1532 1773/1773/1773 1896/1896/1896
f 1539/1539/1539 1897/1897/1897 1694/1694/1694
f 1250/1250/1250 1898/1898/1898 1539/1539/1539
f 1814/1814/1814 1898/1898/1898 1250/1250/1250
f 1811/1811/1811 1728/1728/1728 1899/1899/1899
f 1729/1729/1729 1816/1816/1816 1900/1900/1900
f 1854/1854/1854 1852/1852/1852 1856/1856/1856
f 1850/1850/1850 1848/1848/1848 1901/1901/1901
f 1901/1901/1901 1735/1735/1735 1775/1775/1775
f 1901/1901/1901 1780/1780/1780 1735/1735/1735
f 1313/1313/1313 1735/1735/1735 1780/1780/1780
f 1737/1737/1737 1903/1903/1903 1704/1704/1704
f 1737/1737/1737 1739/1739/1739 1903/1903/1903
f 1861/1861/1861 1857/1857/1857 1904/1904/1904
f 1858/1858/1858 1738/1738/1738 1865/1865/1865
f 1746/1746/1746 1744/1744/1744 1868/1868/1868
f 1787/1787/1787 1869/1869/1869 1906/1906/1906
f 1825/1825/1825 1871/1871/1871 1509/1509/1509
f 1708/1708/1708 1908/1908/1908 1759/1759/1759
f 1562/1562/1562 1672/1672/1672 1833/1833/1833
f 1676/1676/1676 1831/1831/1831 1883/1883/1883
f 1464/1464/1464 1677/1677/1677 1794/1794/1794
f 1716/1716/1716 1887/1887/1887 1798/1798/1798
f 1798/1798/1798 1909/1909/1909 1717/1717/1717
f 1717/1717/1717 1910/1910/1910 1525/1525/1525
f 1717/1717/1717 1912/1912/1912 1910/1910/1910
f 1525/1525/1525 1890/1890/1890 1838/1838/1838
f 1286/1286/1286 1913/1913/1913 1799/1799/1799
f 1285/1285/1285 1913/1913/1913 1286/1286/1286
f 1805/1805/1805 1807/1807/1807 1914/1914/1914
f 1686/1686/1686 1615/1615/1615 1808/1808/1808
f 1773/1773/1773 1843/1843/1843 1915/1915/1915
f 1810/1810/1810 1721/1721/1721 1693/1693/1693
f 1431/1431/1431 1533/1533/1533 1719/1719/1719
f 1898/1898/1898 1916/1916/1916 1539/1539/1539
f 1812/1812/1812 1900/1900/1900 1814/1814/1814
f 1856/1856/1856 1852/1852/1852 1918/1918/1918
f 1850/1850/1850 1901/1901/1901 1634/1634/1634
f 1901/1901/1901 1775/1775/1775 1634/1634/1634
f 1856/1856/1856 1918/1918/1918 1849/1849/1849
f 1849/1849/1849 1918/1918/1918 1902/1902/1902
f 1742/1742/1742 1920/1920/1920 1824/1824/1824
f 1788/1788/1788 1787/1787/1787 1921/1921/1921
f 1708/1708/1708 1789/1789/1789 1908/1908/1908
f 1789/1789/1789 1922/1922/1922 1908/1908/1908
f 1825/1825/1825 1874/1874/1874 1871/1871/1871
f 1792/1792/1792 1923/1923/1923 1790/1790/1790
f 1792/1792/1792 1826/1826/1826 1923/1923/1923
f 1667/1667/1667 1927/1927/1927 1830/1830/1830
f 1564/1564/1564 1561/1561/1561 1832/1832/1832
f 1603/1603/1603 1928/1928/1928 1605/1605/1605
f 1715/1715/1715 1834/1834/1834 1886/1886/1886
f 1525/1525/1525 1910/1910/1910 1890/1890/1890
f 1607/1607/1607 1565/1565/1565 1835/1835/1835
f 1565/1565/1565 1929/1929/1929 1835/1835/1835
f 1837/1837/1837 1891/1891/1891 1526/1526/1526
f 1893/1893/1893 1801/1801/1801 1931/1931/1931
f 1765/1765/1765 1931/1931/1931 1801/1801/1801
f 1763/1763/1763 1892/1892/1892 1930/1930/1930
f 1567/1567/1567 1839/1839/1839 1565/1565/1565
f 1805/1805/1805 1932/1932/1932 1839/1839/1839
f 1805/1805/1805 1914/1914/1914 1932/1932/1932
f 1377/1377/1377 1611/1611/1611 1934/1934/1934
f 1377/1377/1377 1934/1934/1934 1770/1770/1770
f 1529/1529/1529 1770/1770/1770 1572/1572/1572
f 1575/1575/1575 1772/1772/1772 1767/1767/1767
f 1689/1689/1689 1935/1935/1935 1895/1895/1895
f 1533/1533/1533 1936/1936/1936 1719/1719/1719
f 1535/1535/1535 1844/1844/1844 1723/1723/1723
f 1248/1248/1248 1937/1937/1937 1938/1938/1938
f 1702/1702/1702 1248/1248/1248 1938/1938/1938
f 1900/1900/1900 1816/1816/1816 1940/1940/1940
f 1635/1635/1635 1917/1917/1917 1851/1851/1851
f 1635/1635/1635 1584/1584/1584 1941/1941/1941
f 1902/1902/1902 1918/1918/1918 1944/1944/1944
f 1902/1902/1902 1944/1944/1944 1945/1945/1945
f 1817/1817/1817 1946/1946/1946 1591/1591/1591
f 1781/1781/1781 1902/1902/1902 1783/1783/1783
f 1704/1704/1704 1903/1903/1903 1818/1818/1818
f 1905/1905/1905 1859/1859/1859 1862/1862/1862
f 1860/1860/1860 1868/1868/1868 1864/1864/1864
f 1821/1821/1821 1919/1919/1919 1741/1741/1741
f 1743/1743/1743 1871/1871/1871 1866/1866/1866
f 1948/1948/1948 1906/1906/1906 1869/1869/1869
f 1948/1948/1948 1951/1951/1951 1906/1906/1906
f 1787/1787/1787 1906/1906/1906 1921/1921/1921
f 1951/1951/1951 1921/1921/1921 1906/1906/1906
f 1922/1922/1922 1952/1952/1952 1954/1954/1954
f 1875/1875/1875 1955/1955/1955 1873/1873/1873
f 1875/1875/1875 1791/1791/1791 1955/1955/1955
f 1713/1713/1713 1876/1876/1876 1957/1957/1957
f 1666/1666/1666 1712/1712/1712 1956/1956/1956
f 1791/1791/1791 1924/1924/1924 1960/1960/1960
f 1880/1880/1880 1829/1829/1829 1670/1670/1670
f 1761/1761/1761 1928/1928/1928 1603/1603/1603
f 1889/1889/1889 1961/1961/1961 1891/1891/1891
f 1526/1526/1526 1891/1891/1891 1962/1962/1962
f 1891/1891/1891 1961/1961/1961 1962/1962/1962
f 1803/1803/1803 1964/1964/1964 1285/1285/1285
f 1803/1803/1803 1528/1528/1528 1964/1964/1964
f 1528/1528/1528 1963/1963/1963 1964/1964/1964
f 1688/1688/1688 1894/1894/1894 1967/1967/1967
f 1688/1688/1688 1967/1967/1967 1618/1618/1618
f 1771/1771/1771 1770/1770/1770 1968/1968/1968
f 1773/1773/1773 1915/1915/1915 1896/1896/1896
f 1689/1689/1689 1810/1810/1810 1935/1935/1935
f 1533/1533/1533 1531/1531/1531 1969/1969/1969
f 1627/1627/1627 1972/1972/1972 1629/1629/1629
f 1774/1774/1774 1974/1974/1974 1691/1691/1691
f 1844/1844/1844 1630/1630/1630 1975/1975/1975
f 1977/1977/1977 1978/1978/1978 1725/1725/1725
f 1977/1977/1977 1725/1725/1725 1979/1979/1979
f 1248/1248/1248 1723/1723/1723 1981/1981/1981
f 1702/1702/1702 1938/1938/1938 1846/1846/1846
f 1898/1898/1898 1814/1814/1814 1916/1916/1916
f 1816/1816/1816 1697/1697/1697 1983/1983/1983
f 1635/1635/1635 1941/1941/1941 1917/1917/1917
f 1441/1441/1441 1984/1984/1984 1584/1584/1584
f 1441/1441/1441 1590/1590/1590 1984/1984/1984
f 1739/1739/1739 1985/1985/1985 1903/1903/1903
f 1985/1985/1985 1739/1739/1739 1864/1864/1864
f 1742/1742/1742 1740/1740/1740 1986/1986/1986
f 1742/1742/1742 1986/1986/1986 1824/1824/1824
f 1870/1870/1870 1823/1823/1823 1949/1949/1949
f 1873/1873/1873 1988/1988/1988 1989/1989/1989
f 1759/1759/1759 1908/1908/1908 1879/1879/1879
f 1924/1924/1924 1828/1828/1828 1960/1960/1960
f 1667/1667/1667 1992/1992/1992 1927/1927/1927
f 1794/1794/1794 1994/1994/1994 1828/1828/1828
f 1881/1881/1881 1671/1671/1671 1996/1996/1996
f 1884/1884/1884 1833/1833/1833 2001/2001/2001
f 1605/1605/1605 1928/1928/1928 2003/2003/2003
f 1717/1717/1717 2004/2004/2004 1912/1912/1912
f 1717/1717/1717 1909/1909/1909 2004/2004/2004
f 1798/1798/1798 2005/2005/2005 1909/1909/1909
f 1565/1565/1565 1839/1839/1839 2006/2006/2006
f 1839/1839/1839 1932/1932/1932 2007/2007/2007
f 1932/1932/1932 1914/1914/1914 2007/2007/2007
f 1572/1572/1572 1770/1770/1770 1842/1842/1842
f 1767/1767/1767 2008/2008/2008 1894/1894/1894
f 1616/1616/1616 1965/1965/1965 1624/1624/1624
f 1767/1767/1767 1772/1772/1772 2008/2008/2008
f 1484/1484/1484 1895/1895/1895 1772/1772/1772
f 1720/1720/1720 2010/2010/2010 2011/2011/2011
f 1627/1627/1627 1720/1720/1720 2011/2011/2011
f 1631/1631/1631 1973/1973/1973 1976/1976/1976
f 1723/1723/1723 1844/1844/1844 1975/1975/1975
f 1979/1979/1979 2013/2013/2013 1977/1977/1977
f 1724/1724/1724 2015/2015/2015 1726/1726/1726
f 1248/1248/1248 1981/1981/1981 1937/1937/1937
f 1847/1847/1847 1939/1939/1939 2016/2016/2016
f 1697/1697/1697 1847/1847/1847 2016/2016/2016
f 1818/1818/1818 2018/2018/2018 1947/1947/1947
f 1902/1902/1902 1945/1945/1945 1783/1783/1783
f 1864/1864/1864 2019/2019/2019 1985/1985/1985
f 1986/1986/1986 1740/1740/1740 1820/1820/1820
f 1867/1867/1867 1872/1872/1872 1863/1863/1863
f 1864/1864/1864 1873/1873/1873 2019/2019/2019
f 1952/1952/1952 1950/1950/1950 1954/1954/1954
f 1873/1873/1873 1955/1955/1955 1988/1988/1988
f 1791/1791/1791 1960/1960/1960 1955/1955/1955
f 1667/1667/1667 1958/1958/1958 1992/1992/1992
f 1827/1827/1827 1993/1993/1993 1959/1959/1959
f 1880/1880/1880 1995/1995/1995 1670/1670/1670
f 1885/1885/1885 2020/2020/2020 1761/1761/1761
f 1604/1604/1604 2002/2002/2002 1795/1795/1795
f 1910/1910/1910 1912/1912/1912 1890/1890/1890
f 1888/1888/1888 1835/1835/1835 2021/2021/2021
f 1835/1835/1835 1929/1929/1929 2021/2021/2021
f 1807/1807/1807 1618/1618/1618 2022/2022/2022
f 1771/1771/1771 2023/2023/2023 1843/1843/1843
f 1693/1693/1693 2024/2024/2024 1810/1810/1810
f 1774/1774/1774 2025/2025/2025 1974/1974/1974
f 1774/1774/1774 1725/1725/1725 2025/2025/2025
f 1978/1978/1978 2025/2025/2025 1725/1725/1725
f 1723/1723/1723 1975/1975/1975 2026/2026/2026
f 2030/2030/2030 2013/2013/2013 1979/1979/1979
f 1694/1694/1694 1897/1897/1897 1845/1845/1845
f 1816/1816/1816 1983/1983/1983 2032/2032/2032
f 1697/1697/1697 2016/2016/2016 1983/1983/1983
f 1946/1946/1946 2033/2033/2033 1591/1591/1591
f 1824/1824/1824 1986/1986/1986 2034/2034/2034
f 1873/1873/1873 2035/2035/2035 2019/2019/2019
f 1950/1950/1950 1824/1824/1824 2034/2034/2034
f 1873/1873/1873 1989/1989/1989 2035/2035/2035
f 1955/1955/1955 2038/2038/2038 1988/1988/1988
f 1670/1670/1670 1829/1829/1829 1925/1925/1925
f 1833/1833/1833 1672/1672/1672 2042/2042/2042
f 1833/1833/1833 2042/2042/2042 2001/2001/2001
f 1761/1761/1761 2020/2020/2020 1928/1928/1928
f 1677/1677/1677 2043/2043/2043 1794/1794/1794
f 1677/1677/1677 1888/1888/1888 2043/2043/2043
f 1887/1887/1887 2005/2005/2005 1798/1798/1798
f 1887/1887/1887 2045/2045/2045 2005/2005/2005
f 1911/1911/1911 2047/2047/2047 1889/1889/1889
f 1929/1929/1929 1565/1565/1565 2048/2048/2048
f 1565/1565/1565 2006/2006/2006 2048/2048/2048
f 1913/1913/1913 1285/1285/1285 1964/1964/1964
f 1765/1765/1765 2049/2049/2049 1934/1934/1934
f 1611/1611/1611 1765/1765/1765 1934/1934/1934
f 2007/2007/2007 2050/2050/2050 1839/1839/1839
f 2007/2007/2007 1914/1914/1914 2050/2050/2050
f 1618/1618/1618 2051/2051/2051 2022/2022/2022
f 1617/1617/1617 1682/1682/1682 1966/1966/1966
f 1894/1894/1894 2008/2008/2008 1967/1967/1967
f 1625/1625/1625 2053/2053/2053 1683/1683/1683
f 1533/1533/1533 1969/1969/1969 1936/1936/1936
f 1972/1972/1972 1627/1627/1627 2011/2011/2011
f 1977/1977/1977 2054/2054/2054 1978/1978/1978
f 2031/2031/2031 1980/1980/1980 2015/2015/2015
f 1723/1723/1723 2056/2056/2056 1981/1981/1981
f 1940/1940/1940 1816/1816/1816 2032/2032/2032
f 1947/1947/1947 2018/2018/2018 2057/2057/2057
f 2058/2058/2058 2060/2060/2060 1819/1819/1819
f 1783/1783/1783 2059/2059/2059 1820/1820/1820
f 1950/1950/1950 2064/2064/2064 1954/1954/1954
f 1922/1922/1922 2066/2066/2066 1908/1908/1908
f 1877/1877/1877 1926/1926/1926 1990/1990/1990
f 1997/1997/1997 2042/2042/2042 1672/1672/1672
f 1909/1909/1909 2005/2005/2005 2004/2004/2004
f 1802/1802/1802 1718/1718/1718 2068/2068/2068
f 1765/1765/1765 1801/1801/1801 2070/2070/2070
f 1764/1764/1764 2069/2069/2069 2071/2071/2071
f 1765/1765/1765 2072/2072/2072 2049/2049/2049
f 1618/1618/1618 1967/1967/1967 2051/2051/2051
f 1967/1967/1967 2074/2074/2074 2051/2051/2051
f 1625/1625/1625 2076/2076/2076 2053/2053/2053
f 1771/1771/1771 1968/1968/1968 2023/2023/2023
f 2023/2023/2023 1915/1915/1915 1843/1843/1843
f 1532/1532/1532 2077/2077/2077 1970/1970/1970
f 1978/1978/1978 2054/2054/2054 2025/2025/2025
f 1980/1980/1980 1726/1726/1726 2015/2015/2015
f 1845/1845/1845 1897/1897/1897 2079/2079/2079
f 1539/1539/1539 1916/1916/1916 1897/1897/1897
f 1900/1900/1900 1940/1940/1940 2032/2032/2032
f 2018/2018/2018 2081/2081/2081 2057/2057/2057
f 2061/2061/2061 2082/2082/2082 1820/1820/1820
f 1918/1918/1918 1942/1942/1942 1944/1944/1944
f 1944/1944/1944 2084/2084/2084 1945/1945/1945
f 1945/1945/1945 2084/2084/2084 1783/1783/1783
f 1591/1591/1591 2033/2033/2033 2086/2086/2086
f 1818/1818/1818 1903/1903/1903 2035/2035/2035
f 1783/1783/1783 2084/2084/2084 2089/2089/2089
f 2019/2019/2019 2035/2035/2035 1985/1985/1985
f 1989/1989/1989 2090/2090/2090 2035/2035/2035
f 1950/1950/1950 2034/2034/2034 2093/2093/2093
f 1950/1950/1950 2093/2093/2093 2064/2064/2064
f 1987/1987/1987 2036/2036/2036 2094/2094/2094
f 1879/1879/1879 1908/1908/1908 2098/2098/2098
f 1960/1960/1960 2038/2038/2038 1955/1955/1955
f 1960/1960/1960 2099/2099/2099 2038/2038/2038
f 1958/1958/1958 1879/1879/1879 1992/1992/1992
f 1877/1877/1877 2101/2101/2101 1926/1926/1926
f 1671/1671/1671 1926/1926/1926 1996/1996/1996
f 1794/1794/1794 2107/2107/2107 1994/1994/1994
f 1886/1886/1886 1795/1795/1795 2108/2108/2108
f 1886/1886/1886 2108/2108/2108 2044/2044/2044
f 1889/1889/1889 2047/2047/2047 1961/1961/1961
f 1566/1566/1566 1799/1799/1799 1836/1836/1836
f 1961/1961/1961 2110/2110/2110 1962/1962/1962
f 1963/1963/1963 2111/2111/2111 1964/1964/1964
f 1839/1839/1839 2048/2048/2048 2006/2006/2006
f 2112/2112/2112 2113/2113/2113 2116/2116/2116
f 1624/1624/1624 1965/1965/1965 2075/2075/2075
f 2008/2008/2008 1772/1772/1772 2118/2118/2118
f 1772/1772/1772 1895/1895/1895 2118/2118/2118
f 1915/1915/1915 2023/2023/2023 2119/2119/2119
f 1719/1719/1719 2120/2120/2120 2009/2009/2009
f 1977/1977/1977 2122/2122/2122 2054/2054/2054
f 1976/1976/1976 1973/1973/1973 2125/2125/2125
f 1723/1723/1723 2026/2026/2026 2056/2056/2056
f 2014/2014/2014 2031/2031/2031 2126/2126/2126
f 1845/1845/1845 2127/2127/2127 1724/1724/1724
f 1937/1937/1937 2128/2128/2128 1938/1938/1938
f 2057/2057/2057 2081/2081/2081 1947/1947/1947
f 1941/1941/1941 1584/1584/1584 1984/1984/1984
f 1782/1782/1782 2130/2130/2130 2058/2058/2058
f 1783/1783/1783 2089/2089/2089 2132/2132/2132
f 1985/1985/1985 2035/2035/2035 1903/1903/1903
f 1820/1820/1820 2082/2082/2082 1986/1986/1986
f 2034/2034/2034 1986/1986/1986 2134/2134/2134
f 2034/2034/2034 2134/2134/2134 2136/2136/2136
f 2093/2093/2093 2034/2034/2034 2136/2136/2136
f 1922/1922/1922 1954/1954/1954 2139/2139/2139
f 2066/2066/2066 1922/1922/1922 2139/2139/2139
f 2141/2141/2141 1926/1926/1926 2101/2101/2101
f 1960/1960/1960 1994/1994/1994 2142/2142/2142
f 1888/1888/1888 2021/2021/2021 2043/2043/2043
f 1929/1929/1929 2143/2143/2143 2021/2021/2021
f 1961/1961/1961 2145/2145/2145 2110/2110/2110
f 1929/1929/1929 2048/2048/2048 2143/2143/2143
f 1913/1913/1913 1964/1964/1964 1799/1799/1799
f 1802/1802/1802 2068/2068/2068 2147/2147/2147
f 2072/2072/2072 2070/2070/2070 1801/1801/1801
f 2112/2112/2112 1933/1933/1933 2148/2148/2148
f 2112/2112/2112 2148/2148/2148 2113/2113/2113
f 2112/2112/2112 1769/1769/1769 1933/1933/1933
f 2112/2112/2112 2150/2150/2150 1769/1769/1769
f 2008/2008/2008 2153/2153/2153 1967/1967/1967
f 1966/1966/1966 1682/1682/1682 2073/2073/2073
f 2153/2153/2153 2008/2008/2008 2154/2154/2154
f 1968/1968/1968 1770/1770/1770 2156/2156/2156
f 1974/1974/1974 2157/2157/2157 1691/1691/1691
f 1719/1719/1719 1936/1936/1936 2120/2120/2120
f 2010/2010/2010 2160/2160/2160 2162/2162/2162
f 1974/1974/1974 2165/2165/2165 2157/2157/2157
f 2010/2010/2010 2162/2162/2162 2011/2011/2011
f 2122/2122/2122 2167/2167/2167 2054/2054/2054
f 2015/2015/2015 1724/1724/1724 2127/2127/2127
f 1916/1916/1916 2169/2169/2169 1897/1897/1897
f 2058/2058/2058 2170/2170/2170 2060/2060/2060
f 2061/2061/2061 2171/2171/2171 2082/2082/2082
f 1818/1818/1818 2035/2035/2035 2018/2018/2018
f 1941/1941/1941 2172/2172/2172 1943/1943/1943
f 1590/1590/1590 2085/2085/2085 1984/1984/1984
f 2088/2088/2088 2174/2174/2174 2131/2131/2131
f 1986/1986/1986 2082/2082/2082 2134/2134/2134
f 2091/2091/2091 2135/2135/2135 2133/2133/2133
f 2093/2093/2093 2175/2175/2175 2177/2177/2177
f 2090/2090/2090 1989/1989/1989 2178/2178/2178
f 2092/2092/2092 2176/2176/2176 2179/2179/2179
f 2093/2093/2093 2180/2180/2180 2064/2064/2064
f 1989/1989/1989 1988/1988/1988 2181/2181/2181
f 1988/1988/1988 2095/2095/2095 2181/2181/2181
f 1879/1879/1879 2183/2183/2183 1992/1992/1992
f 1998/1998/1998 2140/2140/2140 2100/2100/2100
f 2141/2141/2141 1999/1999/1999 2039/2039/2039
f 2141/2141/2141 2039/2039/2039 1926/1926/1926
f 1884/1884/1884 2001/2001/2001 2184/2184/2184
f 1994/1994/1994 2187/2187/2187 2142/2142/2142
f 1926/1926/1926 2039/2039/2039 1996/1996/1996
f 1994/1994/1994 2107/2107/2107 2187/2187/2187
f 1794/1794/1794 2043/2043/2043 2107/2107/2107
f 1961/1961/1961 2047/2047/2047 2145/2145/2145
f 1718/1718/1718 1836/1836/1836 2188/2188/2188
f 2021/2021/2021 2143/2143/2143 2190/2190/2190
f 2071/2071/2071 1800/1800/1800 2069/2069/2069
f 1839/1839/1839 2191/2191/2191 2048/2048/2048
f 1934/1934/1934 2049/2049/2049 2149/2149/2149
f 1839/1839/1839 2050/2050/2050 2192/2192/2192
f 2115/2115/2115 2149/2149/2149 2194/2194/2194
f 2114/2114/2114 2193/2193/2193 2117/2117/2117
f 2117/2117/2117 2193/2193/2193 2196/2196/2196
f 2116/2116/2116 2195/2195/2195 2112/2112/2112
f 2112/2112/2112 2197/2197/2197 2150/2150/2150
f 2008/2008/2008 2118/2118/2118 2199/2199/2199
f 1915/1915/1915 2200/2200/2200 1896/1896/1896
f 2024/2024/2024 1693/1693/1693 2202/2202/2202
f 1692/1692/1692 2158/2158/2158 2201/2201/2201
f 2009/2009/2009 2120/2120/2120 2159/2159/2159
f 2054/2054/2054 2167/2167/2167 1974/1974/1974
f 2025/2025/2025 2054/2054/2054 1974/1974/1974
f 1971/1971/1971 2078/2078/2078 2203/2203/2203
f 1977/1977/1977 2204/2204/2204 2206/2206/2206
f 1972/1972/1972 2011/2011/2011 2124/2124/2124
f 1977/1977/1977 2013/2013/2013 2204/2204/2204
f 2013/2013/2013 2208/2208/2208 2204/2204/2204
f 2056/2056/2056 2212/2212/2212 1981/1981/1981
f 1937/1937/1937 1981/1981/1981 2128/2128/2128
f 2016/2016/2016 1939/1939/1939 2214/2214/2214
f 1814/1814/1814 1900/1900/1900 2215/2215/2215
f 2058/2058/2058 2130/2130/2130 2170/2170/2170
f 1984/1984/1984 2216/2216/2216 1941/1941/1941
f 2175/2175/2175 2093/2093/2093 2134/2134/2134
f 2178/2178/2178 1989/1989/1989 2217/2217/2217
f 2180/2180/2180 2220/2220/2220 2064/2064/2064
f 1953/1953/1953 2062/2062/2062 2218/2218/2218
f 2183/2183/2183 1879/1879/1879 2098/2098/2098
f 1878/1878/1878 1991/1991/1991 2182/2182/2182
f 1879/1879/1879 2183/2183/2183 2105/2105/2105
f 2142/2142/2142 2099/2099/2099 1960/1960/1960
f 2000/2000/2000 2102/2102/2102 2040/2040/2040
f 2142/2142/2142 2187/2187/2187 2222/2222/2222
f 2185/2185/2185 2020/2020/2020 1885/1885/1885
f 2020/2020/2020 2224/2224/2224 1928/1928/1928
f 1836/1836/1836 1799/1799/1799 2225/2225/2225
f 1836/1836/1836 2225/2225/2225 2188/2188/2188
f 1801/1801/1801 2146/2146/2146 2070/2070/2070
f 2049/2049/2049 2072/2072/2072 2228/2228/2228
f 2112/2112/2112 2195/2195/2195 2229/2229/2229
f 2112/2112/2112 2229/2229/2229 2197/2197/2197
f 1769/1769/1769 2150/2150/2150 2155/2155/2155
f 1965/1965/1965 2152/2152/2152 2075/2075/2075
f 2008/2008/2008 2199/2199/2199 2154/2154/2154
f 1968/1968/1968 2156/2156/2156 2023/2023/2023
f 2119/2119/2119 2200/2200/2200 1915/1915/1915
f 1971/1971/1971 2203/2203/2203 2233/2233/2233
f 2211/2211/2211 2055/2055/2055 2234/2234/2234
f 1982/1982/1982 2213/2213/2213 2129/2129/2129
f 1900/1900/1900 2032/2032/2032 2215/2215/2215
f 1946/1946/1946 2080/2080/2080 2237/2237/2237
f 1946/1946/1946 2237/2237/2237 2033/2033/2033
f 1941/1941/1941 2216/2216/2216 2172/2172/2172
f 2033/2033/2033 2237/2237/2237 2086/2086/2086
f 2172/2172/2172 2083/2083/2083 1943/1943/1943
f 2173/2173/2173 2087/2087/2087 2238/2238/2238
f 1989/1989/1989 2181/2181/2181 2240/2240/2240
f 2220/2220/2220 2139/2139/2139 1954/1954/1954
f 2099/2099/2099 2242/2242/2242 2038/2038/2038
f 2105/2105/2105 2183/2183/2183 2098/2098/2098
f 2107/2107/2107 2043/2043/2043 2243/2243/2243
f 2004/2004/2004 2005/2005/2005 2245/2245/2245
f 2043/2043/2043 2021/2021/2021 2246/2246/2246
f 1718/1718/1718 2188/2188/2188 2068/2068/2068
f 2049/2049/2049 2228/2228/2228 2149/2149/2149
f 2196/2196/2196 2193/2193/2193 2230/2230/2230
f 2248/2248/2248 2151/2151/2151 2198/2198/2198
f 2151/2151/2151 2249/2249/2249 2156/2156/2156
f 2167/2167/2167 2165/2165/2165 1974/1974/1974
f 2122/2122/2122 1977/1977/1977 2250/2250/2250
f 1936/1936/1936 2252/2252/2252 2120/2120/2120
f 2014/2014/2014 2254/2254/2254 2210/2210/2210
f 2014/2014/2014 2126/2126/2126 2254/2254/2254
f 2056/2056/2056 2255/2255/2255 2235/2235/2235
f 2031/2031/2031 2015/2015/2015 2256/2256/2256
f 2079/2079/2079 2127/2127/2127 1845/1845/1845
f 2032/2032/2032 1983/1983/1983 2215/2215/2215
f 2081/2081/2081 2018/2018/2018 2259/2259/2259
f 2171/2171/2171 2261/2261/2261 2262/2262/2262
f 2170/2170/2170 2130/2130/2130 2260/2260/2260
f 2082/2082/2082 2171/2171/2171 2262/2262/2262
f 2216/2216/2216 1984/1984/1984 2172/2172/2172
f 2083/2083/2083 2263/2263/2263 2264/2264/2264
f 2088/2088/2088 2083/2083/2083 2264/2264/2264
f 2239/2239/2239 2088/2088/2088 2264/2264/2264
f 2175/2175/2175 2134/2134/2134 2266/2266/2266
f 2177/2177/2177 2175/2175/2175 2180/2180/2180
f 1989/1989/1989 2240/2240/2240 2217/2217/2217
f 2064/2064/2064 2220/2220/2220 2270/2270/2270
f 2063/2063/2063 2269/2269/2269 2138/2138/2138
f 2065/2065/2065 2271/2271/2271 1907/1907/1907
f 1908/1908/1908 2274/2274/2274 2098/2098/2098
f 2041/2041/2041 2103/2103/2103 2275/2275/2275
f 2041/2041/2041 2275/2275/2275 2277/2277/2277
f 2042/2042/2042 2281/2281/2281 2001/2001/2001
f 2187/2187/2187 2107/2107/2107 2222/2222/2222
f 2107/2107/2107 2222/2222/2222 2187/2187/2187
f 2186/2186/2186 2221/2221/2221 2106/2106/2106
f 2108/2108/2108 1795/1795/1795 2044/2044/2044
f 1799/1799/1799 2282/2282/2282 2225/2225/2225
f 2068/2068/2068 2188/2188/2188 2225/2225/2225
f 1799/1799/1799 1964/1964/1964 2283/2283/2283
f 1964/1964/1964 2111/2111/2111 2283/2283/2283
f 2146/2146/2146 2067/2067/2067 2228/2228/2228
f 2071/2071/2071 2069/2069/2069 2226/2226/2226
f 2070/2070/2070 2146/2146/2146 2228/2228/2228
f 2228/2228/2228 2285/2285/2285 2149/2149/2149
f 1839/1839/1839 2286/2286/2286 2191/2191/2191
f 2197/2197/2197 2229/2229/2229 2247/2247/2247
f 2073/2073/2073 1682/1682/1682 2052/2052/2052
f 2023/2023/2023 2156/2156/2156 2249/2249/2249
f 2023/2023/2023 2249/2249/2249 2119/2119/2119
f 1810/1810/1810 2024/2024/2024 1935/1935/1935
f 2166/2166/2166 2201/2201/2201 2158/2158/2158
f 1532/1532/1532 1896/1896/1896 2077/2077/2077
f 1977/1977/1977 2287/2287/2287 2250/2250/2250
f 2168/2168/2168 2123/2123/2123 2166/2166/2166
f 2159/2159/2159 2120/2120/2120 2161/2161/2161
f 1936/1936/1936 1969/1969/1969 2232/2232/2232
f 1936/1936/1936 2232/2232/2232 2252/2252/2252
f 2162/2162/2162 2289/2289/2289 2011/2011/2011
f 2011/2011/2011 2291/2291/2291 2124/2124/2124
f 2205/2205/2205 2293/2293/2293 2207/2207/2207
f 1976/1976/1976 2125/2125/2125 2296/2296/2296
f 2026/2026/2026 1975/1975/1975 2298/2298/2298
f 2056/2056/2056 2026/2026/2026 2255/2255/2255
f 2255/2255/2255 2026/2026/2026 2300/2300/2300
f 2236/2236/2236 2301/2301/2301 2213/2213/2213
f 2031/2031/2031 2256/2256/2256 2126/2126/2126
f 1939/1939/1939 2129/2129/2129 2214/2214/2214
f 2016/2016/2016 2214/2214/2214 1983/1983/1983
f 2017/2017/2017 2302/2302/2302 2257/2257/2257
f 2080/2080/2080 2258/2258/2258 2237/2237/2237
f 2018/2018/2018 2306/2306/2306 2303/2303/2303
f 2018/2018/2018 2035/2035/2035 2306/2306/2306
f 2172/2172/2172 2263/2263/2263 2083/2083/2083
f 1984/1984/1984 2085/2085/2085 2263/2263/2263
f 1984/1984/1984 2263/2263/2263 2172/2172/2172
f 2174/2174/2174 2239/2239/2239 2131/2131/2131
f 2218/2218/2218 2062/2062/2062 2137/2137/2137
f 2142/2142/2142 2222/2222/2222 2099/2099/2099
f 2020/2020/2020 2185/2185/2185 2224/2224/2224
f 1928/1928/1928 2224/2224/2224 2003/2003/2003
f 1795/1795/1795 2002/2002/2002 2307/2307/2307
f 2043/2043/2043 2308/2308/2308 2243/2243/2243
f 2043/2043/2043 2246/2246/2246 2308/2308/2308
f 1912/1912/1912 2004/2004/2004 2245/2245/2245
f 2005/2005/2005 2045/2045/2045 2309/2309/2309
f 1911/1911/1911 2244/2244/2244 2047/2047/2047
f 2021/2021/2021 2312/2312/2312 2246/2246/2246
f 2109/2109/2109 2144/2144/2144 2313/2313/2313
f 2190/2190/2190 2143/2143/2143 2316/2316/2316
f 2190/2190/2190 2316/2316/2316 2318/2318/2318
f 2191/2191/2191 2286/2286/2286 2319/2319/2319
f 2231/2231/2231 2321/2321/2321 2248/2248/2248
f 1807/1807/1807 2022/2022/2022 2322/2322/2322
f 2152/2152/2152 2323/2323/2323 2075/2075/2075
f 2151/2151/2151 2326/2326/2326 2249/2249/2249
f 2123/2123/2123 2251/2251/2251 2166/2166/2166
f 2287/2287/2287 1977/1977/1977 2206/2206/2206
f 2121/2121/2121 2253/2253/2253 2328/2328/2328
f 2012/2012/2012 2290/2290/2290 2292/2292/2292
f 2203/2203/2203 2078/2078/2078 2330/2330/2330
f 1975/1975/1975 2294/2294/2294 2298/2298/2298
f 2235/2235/2235 2255/2255/2255 2300/2300/2300
f 2126/2126/2126 2331/2331/2331 2254/2254/2254
f 2129/2129/2129 2213/2213/2213 2332/2332/2332
f 2257/2257/2257 2302/2302/2302 2333/2333/2333
f 2262/2262/2262 2335/2335/2335 2082/2082/2082
f 2134/2134/2134 2336/2336/2336 2266/2266/2266
f 2066/2066/2066 2139/2139/2139 2274/2274/2274
f 2105/2105/2105 2098/2098/2098 2338/2338/2338
f 2105/2105/2105 2338/2338/2338 2341/2341/2341
f 2339/2339/2339 2276/2276/2276 2104/2104/2104
f 2001/2001/2001 2340/2340/2340 2184/2184/2184
f 2099/2099/2099 2222/2222/2222 2242/2242/2242
f 2184/2184/2184 2342/2342/2342 2223/2223/2223
f 2244/2244/2244 2343/2343/2343 2047/2047/2047
f 1799/1799/1799 2283/2283/2283 2282/2282/2282
f 2111/2111/2111 2315/2315/2315 2283/2283/2283
f 2048/2048/2048 2319/2319/2319 2143/2143/2143
f 2048/2048/2048 2191/2191/2191 2319/2319/2319
f 1914/1914/1914 2192/2192/2192 2050/2050/2050
f 1914/1914/1914 2322/2322/2322 2192/2192/2192
f 1914/1914/1914 1807/1807/1807 2322/2322/2322
f 2149/2149/2149 2346/2346/2346 2194/2194/2194
f 2151/2151/2151 2248/2248/2248 2326/2326/2326
f 2153/2153/2153 2154/2154/2154 2199/2199/2199
f 2153/2153/2153 2199/2199/2199 2324/2324/2324
f 2118/2118/2118 2349/2349/2349 2199/2199/2199
f 2119/2119/2119 2350/2350/2350 2200/2200/2200
f 2166/2166/2166 2251/2251/2251 2201/2201/2201
f 2163/2163/2163 2352/2352/2352 2290/2290/2290
f 2077/2077/2077 2354/2354/2354 2329/2329/2329
f 2233/2233/2233 2203/2203/2203 2330/2330/2330
f 2209/2209/2209 2355/2355/2355 2205/2205/2205
f 1897/1897/1897 2169/2169/2169 2356/2356/2356
f 2169/2169/2169 1916/1916/1916 2357/2357/2357
f 1814/1814/1814 2215/2215/2215 1916/1916/1916
f 2303/2303/2303 2306/2306/2306 2334/2334/2334
f 2264/2264/2264 2263/2263/2263 2239/2239/2239
f 2134/2134/2134 2082/2082/2082 2358/2358/2358
f 2266/2266/2266 2336/2336/2336 2359/2359/2359
f 2175/2175/2175 2266/2266/2266 2360/2360/2360
f 2217/2217/2217 2361/2361/2361 2178/2178/2178
f 2217/2217/2217 2240/2240/2240 2361/2361/2361
f 2096/2096/2096 2362/2362/2362 2337/2337/2337
f 2276/2276/2276 2339/2339/2339 2364/2364/2364
f 2184/2184/2184 2340/2340/2340 2342/2342/2342
f 2276/2276/2276 2364/2364/2364 2278/2278/2278
f 2001/2001/2001 2281/2281/2281 2340/2340/2340
f 1795/1795/1795 2307/2307/2307 2044/2044/2044
f 2227/2227/2227 2370/2370/2370 2284/2284/2284
f 2285/2285/2285 2346/2346/2346 2149/2149/2149
f 2230/2230/2230 2345/2345/2345 2373/2373/2373
f 2230/2230/2230 2193/2193/2193 2345/2345/2345
f 2248/2248/2248 2321/2321/2321 2326/2326/2326
f 2119/2119/2119 2249/2249/2249 2350/2350/2350
f 1895/1895/1895 2375/2375/2375 2376/2376/2376
f 1935/1935/1935 2377/2377/2377 1895/1895/1895
f 1895/1895/1895 2377/2377/2377 2375/2375/2375
f 2024/2024/2024 2202/2202/2202 2378/2378/2378
f 2120/2120/2120 2327/2327/2327 2161/2161/2161
f 2125/2125/2125 2292/2292/2292 2296/2296/2296
f 2293/2293/2293 2205/2205/2205 2355/2355/2355
f 2209/2209/2209 2379/2379/2379 2355/2355/2355
f 2210/2210/2210 2382/2382/2382 2380/2380/2380
f 2213/2213/2213 2301/2301/2301 2332/2332/2332
f 1983/1983/1983 2214/2214/2214 2215/2215/2215
f 2262/2262/2262 2261/2261/2261 2384/2384/2384
f 2262/2262/2262 2384/2384/2384 2335/2335/2335
f 2239/2239/2239 2263/2263/2263 2385/2385/2385
f 2263/2263/2263 2085/2085/2085 2386/2386/2386
f 2090/2090/2090 2388/2388/2388 2035/2035/2035
f 2175/2175/2175 2360/2360/2360 2180/2180/2180
f 2274/2274/2274 2139/2139/2139 2392/2392/2392
f 2038/2038/2038 2395/2395/2395 2095/2095/2095
f 2098/2098/2098 2398/2398/2398 2363/2363/2363
f 2038/2038/2038 2242/2242/2242 2399/2399/2399
f 2222/2222/2222 2401/2401/2401 2242/2242/2242
f 2281/2281/2281 2368/2368/2368 2340/2340/2340
f 2308/2308/2308 2246/2246/2246 2243/2243/2243
f 2246/2246/2246 2402/2402/2402 2403/2403/2403
f 2404/2404/2404 2046/2046/2046 2406/2406/2406
f 2044/2044/2044 2307/2307/2307 2405/2405/2405
f 2246/2246/2246 2407/2407/2407 2402/2402/2402
f 2245/2245/2245 2005/2005/2005 2408/2408/2408
f 2046/2046/2046 2404/2404/2404 2310/2310/2310
f 2021/2021/2021 2190/2190/2190 2312/2312/2312
f 2282/2282/2282 2283/2283/2283 2410/2410/2410
f 2225/2225/2225 2412/2412/2412 2068/2068/2068
f 2319/2319/2319 2286/2286/2286 2413/2413/2413
f 1839/1839/1839 2192/2192/2192 2286/2286/2286
f 2230/2230/2230 2373/2373/2373 2320/2320/2320
f 2322/2322/2322 2414/2414/2414 2192/2192/2192
f 2321/2321/2321 2374/2374/2374 2326/2326/2326
f 2022/2022/2022 2051/2051/2051 2322/2322/2322
f 2074/2074/2074 2416/2416/2416 2051/2051/2051
f 2324/2324/2324 2199/2199/2199 2418/2418/2418
f 1895/1895/1895 2376/2376/2376 2118/2118/2118
f 2024/2024/2024 2378/2378/2378 2420/2420/2420
f 2288/2288/2288 2421/2421/2421 2251/2251/2251
f 2077/2077/2077 1896/1896/1896 2354/2354/2354
f 2164/2164/2164 2328/2328/2328 2425/2425/2425
f 2354/2354/2354 2426/2426/2426 2329/2329/2329
f 2293/2293/2293 2430/2430/2430 2207/2207/2207
f 2299/2299/2299 2295/2295/2295 2027/2027/2027
f 2254/2254/2254 2382/2382/2382 2210/2210/2210
f 2333/2333/2333 2304/2304/2304 2257/2257/2257
f 2335/2335/2335 2384/2384/2384 2432/2432/2432
f 2306/2306/2306 2035/2035/2035 2388/2388/2388
f 2270/2270/2270 2398/2398/2398 2098/2098/2098
f 2097/2097/2097 2389/2389/2389 2267/2267/2267
f 2097/2097/2097 2272/2272/2272 2389/2389/2389
f 2280/2280/2280 2366/2366/2366 2433/2433/2433
f 2279/2279/2279 2435/2435/2435 2365/2365/2365
f 2107/2107/2107 2243/2243/2243 2437/2437/2437
f 2245/2245/2245 2408/2408/2408 2344/2344/2344
f 2067/2067/2067 2411/2411/2411 2438/2438/2438
f 2067/2067/2067 2438/2438/2438 2228/2228/2228
f 2249/2249/2249 2326/2326/2326 2440/2440/2440
f 2199/2199/2199 2349/2349/2349 2442/2442/2442
f 2118/2118/2118 2443/2443/2443 2349/2349/2349
f 2249/2249/2249 2440/2440/2440 2350/2350/2350
f 2443/2443/2443 2446/2446/2446 2349/2349/2349
f 2118/2118/2118 2376/2376/2376 2443/2443/2443
f 2287/2287/2287 2206/2206/2206 2428/2428/2428
f 2164/2164/2164 2425/2425/2425 2353/2353/2353
f 2253/2253/2253 2233/2233/2233 2328/2328/2328
f 2233/2233/2233 2330/2330/2330 2328/2328/2328
f 2293/2293/2293 2355/2355/2355 2430/2430/2430
f 2254/2254/2254 2331/2331/2331 2382/2382/2382
f 2126/2126/2126 2256/2256/2256 2331/2331/2331
f 2015/2015/2015 2127/2127/2127 2256/2256/2256
f 2129/2129/2129 2332/2332/2332 2447/2447/2447
f 2169/2169/2169 2357/2357/2357 2356/2356/2356
f 2448/2448/2448 2260/2260/2260 2130/2130/2130
f 2335/2335/2335 2449/2449/2449 2082/2082/2082
f 2086/2086/2086 2237/2237/2237 2387/2387/2387
f 2180/2180/2180 2360/2360/2360 2450/2450/2450
f 2240/2240/2240 2451/2451/2451 2361/2361/2361
f 2220/2220/2220 2180/2180/2180 2454/2454/2454
f 2095/2095/2095 2455/2455/2455 2181/2181/2181
f 2363/2363/2363 2398/2398/2398 2338/2338/2338
f 2107/2107/2107 2456/2456/2456 2222/2222/2222
f 2107/2107/2107 2437/2437/2437 2456/2456/2456
f 2307/2307/2307 2002/2002/2002 2405/2405/2405
f 2246/2246/2246 2437/2437/2437 2243/2243/2243
f 2408/2408/2408 2005/2005/2005 2457/2457/2457
f 2005/2005/2005 2458/2458/2458 2457/2457/2457
f 2246/2246/2246 2312/2312/2312 2407/2407/2407
f 2005/2005/2005 2309/2309/2309 2458/2458/2458
f 2319/2319/2319 2316/2316/2316 2143/2143/2143
f 2283/2283/2283 2315/2315/2315 2410/2410/2410
f 2319/2319/2319 2413/2413/2413 2316/2316/2316
f 2228/2228/2228 2460/2460/2460 2372/2372/2372
f 2322/2322/2322 2051/2051/2051 2416/2416/2416
f 2073/2073/2073 2052/2052/2052 2463/2463/2463
f 2199/2199/2199 2442/2442/2442 2465/2465/2465
f 2446/2446/2446 2443/2443/2443 2376/2376/2376
f 2377/2377/2377 2466/2466/2466 2375/2375/2375
f 2375/2375/2375 2466/2466/2466 2376/2376/2376
f 1935/1935/1935 2468/2468/2468 2377/2377/2377
f 1935/1935/1935 2470/2470/2470 2468/2468/2468
f 2024/2024/2024 2420/2420/2420 2470/2470/2470
f 2288/2288/2288 2429/2429/2429 2421/2421/2421
f 2251/2251/2251 2471/2471/2471 2201/2201/2201
f 2290/2290/2290 2473/2473/2473 2292/2292/2292
f 2301/2301/2301 2029/2029/2029 2476/2476/2476
f 2383/2383/2383 2478/2478/2478 2431/2431/2431
f 2260/2260/2260 2478/2478/2478 2383/2383/2383
f 2257/2257/2257 2304/2304/2304 2480/2480/2480
f 2432/2432/2432 2482/2482/2482 2335/2335/2335
f 2260/2260/2260 2448/2448/2448 2478/2478/2478
f 2258/2258/2258 2481/2481/2481 2237/2237/2237
f 2130/2130/2130 2483/2483/2483 2448/2448/2448
f 2178/2178/2178 2361/2361/2361 2488/2488/2488
f 2180/2180/2180 2450/2450/2450 2454/2454/2454
f 2341/2341/2341 2338/2338/2338 2490/2490/2490
f 2369/2369/2369 2341/2341/2341 2490/2490/2490
f 2340/2340/2340 2491/2491/2491 2342/2342/2342
f 2223/2223/2223 2342/2342/2342 2492/2492/2492
f 2222/2222/2222 2456/2456/2456 2401/2401/2401
f 2281/2281/2281 2495/2495/2495 2436/2436/2436
f 2434/2434/2434 2495/2495/2495 2281/2281/2281
f 2246/2246/2246 2403/2403/2403 2497/2497/2497
f 2246/2246/2246 2497/2497/2497 2437/2437/2437
f 2404/2404/2404 2406/2406/2406 2310/2310/2310
f 2047/2047/2047 2343/2343/2343 2145/2145/2145
f 2190/2190/2190 2500/2500/2500 2312/2312/2312
f 2189/2189/2189 2317/2317/2317 2498/2498/2498
f 2145/2145/2145 2409/2409/2409 2314/2314/2314
f 2228/2228/2228 2438/2438/2438 2460/2460/2460
f 2326/2326/2326 2374/2374/2374 2503/2503/2503
f 2323/2323/2323 2504/2504/2504 2075/2075/2075
f 2326/2326/2326 2508/2508/2508 2440/2440/2440
f 2199/2199/2199 2465/2465/2465 2418/2418/2418
f 2347/2347/2347 2444/2444/2444 2441/2441/2441
f 2446/2446/2446 2510/2510/2510 2442/2442/2442
f 2445/2445/2445 2348/2348/2348 2509/2509/2509
f 2446/2446/2446 2349/2349/2349 2511/2511/2511
f 2446/2446/2446 2510/2510/2510 2349/2349/2349
f 2200/2200/2200 2512/2512/2512 1896/1896/1896
f 2024/2024/2024 2470/2470/2470 1935/1935/1935
f 2467/2467/2467 2469/2469/2469 2419/2419/2419
f 2202/2202/2202 2420/2420/2420 2378/2378/2378
f 2290/2290/2290 2352/2352/2352 2473/2473/2473
f 2292/2292/2292 2473/2473/2473 2513/2513/2513
f 2028/2028/2028 2297/2297/2297 2475/2475/2475
f 1897/1897/1897 2356/2356/2356 2079/2079/2079
f 2481/2481/2481 2515/2515/2515 2518/2518/2518
f 2305/2305/2305 2515/2515/2515 2481/2481/2481
f 2335/2335/2335 2482/2482/2482 2449/2449/2449
f 2131/2131/2131 2239/2239/2239 2486/2486/2486
f 2134/2134/2134 2358/2358/2358 2336/2336/2336
f 2266/2266/2266 2359/2359/2359 2520/2520/2520
f 2265/2265/2265 2519/2519/2519 2521/2521/2521
f 2178/2178/2178 2488/2488/2488 2090/2090/2090
f 2360/2360/2360 2266/2266/2266 2522/2522/2522
f 2138/2138/2138 2269/2269/2269 2453/2453/2453
f 2399/2399/2399 2523/2523/2523 2038/2038/2038
f 2338/2338/2338 2398/2398/2398 2524/2524/2524
f 2367/2367/2367 2489/2489/2489 2527/2527/2527
f 2368/2368/2368 2491/2491/2491 2340/2340/2340
f 2433/2433/2433 2366/2366/2366 2494/2494/2494
f 2438/2438/2438 2411/2411/2411 2460/2460/2460
f 2345/2345/2345 2530/2530/2530 2373/2373/2373
f 2373/2373/2373 2530/2530/2530 2502/2502/2502
f 2416/2416/2416 2074/2074/2074 2506/2506/2506
f 2074/2074/2074 2464/2464/2464 2506/2506/2506
f 2325/2325/2325 2531/2531/2531 2507/2507/2507
f 2506/2506/2506 2324/2324/2324 2418/2418/2418
f 2350/2350/2350 2440/2440/2440 2532/2532/2532
f 2466/2466/2466 2534/2534/2534 2376/2376/2376
f 2466/2466/2466 2377/2377/2377 2534/2534/2534
f 2377/2377/2377 2468/2468/2468 2535/2535/2535
f 2251/2251/2251 2421/2421/2421 2471/2471/2471
f 2354/2354/2354 1896/1896/1896 2512/2512/2512
f 2430/2430/2430 2355/2355/2355 2536/2536/2536
f 2292/2292/2292 2513/2513/2513 2296/2296/2296
f 2355/2355/2355 2379/2379/2379 2538/2538/2538
f 2382/2382/2382 2540/2540/2540 2380/2380/2380
f 2332/2332/2332 2301/2301/2301 2541/2541/2541
f 2432/2432/2432 2479/2479/2479 2482/2482/2482
f 2306/2306/2306 2388/2388/2388 2516/2516/2516
f 2181/2181/2181 2542/2542/2542 2240/2240/2240
f 2138/2138/2138 2453/2453/2453 2543/2543/2543
f 2396/2396/2396 2268/2268/2268 2390/2390/2390
f 2395/2395/2395 2455/2455/2455 2095/2095/2095
f 2391/2391/2391 2273/2273/2273 2397/2397/2397
f 2037/2037/2037 2545/2545/2545 2393/2393/2393
f 2338/2338/2338 2524/2524/2524 2490/2490/2490
f 2400/2400/2400 2547/2547/2547 2241/2241/2241
f 2456/2456/2456 2549/2549/2549 2401/2401/2401
f 2003/2003/2003 2224/2224/2224 2493/2493/2493
f 2003/2003/2003 2493/2493/2493 2406/2406/2406
f 2437/2437/2437 2497/2497/2497 2456/2456/2456
f 2325/2325/2325 2501/2501/2501 2531/2531/2531
f 2075/2075/2075 2504/2504/2504 2550/2550/2550
f 2076/2076/2076 2551/2551/2551 2053/2053/2053
f 2377/2377/2377 2535/2535/2535 2534/2534/2534
f 2468/2468/2468 2470/2470/2470 2535/2535/2535
f 2468/2468/2468 2420/2420/2420 2470/2470/2470
f 1916/1916/1916 2215/2215/2215 2552/2552/2552
f 2082/2082/2082 2449/2449/2449 2358/2358/2358
f 2359/2359/2359 2336/2336/2336 2520/2520/2520
f 2139/2139/2139 2544/2544/2544 2392/2392/2392
f 2366/2366/2366 2526/2526/2526 2553/2553/2553
f 2342/2342/2342 2491/2491/2491 2492/2492/2492
f 2491/2491/2491 2368/2368/2368 2492/2492/2492
f 2312/2312/2312 2500/2500/2500 2555/2555/2555
f 2309/2309/2309 2556/2556/2556 2458/2458/2458
f 2409/2409/2409 2145/2145/2145 2558/2558/2558
f 2192/2192/2192 2560/2560/2560 2286/2286/2286
f 2285/2285/2285 2563/2563/2563 2346/2346/2346
f 2418/2418/2418 2465/2465/2465 2566/2566/2566
f 2440/2440/2440 2568/2568/2568 2532/2532/2532
f 2439/2439/2439 2507/2507/2507 2567/2567/2567
f 2446/2446/2446 2376/2376/2376 2510/2510/2510
f 2470/2470/2470 2570/2570/2570 2535/2535/2535
f 2421/2421/2421 2571/2571/2571 2471/2471/2471
f 2328/2328/2328 2574/2574/2574 2425/2425/2425
f 2424/2424/2424 2573/2573/2573 2351/2351/2351
f 2328/2328/2328 2576/2576/2576 2574/2574/2574
f 2330/2330/2330 2427/2427/2427 2578/2578/2578
f 2301/2301/2301 2476/2476/2476 2541/2541/2541
f 2127/2127/2127 2331/2331/2331 2256/2256/2256
f 2079/2079/2079 2579/2579/2579 2127/2127/2127
f 2449/2449/2449 2482/2482/2482 2581/2581/2581
f 2448/2448/2448 2483/2483/2483 2478/2478/2478
f 2263/2263/2263 2386/2386/2386 2582/2582/2582
f 2358/2358/2358 2583/2583/2583 2336/2336/2336
f 2361/2361/2361 2451/2451/2451 2488/2488/2488
f 2219/2219/2219 2452/2452/2452 2584/2584/2584
f 2274/2274/2274 2392/2392/2392 2588/2588/2588
f 2398/2398/2398 2274/2274/2274 2590/2590/2590
f 2274/2274/2274 2588/2588/2588 2590/2590/2590
f 2038/2038/2038 2523/2523/2523 2546/2546/2546
f 2242/2242/2242 2549/2549/2549 2592/2592/2592
f 2456/2456/2456 2497/2497/2497 2549/2549/2549
f 2368/2368/2368 2436/2436/2436 2593/2593/2593
f 2310/2310/2310 2406/2406/2406 2595/2595/2595
f 2192/2192/2192 2414/2414/2414 2560/2560/2560
f 2417/2417/2417 2564/2564/2564 2505/2505/2505
f 2376/2376/2376 2534/2534/2534 2510/2510/2510
f 2350/2350/2350 2532/2532/2532 2596/2596/2596
f 2200/2200/2200 2350/2350/2350 2597/2597/2597
f 2350/2350/2350 2596/2596/2596 2597/2597/2597
f 2202/2202/2202 2600/2600/2600 2420/2420/2420
f 2353/2353/2353 2574/2574/2574 2603/2603/2603
f 2430/2430/2430 2536/2536/2536 2422/2422/2422
f 2355/2355/2355 2538/2538/2538 2536/2536/2536
f 2079/2079/2079 2604/2604/2604 2579/2579/2579
f 2214/2214/2214 2129/2129/2129 2605/2605/2605
f 2079/2079/2079 2356/2356/2356 2604/2604/2604
f 2357/2357/2357 2604/2604/2604 2356/2356/2356
f 2215/2215/2215 2214/2214/2214 2552/2552/2552
f 2514/2514/2514 2607/2607/2607 2517/2517/2517
f 2388/2388/2388 2615/2615/2615 2516/2516/2516
f 2516/2516/2516 2615/2615/2615 2611/2611/2611
f 2518/2518/2518 2616/2616/2616 2481/2481/2481
f 2618/2618/2618 2482/2482/2482 2479/2479/2479
f 2618/2618/2618 2581/2581/2581 2482/2482/2482
f 2237/2237/2237 2481/2481/2481 2619/2619/2619
f 2483/2483/2483 2620/2620/2620 2478/2478/2478
f 2263/2263/2263 2622/2622/2622 2385/2385/2385
f 2263/2263/2263 2582/2582/2582 2622/2622/2622
f 2358/2358/2358 2449/2449/2449 2583/2583/2583
f 2090/2090/2090 2488/2488/2488 2623/2623/2623
f 2270/2270/2270 2220/2220/2220 2586/2586/2586
f 2181/2181/2181 2455/2455/2455 2542/2542/2542
f 2392/2392/2392 2544/2544/2544 2588/2588/2588
f 2398/2398/2398 2490/2490/2490 2524/2524/2524
f 2398/2398/2398 2590/2590/2590 2490/2490/2490
f 2242/2242/2242 2592/2592/2592 2399/2399/2399
f 2496/2496/2496 2624/2624/2624 2548/2548/2548
f 2497/2497/2497 2403/2403/2403 2626/2626/2626
f 2403/2403/2403 2402/2402/2402 2626/2626/2626
f 2436/2436/2436 2495/2495/2495 2593/2593/2593
f 2402/2402/2402 2407/2407/2407 2626/2626/2626
f 2406/2406/2406 2627/2627/2627 2628/2628/2628
f 2145/2145/2145 2343/2343/2343 2558/2558/2558
f 2225/2225/2225 2629/2629/2629 2412/2412/2412
f 2318/2318/2318 2316/2316/2316 2500/2500/2500
f 2442/2442/2442 2510/2510/2510 2630/2630/2630
f 2532/2532/2532 2631/2631/2631 2596/2596/2596
f 2200/2200/2200 2597/2597/2597 2512/2512/2512
f 2570/2570/2570 2470/2470/2470 2633/2633/2633
f 2420/2420/2420 2634/2634/2634 2470/2470/2470
f 2421/2421/2421 2635/2635/2635 2571/2571/2571
f 2354/2354/2354 2512/2512/2512 2426/2426/2426
f 2352/2352/2352 2601/2601/2601 2473/2473/2473
f 2330/2330/2330 2639/2639/2639 2328/2328/2328
f 2538/2538/2538 2640/2640/2640 2536/2536/2536
f 2381/2381/2381 2642/2642/2642 2539/2539/2539
f 2477/2477/2477 2580/2580/2580 2617/2617/2617
f 2479/2479/2479 2621/2621/2621 2581/2581/2581
f 2387/2387/2387 2237/2237/2237 2619/2619/2619
f 2385/2385/2385 2622/2622/2622 2644/2644/2644
f 2386/2386/2386 2645/2645/2645 2582/2582/2582
f 2239/2239/2239 2385/2385/2385 2486/2486/2486
f 2360/2360/2360 2522/2522/2522 2450/2450/2450
f 2647/2647/2647 2528/2528/2528 2649/2649/2649
f 2646/2646/2646 2650/2650/2650 2525/2525/2525
f 2526/2526/2526 2651/2651/2651 2553/2553/2553
f 2368/2368/2368 2593/2593/2593 2492/2492/2492
f 2493/2493/2493 2655/2655/2655 2406/2406/2406
f 2406/2406/2406 2655/2655/2655 2656/2656/2656
f 2406/2406/2406 2628/2628/2628 2595/2595/2595
f 2312/2312/2312 2658/2658/2658 2407/2407/2407
f 2311/2311/2311 2554/2554/2554 2657/2657/2657
f 2344/2344/2344 2408/2408/2408 2659/2659/2659
f 2310/2310/2310 2595/2595/2595 2557/2557/2557
f 2410/2410/2410 2660/2660/2660 2282/2282/2282
f 2370/2370/2370 2459/2459/2459 2284/2284/2284
f 2372/2372/2372 2285/2285/2285 2460/2460/2460
f 2285/2285/2285 2372/2372/2372 2563/2563/2563
f 2346/2346/2346 2563/2563/2563 2662/2662/2662
f 2531/2531/2531 2501/2501/2501 2663/2663/2663
f 2465/2465/2465 2665/2665/2665 2566/2566/2566
f 2507/2507/2507 2531/2531/2531 2567/2567/2567
f 2596/2596/2596 2631/2631/2631 2597/2597/2597
f 2420/2420/2420 2600/2600/2600 2634/2634/2634
f 2574/2574/2574 2576/2576/2576 2603/2603/2603
f 2537/2537/2537 2641/2641/2641 2423/2423/2423
f 2330/2330/2330 2578/2578/2578 2639/2639/2639
f 2332/2332/2332 2541/2541/2541 2476/2476/2476
f 2331/2331/2331 2666/2666/2666 2382/2382/2382
f 2214/2214/2214 2605/2605/2605 2552/2552/2552
f 2388/2388/2388 2667/2667/2667 2615/2615/2615
f 2616/2616/2616 2619/2619/2619 2481/2481/2481
f 2581/2581/2581 2669/2669/2669 2449/2449/2449
f 2582/2582/2582 2645/2645/2645 2622/2622/2622
f 2454/2454/2454 2450/2450/2450 2586/2586/2586
f 2269/2269/2269 2585/2585/2585 2453/2453/2453
f 2527/2527/2527 2489/2489/2489 2648/2648/2648
f 2626/2626/2626 2625/2625/2625 2497/2497/2497
f 2670/2670/2670 2492/2492/2492 2593/2593/2593
f 2593/2593/2593 2672/2672/2672 2670/2670/2670
f 2407/2407/2407 2658/2658/2658 2626/2626/2626
f 2408/2408/2408 2457/2457/2457 2659/2659/2659
f 2225/2225/2225 2282/2282/2282 2660/2660/2660
f 2316/2316/2316 2413/2413/2413 2674/2674/2674
f 2529/2529/2529 2663/2663/2663 2501/2501/2501
f 2661/2661/2661 2675/2675/2675 2345/2345/2345
f 2322/2322/2322 2416/2416/2416 2414/2414/2414
f 2506/2506/2506 2566/2566/2566 2416/2416/2416
f 2531/2531/2531 2663/2663/2663 2567/2567/2567
f 2052/2052/2052 2676/2676/2676 2463/2463/2463
f 2053/2053/2053 2551/2551/2551 2677/2677/2677
f 2568/2568/2568 2678/2678/2678 2532/2532/2532
f 2532/2532/2532 2678/2678/2678 2631/2631/2631
f 2597/2597/2597 2631/2631/2631 2680/2680/2680
f 2578/2578/2578 2682/2682/2682 2639/2639/2639
f 2382/2382/2382 2666/2666/2666 2643/2643/2643
f 2331/2331/2331 2127/2127/2127 2666/2666/2666
f 2127/2127/2127 2579/2579/2579 2666/2666/2666
f 2129/2129/2129 2447/2447/2447 2605/2605/2605
f 1916/1916/1916 2552/2552/2552 2357/2357/2357
f 2518/2518/2518 2610/2610/2610 2616/2616/2616
f 2387/2387/2387 2619/2619/2619 2685/2685/2685
f 2483/2483/2483 2686/2686/2686 2620/2620/2620
f 2090/2090/2090 2692/2692/2692 2388/2388/2388
f 2336/2336/2336 2583/2583/2583 2520/2520/2520
f 2693/2693/2693 2694/2694/2694 2519/2519/2519
f 2399/2399/2399 2546/2546/2546 2523/2523/2523
f 2489/2489/2489 2697/2697/2697 2648/2648/2648
f 2366/2366/2366 2553/2553/2553 2671/2671/2671
f 2670/2670/2670 2672/2672/2672 2492/2492/2492
f 2366/2366/2366 2671/2671/2671 2494/2494/2494
f 2593/2593/2593 2495/2495/2495 2672/2672/2672
f 2343/2343/2343 2699/2699/2699 2558/2558/2558
f 2225/2225/2225 2660/2660/2660 2629/2629/2629
f 2412/2412/2412 2629/2629/2629 2461/2461/2461
f 2286/2286/2286 2674/2674/2674 2413/2413/2413
f 2530/2530/2530 2345/2345/2345 2675/2675/2675
f 2530/2530/2530 2675/2675/2675 2664/2664/2664
f 2414/2414/2414 2416/2416/2416 2701/2701/2701
f 2675/2675/2675 2661/2661/2661 2664/2664/2664
f 2566/2566/2566 2665/2665/2665 2703/2703/2703
f 2550/2550/2550 2504/2504/2504 2462/2462/2462
f 2567/2567/2567 2663/2663/2663 2704/2704/2704
f 2465/2465/2465 2630/2630/2630 2665/2665/2665
f 2465/2465/2465 2442/2442/2442 2630/2630/2630
f 2534/2534/2534 2705/2705/2705 2510/2510/2510
f 2570/2570/2570 2534/2534/2534 2535/2535/2535
f 2470/2470/2470 2634/2634/2634 2633/2633/2633
f 2201/2201/2201 2471/2471/2471 2598/2598/2598
f 2576/2576/2576 2328/2328/2328 2639/2639/2639
f 2296/2296/2296 2513/2513/2513 2706/2706/2706
f 2640/2640/2640 2538/2538/2538 2709/2709/2709
f 2475/2475/2475 2297/2297/2297 2711/2711/2711
f 2476/2476/2476 2712/2712/2712 2714/2714/2714
f 2332/2332/2332 2476/2476/2476 2714/2714/2714
f 2608/2608/2608 2612/2612/2612 2715/2715/2715
f 2610/2610/2610 2614/2614/2614 2616/2616/2616
f 2718/2718/2718 2581/2581/2581 2621/2621/2621
f 2385/2385/2385 2719/2719/2719 2486/2486/2486
f 2645/2645/2645 2721/2721/2721 2622/2622/2622
f 2693/2693/2693 2519/2519/2519 2723/2723/2723
f 2693/2693/2693 2723/2723/2723 2694/2694/2694
f 2698/2698/2698 2490/2490/2490 2590/2590/2590
f 2553/2553/2553 2651/2651/2651 2671/2671/2671
f 2406/2406/2406 2656/2656/2656 2627/2627/2627
f 2457/2457/2457 2458/2458/2458 2725/2725/2725
f 2344/2344/2344 2659/2659/2659 2700/2700/2700
f 2410/2410/2410 2728/2728/2728 2660/2660/2660
f 2729/2729/2729 2730/2730/2730 2414/2414/2414
f 2565/2565/2565 2702/2702/2702 2415/2415/2415
f 2665/2665/2665 2732/2732/2732 2703/2703/2703
f 2567/2567/2567 2704/2704/2704 2733/2733/2733
f 2677/2677/2677 2551/2551/2551 2736/2736/2736
f 2568/2568/2568 2735/2735/2735 2678/2678/2678
f 2678/2678/2678 2735/2735/2735 2737/2737/2737
f 2600/2600/2600 2740/2740/2740 2634/2634/2634
f 2512/2512/2512 2741/2741/2741 2426/2426/2426
f 2471/2471/2471 2571/2571/2571 2742/2742/2742
f 2426/2426/2426 2741/2741/2741 2744/2744/2744
f 2423/2423/2423 2641/2641/2641 2636/2636/2636
f 2426/2426/2426 2681/2681/2681 2577/2577/2577
f 2332/2332/2332 2714/2714/2714 2748/2748/2748
f 2609/2609/2609 2716/2716/2716 2613/2613/2613
f 2581/2581/2581 2718/2718/2718 2669/2669/2669
f 2667/2667/2667 2388/2388/2388 2692/2692/2692
f 2644/2644/2644 2622/2622/2622 2749/2749/2749
f 2486/2486/2486 2719/2719/2719 2688/2688/2688
f 2669/2669/2669 2752/2752/2752 2449/2449/2449
f 2387/2387/2387 2685/2685/2685 2722/2722/2722
f 2090/2090/2090 2753/2753/2753 2692/2692/2692
f 2520/2520/2520 2583/2583/2583 2755/2755/2755
f 2519/2519/2519 2694/2694/2694 2521/2521/2521
f 2488/2488/2488 2451/2451/2451 2623/2623/2623
f 2450/2450/2450 2522/2522/2522 2696/2696/2696
f 2450/2450/2450 2696/2696/2696 2586/2586/2586
f 2399/2399/2399 2592/2592/2592 2756/2756/2756
f 2624/2624/2624 2591/2591/2591 2548/2548/2548
f 2625/2625/2625 2757/2757/2757 2592/2592/2592
f 2647/2647/2647 2649/2649/2649 2654/2654/2654
f 2671/2671/2671 2651/2651/2651 2758/2758/2758
f 2492/2492/2492 2672/2672/2672 2760/2760/2760
f 2655/2655/2655 2493/2493/2493 2762/2762/2762
f 2656/2656/2656 2655/2655/2655 2762/2762/2762
f 2500/2500/2500 2316/2316/2316 2674/2674/2674
f 2409/2409/2409 2558/2558/2558 2726/2726/2726
f 2461/2461/2461 2629/2629/2629 2764/2764/2764
f 2286/2286/2286 2560/2560/2560 2674/2674/2674
f 2416/2416/2416 2703/2703/2703 2766/2766/2766
f 2597/2597/2597 2680/2680/2680 2767/2767/2767
f 2597/2597/2597 2767/2767/2767 2768/2768/2768
f 2597/2597/2597 2768/2768/2768 2512/2512/2512
f 2601/2601/2601 2769/2769/2769 2473/2473/2473
f 2426/2426/2426 2744/2744/2744 2681/2681/2681
f 2622/2622/2622 2721/2721/2721 2749/2749/2749
f 2386/2386/2386 2721/2721/2721 2645/2645/2645
f 2585/2585/2585 2695/2695/2695 2453/2453/2453
f 2543/2543/2543 2453/2453/2453 2773/2773/2773
f 2544/2544/2544 2776/2776/2776 2588/2588/2588
f 2399/2399/2399 2756/2756/2756 2546/2546/2546
f 2625/2625/2625 2626/2626/2626 2757/2757/2757
f 2672/2672/2672 2759/2759/2759 2760/2760/2760
f 2595/2595/2595 2628/2628/2628 2779/2779/2779
f 2659/2659/2659 2457/2457/2457 2700/2700/2700
f 2457/2457/2457 2725/2725/2725 2700/2700/2700
f 2556/2556/2556 2594/2594/2594 2778/2778/2778
f 2558/2558/2558 2699/2699/2699 2780/2780/2780
f 2414/2414/2414 2730/2730/2730 2560/2560/2560
f 2414/2414/2414 2701/2701/2701 2783/2783/2783
f 2734/2734/2734 2664/2664/2664 2661/2661/2661
f 2416/2416/2416 2766/2766/2766 2701/2701/2701
f 2733/2733/2733 2704/2704/2704 2663/2663/2663
f 2703/2703/2703 2732/2732/2732 2766/2766/2766
f 2676/2676/2676 2785/2785/2785 2463/2463/2463
f 2550/2550/2550 2462/2462/2462 2784/2784/2784
f 2678/2678/2678 2788/2788/2788 2631/2631/2631
f 2510/2510/2510 2705/2705/2705 2630/2630/2630
f 2634/2634/2634 2740/2740/2740 2790/2790/2790
f 2472/2472/2472 2791/2791/2791 2599/2599/2599
f 2575/2575/2575 2637/2637/2637 2602/2602/2602
f 2641/2641/2641 2710/2710/2710 2636/2636/2636
f 2473/2473/2473 2706/2706/2706 2513/2513/2513
f 2297/2297/2297 2707/2707/2707 2793/2793/2793
f 2710/2710/2710 2539/2539/2539 2795/2795/2795
f 2711/2711/2711 2297/2297/2297 2793/2793/2793
f 2614/2614/2614 2797/2797/2797 2616/2616/2616
f 2667/2667/2667 2798/2798/2798 2615/2615/2615
f 2616/2616/2616 2800/2800/2800 2619/2619/2619
f 2667/2667/2667 2692/2692/2692 2798/2798/2798
f 2620/2620/2620 2686/2686/2686 2717/2717/2717
f 2687/2687/2687 2801/2801/2801 2668/2668/2668
f 2385/2385/2385 2644/2644/2644 2803/2803/2803
f 2385/2385/2385 2803/2803/2803 2719/2719/2719
f 2692/2692/2692 2753/2753/2753 2806/2806/2806
f 2583/2583/2583 2449/2449/2449 2755/2755/2755
f 2724/2724/2724 2520/2520/2520 2755/2755/2755
f 2723/2723/2723 2754/2754/2754 2694/2694/2694
f 2240/2240/2240 2807/2807/2807 2451/2451/2451
f 2542/2542/2542 2807/2807/2807 2240/2240/2240
f 2544/2544/2544 2774/2774/2774 2776/2776/2776
f 2773/2773/2773 2453/2453/2453 2808/2808/2808
f 2589/2589/2589 2587/2587/2587 2810/2810/2810
f 2761/2761/2761 2762/2762/2762 2493/2493/2493
f 2554/2554/2554 2812/2812/2812 2657/2657/2657
f 2555/2555/2555 2814/2814/2814 2813/2813/2813
f 2814/2814/2814 2555/2555/2555 2815/2815/2815
f 2458/2458/2458 2816/2816/2816 2725/2725/2725
f 2817/2817/2817 2499/2499/2499 2673/2673/2673
f 2372/2372/2372 2820/2820/2820 2825/2825/2825
f 2561/2561/2561 2371/2371/2371 2821/2821/2821
f 2729/2729/2729 2414/2414/2414 2783/2783/2783
f 2662/2662/2662 2563/2563/2563 2735/2735/2735
f 2766/2766/2766 2787/2787/2787 2701/2701/2701
f 2735/2735/2735 2826/2826/2826 2737/2737/2737
f 2679/2679/2679 2738/2738/2738 2828/2828/2828
f 2738/2738/2738 2830/2830/2830 2828/2828/2828
f 2680/2680/2680 2631/2631/2631 2788/2788/2788
f 2569/2569/2569 2632/2632/2632 2533/2533/2533
f 2638/2638/2638 2831/2831/2831 2771/2771/2771
f 2602/2602/2602 2637/2637/2637 2770/2770/2770
f 2472/2472/2472 2743/2743/2743 2791/2791/2791
f 2474/2474/2474 2772/2772/2772 2835/2835/2835
f 2706/2706/2706 2473/2473/2473 2834/2834/2834
f 2795/2795/2795 2572/2572/2572 2636/2636/2636
f 2795/2795/2795 2636/2636/2636 2710/2710/2710
f 2619/2619/2619 2800/2800/2800 2685/2685/2685
f 2689/2689/2689 2669/2669/2669 2718/2718/2718
f 2644/2644/2644 2749/2749/2749 2803/2803/2803
f 2689/2689/2689 2720/2720/2720 2802/2802/2802
f 2483/2483/2483 2836/2836/2836 2686/2686/2686
f 2090/2090/2090 2623/2623/2623 2753/2753/2753
f 2484/2484/2484 2838/2838/2838 2842/2842/2842
f 2485/2485/2485 2843/2843/2843 2840/2840/2840
f 2696/2696/2696 2755/2755/2755 2454/2454/2454
f 2807/2807/2807 2542/2542/2542 2844/2844/2844
f 2811/2811/2811 2846/2846/2846 2590/2590/2590
f 2590/2590/2590 2846/2846/2846 2698/2698/2698
f 2626/2626/2626 2813/2813/2813 2757/2757/2757
f 2847/2847/2847 2656/2656/2656 2762/2762/2762
f 2656/2656/2656 2847/2847/2847 2627/2627/2627
f 2725/2725/2725 2816/2816/2816 2700/2700/2700
f 2458/2458/2458 2556/2556/2556 2816/2816/2816
f 2500/2500/2500 2818/2818/2818 2848/2848/2848
f 2727/2727/2727 2559/2559/2559 2850/2850/2850
f 2560/2560/2560 2852/2852/2852 2674/2674/2674
f 2372/2372/2372 2460/2460/2460 2820/2820/2820
f 2560/2560/2560 2730/2730/2730 2852/2852/2852
f 2819/2819/2819 2853/2853/2853 2822/2822/2822
f 2678/2678/2678 2827/2827/2827 2788/2788/2788
f 2737/2737/2737 2826/2826/2826 2829/2829/2829
f 2768/2768/2768 2767/2767/2767 2856/2856/2856
f 2634/2634/2634 2790/2790/2790 2857/2857/2857
f 2599/2599/2599 2791/2791/2791 2739/2739/2739
f 2572/2572/2572 2795/2795/2795 2743/2743/2743
f 2539/2539/2539 2642/2642/2642 2795/2795/2795
f 2802/2802/2802 2752/2752/2752 2669/2669/2669
f 2687/2687/2687 2750/2750/2750 2801/2801/2801
f 2487/2487/2487 2689/2689/2689 2841/2841/2841
f 2687/2687/2687 2837/2837/2837 2750/2750/2750
f 2648/2648/2648 2697/2697/2697 2845/2845/2845
f 2649/2649/2649 2859/2859/2859 2654/2654/2654
f 2759/2759/2759 2653/2653/2653 2861/2861/2861
f 2626/2626/2626 2658/2658/2658 2813/2813/2813
f 2759/2759/2759 2863/2863/2863 2760/2760/2760
f 2814/2814/2814 2815/2815/2815 2864/2864/2864
f 2555/2555/2555 2864/2864/2864 2815/2815/2815
f 2555/2555/2555 2865/2865/2865 2864/2864/2864
f 2555/2555/2555 2500/2500/2500 2865/2865/2865
f 2500/2500/2500 2848/2848/2848 2865/2865/2865
f 2820/2820/2820 2460/2460/2460 2866/2866/2866
f 2855/2855/2855 2820/2820/2820 2866/2866/2866
f 2855/2855/2855 2866/2866/2866 2869/2869/2869
f 2854/2854/2854 2867/2867/2867 2823/2823/2823
f 2735/2735/2735 2870/2870/2870 2826/2826/2826
f 2731/2731/2731 2786/2786/2786 2765/2765/2765
f 2830/2830/2830 2871/2871/2871 2828/2828/2828
f 2772/2772/2772 2833/2833/2833 2873/2873/2873
f 2795/2795/2795 2642/2642/2642 2743/2743/2743
f 2579/2579/2579 2875/2875/2875 2666/2666/2666
f 2683/2683/2683 2804/2804/2804 2690/2690/2690
f 2749/2749/2749 2721/2721/2721 2877/2877/2877
f 2839/2839/2839 2879/2879/2879 2751/2751/2751
f 2842/2842/2842 2838/2838/2838 2882/2882/2882
f 2843/2843/2843 2883/2883/2883 2840/2840/2840
f 2454/2454/2454 2755/2755/2755 2809/2809/2809
f 2455/2455/2455 2844/2844/2844 2542/2542/2542
f 2588/2588/2588 2776/2776/2776 2811/2811/2811
f 2811/2811/2811 2776/2776/2776 2884/2884/2884
f 2649/2649/2649 2846/2846/2846 2885/2885/2885
f 2885/2885/2885 2887/2887/2887 2649/2649/2649
f 2762/2762/2762 2761/2761/2761 2889/2889/2889
f 2700/2700/2700 2816/2816/2816 2781/2781/2781
f 2850/2850/2850 2559/2559/2559 2781/2781/2781
f 2728/2728/2728 2851/2851/2851 2660/2660/2660
f 2735/2735/2735 2563/2563/2563 2870/2870/2870
f 2870/2870/2870 2890/2890/2890 2826/2826/2826
f 2551/2551/2551 2786/2786/2786 2736/2736/2736
f 2665/2665/2665 2630/2630/2630 2892/2892/2892
f 2828/2828/2828 2871/2871/2871 2789/2789/2789
f 2768/2768/2768 2893/2893/2893 2512/2512/2512
f 2633/2633/2633 2634/2634/2634 2857/2857/2857
f 2512/2512/2512 2893/2893/2893 2741/2741/2741
f 2894/2894/2894 2896/2896/2896 2739/2739/2739
f 2739/2739/2739 2791/2791/2791 2894/2894/2894
f 2743/2743/2743 2642/2642/2642 2791/2791/2791
f 2666/2666/2666 2875/2875/2875 2643/2643/2643
f 2714/2714/2714 2794/2794/2794 2898/2898/2898
f 2332/2332/2332 2748/2748/2748 2899/2899/2899
f 2332/2332/2332 2899/2899/2899 2447/2447/2447
f 2447/2447/2447 2899/2899/2899 2605/2605/2605
f 2357/2357/2357 2552/2552/2552 2604/2604/2604
f 2616/2616/2616 2797/2797/2797 2800/2800/2800
f 2799/2799/2799 2796/2796/2796 2901/2901/2901
f 2798/2798/2798 2692/2692/2692 2806/2806/2806
f 2720/2720/2720 2903/2903/2903 2802/2802/2802
f 2689/2689/2689 2802/2802/2802 2904/2904/2904
f 2689/2689/2689 2904/2904/2904 2841/2841/2841
f 2685/2685/2685 2905/2905/2905 2722/2722/2722
f 2752/2752/2752 2881/2881/2881 2449/2449/2449
f 2449/2449/2449 2881/2881/2881 2907/2907/2907
f 2843/2843/2843 2909/2909/2909 2883/2883/2883
f 2755/2755/2755 2449/2449/2449 2912/2912/2912
f 2623/2623/2623 2451/2451/2451 2807/2807/2807
f 2811/2811/2811 2884/2884/2884 2846/2846/2846
f 2649/2649/2649 2887/2887/2887 2859/2859/2859
f 2654/2654/2654 2859/2859/2859 2914/2914/2914
f 2862/2862/2862 2860/2860/2860 2652/2652/2652
f 2863/2863/2863 2759/2759/2759 2861/2861/2861
f 2653/2653/2653 2913/2913/2913 2863/2863/2863
f 2863/2863/2863 2888/2888/2888 2760/2760/2760
f 2556/2556/2556 2778/2778/2778 2917/2917/2917
f 2660/2660/2660 2851/2851/2851 2918/2918/2918
f 2868/2868/2868 2562/2562/2562 2824/2824/2824
f 2732/2732/2732 2665/2665/2665 2892/2892/2892
f 2633/2633/2633 2705/2705/2705 2534/2534/2534
f 2768/2768/2768 2856/2856/2856 2893/2893/2893
f 2639/2639/2639 2872/2872/2872 2832/2832/2832
f 2713/2713/2713 2711/2711/2711 2793/2793/2793
f 2642/2642/2642 2874/2874/2874 2791/2791/2791
f 2714/2714/2714 2898/2898/2898 2748/2748/2748
f 2579/2579/2579 2604/2604/2604 2919/2919/2919
f 2800/2800/2800 2797/2797/2797 2920/2920/2920
f 2800/2800/2800 2902/2902/2902 2797/2797/2797
f 2691/2691/2691 2805/2805/2805 2684/2684/2684
f 2749/2749/2749 2922/2922/2922 2803/2803/2803
f 2803/2803/2803 2922/2922/2922 2719/2719/2719
f 2802/2802/2802 2903/2903/2903 2904/2904/2904
f 2905/2905/2905 2685/2685/2685 2923/2923/2923
f 2721/2721/2721 2924/2924/2924 2877/2877/2877
f 2904/2904/2904 2881/2881/2881 2841/2841/2841
f 2842/2842/2842 2882/2882/2882 2908/2908/2908
f 2449/2449/2449 2907/2907/2907 2912/2912/2912
f 2756/2756/2756 2395/2395/2395 2546/2546/2546
f 2756/2756/2756 2592/2592/2592 2395/2395/2395
f 2757/2757/2757 2395/2395/2395 2592/2592/2592
f 2814/2814/2814 2926/2926/2926 2813/2813/2813
f 2814/2814/2814 2864/2864/2864 2927/2927/2927
f 2847/2847/2847 2762/2762/2762 2928/2928/2928
f 2627/2627/2627 2847/2847/2847 2928/2928/2928
f 2818/2818/2818 2930/2930/2930 2848/2848/2848
f 2781/2781/2781 2816/2816/2816 2932/2932/2932
f 2816/2816/2816 2917/2917/2917 2932/2932/2932
f 2816/2816/2816 2556/2556/2556 2917/2917/2917
f 2674/2674/2674 2930/2930/2930 2818/2818/2818
f 2788/2788/2788 2933/2933/2933 2680/2680/2680
f 2639/2639/2639 2682/2682/2682 2935/2935/2935
f 2793/2793/2793 2707/2707/2707 2939/2939/2939
f 2579/2579/2579 2919/2919/2919 2875/2875/2875
f 2604/2604/2604 2941/2941/2941 2919/2919/2919
f 2720/2720/2720 2944/2944/2944 2903/2903/2903
f 2685/2685/2685 2800/2800/2800 2923/2923/2923
f 2721/2721/2721 2945/2945/2945 2924/2924/2924
f 2773/2773/2773 2808/2808/2808 2775/2775/2775
f 2776/2776/2776 2950/2950/2950 2884/2884/2884
f 2846/2846/2846 2884/2884/2884 2952/2952/2952
f 2813/2813/2813 2926/2926/2926 2757/2757/2757
f 2757/2757/2757 2926/2926/2926 2954/2954/2954
f 2762/2762/2762 2889/2889/2889 2928/2928/2928
f 2864/2864/2864 2865/2865/2865 2955/2955/2955
f 2627/2627/2627 2928/2928/2928 2956/2956/2956
f 2627/2627/2627 2956/2956/2956 2628/2628/2628
f 2848/2848/2848 2930/2930/2930 2865/2865/2865
f 2915/2915/2915 2957/2957/2957 2931/2931/2931
f 2674/2674/2674 2852/2852/2852 2930/2930/2930
f 2460/2460/2460 2763/2763/2763 2866/2866/2866
f 2870/2870/2870 2563/2563/2563 2869/2869/2869
f 2890/2890/2890 2961/2961/2961 2826/2826/2826
f 2786/2786/2786 2963/2963/2963 2736/2736/2736
f 2736/2736/2736 2964/2964/2964 2677/2677/2677
f 2736/2736/2736 2963/2963/2963 2964/2964/2964
f 2826/2826/2826 2961/2961/2961 2829/2829/2829
f 2630/2630/2630 2965/2965/2965 2892/2892/2892
f 2830/2830/2830 2966/2966/2966 2871/2871/2871
f 2871/2871/2871 2966/2966/2966 2789/2789/2789
f 2789/2789/2789 2967/2967/2967 2934/2934/2934
f 2630/2630/2630 2968/2968/2968 2965/2965/2965
f 2630/2630/2630 2705/2705/2705 2968/2968/2968
f 2767/2767/2767 2680/2680/2680 2969/2969/2969
f 2893/2893/2893 2744/2744/2744 2741/2741/2741
f 2772/2772/2772 2873/2873/2873 2835/2835/2835
f 2790/2790/2790 2740/2740/2740 2857/2857/2857
f 2794/2794/2794 2973/2973/2973 2898/2898/2898
f 2798/2798/2798 2975/2975/2975 2977/2977/2977
f 2798/2798/2798 2977/2977/2977 2921/2921/2921
f 2798/2798/2798 2806/2806/2806 2975/2975/2975
f 2719/2719/2719 2979/2979/2979 2943/2943/2943
f 2922/2922/2922 2980/2980/2980 2719/2719/2719
f 2904/2904/2904 2981/2981/2981 2881/2881/2881
f 2722/2722/2722 2905/2905/2905 2946/2946/2946
f 2911/2911/2911 2881/2881/2881 2981/2981/2981
f 2910/2910/2910 2906/2906/2906 2880/2880/2880
f 2807/2807/2807 2753/2753/2753 2623/2623/2623
f 2911/2911/2911 2981/2981/2981 2907/2907/2907
f 2455/2455/2455 2395/2395/2395 2983/2983/2983
f 2885/2885/2885 2986/2986/2986 2887/2887/2887
f 2987/2987/2987 2929/2929/2929 2989/2989/2989
f 2850/2850/2850 2781/2781/2781 2932/2932/2932
f 2869/2869/2869 2866/2866/2866 2991/2991/2991
f 2729/2729/2729 2783/2783/2783 2730/2730/2730
f 2787/2787/2787 2993/2993/2993 2701/2701/2701
f 2676/2676/2676 2992/2992/2992 2785/2785/2785
f 2676/2676/2676 2995/2995/2995 2992/2992/2992
f 2786/2786/2786 2731/2731/2731 2891/2891/2891
f 2786/2786/2786 2891/2891/2891 2963/2963/2963
f 2789/2789/2789 2966/2966/2966 2967/2967/2967
f 2680/2680/2680 2933/2933/2933 2969/2969/2969
f 2705/2705/2705 2633/2633/2633 2997/2997/2997
f 2897/2897/2897 2998/2998/2998 2740/2740/2740
f 2792/2792/2792 2876/2876/2876 2895/2895/2895
f 2793/2793/2793 3000/3000/3000 2972/2972/2972
f 2920/2920/2920 3001/3001/3001 2800/2800/2800
f 2749/2749/2749 3002/3002/3002 2922/2922/2922
f 2719/2719/2719 2980/2980/2980 2979/2979/2979
f 2904/2904/2904 2903/2903/2903 3003/3003/3003
f 2905/2905/2905 2923/2923/2923 3004/3004/3004
f 2455/2455/2455 2983/2983/2983 2844/2844/2844
f 2776/2776/2776 2809/2809/2809 2950/2950/2950
f 2846/2846/2846 2952/2952/2952 2885/2885/2885
f 2395/2395/2395 2757/2757/2757 3005/3005/3005
f 2886/2886/2886 2984/2984/2984 3006/3006/3006
f 2954/2954/2954 3005/3005/3005 2757/2757/2757
f 2926/2926/2926 2814/2814/2814 2954/2954/2954
f 2913/2913/2913 2888/2888/2888 2863/2863/2863
f 2956/2956/2956 3008/3008/3008 2628/2628/2628
f 2988/2988/2988 2990/2990/2990 2930/2930/2930
f 2852/2852/2852 2990/2990/2990 2930/2930/2930
f 2629/2629/2629 2660/2660/2660 2764/2764/2764
f 2851/2851/2851 3010/3010/3010 2918/2918/2918
f 2830/2830/2830 3012/3012/3012 2966/2966/2966
f 2705/2705/2705 2997/2997/2997 2968/2968/2968
f 2633/2633/2633 3013/3013/3013 2997/2997/2997
f 2639/2639/2639 3014/3014/3014 2872/2872/2872
f 2873/2873/2873 3016/3016/3016 2835/2835/2835
f 2740/2740/2740 2998/2998/2998 2857/2857/2857
f 2708/2708/2708 2835/2835/2835 2940/2940/2940
f 2793/2793/2793 2939/2939/2939 3000/3000/3000
f 3017/3017/3017 3020/3020/3020 2999/2999/2999
f 2999/2999/2999 3020/3020/3020 2971/2971/2971
f 2898/2898/2898 2973/2973/2973 2748/2748/2748
f 2604/2604/2604 2552/2552/2552 2941/2941/2941
f 3021/3021/3021 2800/2800/2800 3001/3001/3001
f 2806/2806/2806 3022/3022/3022 2975/2975/2975
f 2923/2923/2923 2800/2800/2800 3021/3021/3021
f 2903/2903/2903 2944/2944/2944 3023/3023/3023
f 2923/2923/2923 3025/3025/3025 3004/3004/3004
f 2903/2903/2903 3023/3023/3023 3003/3003/3003
f 2904/2904/2904 3003/3003/3003 2981/2981/2981
f 2981/2981/2981 3028/3028/3028 2907/2907/2907
f 2907/2907/2907 3028/3028/3028 3029/3029/3029
f 2807/2807/2807 3030/3030/3030 2753/2753/2753
f 2907/2907/2907 3029/3029/3029 2912/2912/2912
f 2755/2755/2755 2912/2912/2912 2809/2809/2809
f 2884/2884/2884 2950/2950/2950 3032/3032/3032
f 2884/2884/2884 3032/3032/3032 2952/2952/2952
f 3033/3033/3033 3035/3035/3035 2394/2394/2394
f 3034/3034/3034 3005/3005/3005 3037/3037/3037
f 2395/2395/2395 3005/3005/3005 3034/3034/3034
f 2885/2885/2885 2952/2952/2952 2986/2986/2986
f 2887/2887/2887 3007/3007/3007 2859/2859/2859
f 3007/3007/3007 2986/2986/2986 2859/2859/2859
f 2914/2914/2914 2859/2859/2859 3038/3038/3038
f 2628/2628/2628 3008/3008/3008 2779/2779/2779
f 2930/2930/2930 2990/2990/2990 2865/2865/2865
f 2916/2916/2916 2777/2777/2777 2958/2958/2958
f 2850/2850/2850 2932/2932/2932 3039/3039/3039
f 2932/2932/2932 3040/3040/3040 3039/3039/3039
f 2850/2850/2850 3039/3039/3039 3042/3042/3042
f 2849/2849/2849 3041/3041/3041 3009/3009/3009
f 2783/2783/2783 2701/2701/2701 3044/3044/3044
f 2701/2701/2701 2993/2993/2993 3044/3044/3044
f 2964/2964/2964 2996/2996/2996 2677/2677/2677
f 2965/2965/2965 3045/3045/3045 2892/2892/2892
f 2829/2829/2829 3046/3046/3046 3011/3011/3011
f 2965/2965/2965 2968/2968/2968 3045/3045/3045
f 2893/2893/2893 2856/2856/2856 2744/2744/2744
f 2633/2633/2633 2857/2857/2857 3013/3013/3013
f 2939/2939/2939 3048/3048/3048 3000/3000/3000
f 2999/2999/2999 3047/3047/3047 3017/3017/3017
f 3020/3020/3020 3017/3017/3017 3049/3049/3049
f 3020/3020/3020 3017/3017/3017 3049/3049/3049
f 2895/2895/2895 2876/2876/2876 2897/2897/2897
f 2971/2971/2971 3020/3020/3020 3049/3049/3049
f 2875/2875/2875 2919/2919/2919 2941/2941/2941
f 3001/3001/3001 2920/2920/2920 2976/2976/2976
f 2923/2923/2923 3021/3021/3021 3025/3025/3025
f 2806/2806/2806 2753/2753/2753 3051/3051/3051
f 2905/2905/2905 3004/3004/3004 3025/3025/3025
f 2905/2905/2905 3025/3025/3025 2946/2946/2946
f 3027/3027/3027 3052/3052/3052 3054/3054/3054
f 3029/3029/3029 3028/3028/3028 3059/3059/3059
f 2864/2864/2864 3060/3060/3060 2927/2927/2927
f 2955/2955/2955 3060/3060/3060 2864/2864/2864
f 2955/2955/2955 3061/3061/3061 3060/3060/3060
f 2928/2928/2928 2889/2889/2889 2956/2956/2956
f 2956/2956/2956 3062/3062/3062 3008/3008/3008
f 2960/2960/2960 2779/2779/2779 3008/3008/3008
f 3009/3009/3009 3041/3041/3041 3063/3063/3063
f 2782/2782/2782 3043/3043/3043 3065/3065/3065
f 2964/2964/2964 3068/3068/3068 2996/2996/2996
f 2829/2829/2829 2961/2961/2961 3046/3046/3046
f 2892/2892/2892 3045/3045/3045 3072/3072/3072
f 3045/3045/3045 2968/2968/2968 3072/3072/3072
f 2934/2934/2934 2967/2967/2967 2970/2970/2970
f 2767/2767/2767 2969/2969/2969 3073/3073/3073
f 2873/2873/2873 3015/3015/3015 3074/3074/3074
f 2873/2873/2873 3074/3074/3074 3016/3016/3016
f 2998/2998/2998 3013/3013/3013 2857/2857/2857
f 2746/2746/2746 2935/2935/2935 2682/2682/2682
f 3048/3048/3048 3075/3075/3075 3018/3018/3018
f 3050/3050/3050 3019/3019/3019 3077/3077/3077
f 3019/3019/3019 3079/3079/3079 3077/3077/3077
f 3019/3019/3019 3076/3076/3076 3079/3079/3079
f 3050/3050/3050 2748/2748/2748 2973/2973/2973
f 2748/2748/2748 3050/3050/3050 3077/3077/3077
f 2748/2748/2748 3077/3077/3077 3080/3080/3080
f 2748/2748/2748 3080/3080/3080 2899/2899/2899
f 2606/2606/2606 3083/3083/3083 3085/3085/3085
f 2976/2976/2976 2974/2974/2974 3001/3001/3001
f 2980/2980/2980 2922/2922/2922 2979/2979/2979
f 2943/2943/2943 2979/2979/2979 3087/3087/3087
f 2749/2749/2749 3089/3089/3089 3002/3002/3002
f 2877/2877/2877 3089/3089/3089 2749/2749/2749
f 2806/2806/2806 3051/3051/3051 3022/3022/3022
f 2753/2753/2753 3090/3090/3090 3051/3051/3051
f 3028/3028/3028 2981/2981/2981 3003/3003/3003
f 3028/3028/3028 3091/3091/3091 3053/3053/3053
f 2753/2753/2753 3030/3030/3030 3090/3090/3090
f 2912/2912/2912 3093/3093/3093 2809/2809/2809
f 2983/2983/2983 2395/2395/2395 3095/3095/3095
f 2985/2985/2985 2951/2951/2951 3096/3096/3096
f 2985/2985/2985 3096/3096/3096 2858/2858/2858
f 2858/2858/2858 3096/3096/3096 3097/3097/3097
f 2814/2814/2814 3100/3100/3100 2954/2954/2954
f 2865/2865/2865 2990/2990/2990 3102/3102/3102
f 2932/2932/2932 2959/2959/2959 3040/3040/3040
f 2918/2918/2918 3104/3104/3104 2660/2660/2660
f 2764/2764/2764 2660/2660/2660 3107/3107/3107
f 2763/2763/2763 3105/3105/3105 3108/3108/3108
f 2763/2763/2763 3108/3108/3108 2866/2866/2866
f 2730/2730/2730 3110/3110/3110 2852/2852/2852
f 2730/2730/2730 2783/2783/2783 3066/3066/3066
f 2890/2890/2890 3111/3111/3111 2961/2961/2961
f 2995/2995/2995 3113/3113/3113 2992/2992/2992
f 2994/2994/2994 3067/3067/3067 3114/3114/3114
f 2963/2963/2963 2891/2891/2891 3116/3116/3116
f 2966/2966/2966 3012/3012/3012 3117/3117/3117
f 2997/2997/2997 3013/3013/3013 3119/3119/3119
f 3016/3016/3016 3074/3074/3074 2835/2835/2835
f 2835/2835/2835 3074/3074/3074 2940/2940/2940
f 2998/2998/2998 2897/2897/2897 3013/3013/3013
f 2899/2899/2899 3082/3082/3082 2605/2605/2605
f 3021/3021/3021 3001/3001/3001 3120/3120/3120
f 3023/3023/3023 2944/2944/2944 3124/3124/3124
f 3023/3023/3023 3124/3124/3124 3003/3003/3003
f 2945/2945/2945 3125/3125/3125 2924/2924/2924
f 3028/3028/3028 3003/3003/3003 3091/3091/3091
f 3029/3029/3029 3059/3059/3059 3093/3093/3093
f 3029/3029/3029 3093/3093/3093 2912/2912/2912
f 2807/2807/2807 2844/2844/2844 3030/3030/3030
f 2947/2947/2947 3055/3055/3055 3128/3128/3128
f 2395/2395/2395 3037/3037/3037 3095/3095/3095
f 3037/3037/3037 3005/3005/3005 3131/3131/3131
f 2814/2814/2814 2927/2927/2927 3100/3100/3100
f 2888/2888/2888 2913/2913/2913 3132/3132/3132
f 2865/2865/2865 3102/3102/3102 2955/2955/2955
f 2959/2959/2959 3137/3137/3137 3040/3040/3040
f 2866/2866/2866 3108/3108/3108 2991/2991/2991
f 3041/3041/3041 3139/3139/3139 3063/3063/3063
f 2870/2870/2870 3141/3141/3141 2890/2890/2890
f 2992/2992/2992 3113/3113/3113 3043/3043/3043
f 2891/2891/2891 3142/3142/3142 3116/3116/3116
f 2892/2892/2892 3072/3072/3072 3143/3143/3143
f 3046/3046/3046 2961/2961/2961 3011/3011/3011
f 2966/2966/2966 3117/3117/3117 3144/3144/3144
f 2966/2966/2966 3144/3144/3144 2970/2970/2970
f 2966/2966/2966 2970/2970/2970 2967/2967/2967
f 2968/2968/2968 3119/3119/3119 3072/3072/3072
f 2997/2997/2997 3119/3119/3119 2968/2968/2968
f 2639/2639/2639 2935/2935/2935 3014/3014/3014
f 3077/3077/3077 3079/3079/3079 3080/3080/3080
f 2552/2552/2552 2605/2605/2605 2941/2941/2941
f 2974/2974/2974 3145/3145/3145 3001/3001/3001
f 2944/2944/2944 3088/3088/3088 3124/3124/3124
f 3086/3086/3086 2978/2978/2978 3122/3122/3122
f 3022/3022/3022 3148/3148/3148 2975/2975/2975
f 3022/3022/3022 3150/3150/3150 3148/3148/3148
f 3051/3051/3051 3150/3150/3150 3022/3022/3022
f 3053/3053/3053 3091/3091/3091 3059/3059/3059
f 3129/3129/3129 3058/3058/3058 3151/3151/3151
f 3129/3129/3129 3152/3152/3152 2949/2949/2949
f 2809/2809/2809 3093/3093/3093 2950/2950/2950
f 2949/2949/2949 3153/3153/3153 3031/3031/3031
f 3094/3094/3094 3036/3036/3036 3155/3155/3155
f 3005/3005/3005 2954/2954/2954 3157/3157/3157
f 2914/2914/2914 3038/3038/3038 3159/3159/3159
f 2914/2914/2914 3159/3159/3159 3135/3135/3135
f 2955/2955/2955 3102/3102/3102 3061/3061/3061
f 2990/2990/2990 2852/2852/2852 3161/3161/3161
f 3039/3039/3039 3040/3040/3040 3042/3042/3042
f 3110/3110/3110 3163/3163/3163 2852/2852/2852
f 2730/2730/2730 3066/3066/3066 3110/3110/3110
f 2991/2991/2991 3108/3108/3108 3141/3141/3141
f 3010/3010/3010 3064/3064/3064 2918/2918/2918
f 2869/2869/2869 2991/2991/2991 2870/2870/2870
f 2995/2995/2995 3115/3115/3115 3113/3113/3113
f 2963/2963/2963 3116/3116/3116 3164/3164/3164
f 2964/2964/2964 2963/2963/2963 3068/3068/3068
f 3014/3014/3014 2935/2935/2935 3166/3166/3166
f 2856/2856/2856 3168/3168/3168 2744/2744/2744
f 3075/3075/3075 3048/3048/3048 3078/3078/3078
f 3080/3080/3080 3079/3079/3079 3171/3171/3171
f 2605/2605/2605 3084/3084/3084 2941/2941/2941
f 2979/2979/2979 3173/3173/3173 3123/3123/3123
f 3021/3021/3021 3176/3176/3176 3025/3025/3025
f 3021/3021/3021 3178/3178/3178 3176/3176/3176
f 3124/3124/3124 3181/3181/3181 3003/3003/3003
f 2925/2925/2925 3126/3126/3126 3182/3182/3182
f 2946/2946/2946 3025/3025/3025 3127/3127/3127
f 3091/3091/3091 3003/3003/3003 3185/3185/3185
f 3151/3151/3151 3058/3058/3058 3187/3187/3187
f 3030/3030/3030 3189/3189/3189 3090/3090/3090
f 3129/3129/3129 3151/3151/3151 3187/3187/3187
f 3129/3129/3129 3187/3187/3187 3190/3190/3190
f 3129/3129/3129 3190/3190/3190 3191/3191/3191
f 3056/3056/3056 2948/2948/2948 3092/3092/3092
f 2949/2949/2949 3152/3152/3152 3153/3153/3153
f 3094/3094/3094 3155/3155/3155 3192/3192/3192
f 2951/2951/2951 3031/3031/3031 3153/3153/3153
f 2951/2951/2951 3153/3153/3153 3195/3195/3195
f 3005/3005/3005 3197/3197/3197 3131/3131/3131
f 3005/3005/3005 3157/3157/3157 3197/3197/3197
f 2954/2954/2954 3100/3100/3100 3199/3199/3199
f 2859/2859/2859 3098/3098/3098 3038/3038/3038
f 2990/2990/2990 3161/3161/3161 3201/3201/3201
f 2960/2960/2960 3204/3204/3204 3138/3138/3138
f 2870/2870/2870 2991/2991/2991 3141/3141/3141
f 3115/3115/3115 3206/3206/3206 3113/3113/3113
f 3114/3114/3114 3207/3207/3207 3205/3205/3205
f 3164/3164/3164 3116/3116/3116 3142/3142/3142
f 3067/3067/3067 3208/3208/3208 3114/3114/3114
f 3012/3012/3012 3212/3212/3212 3117/3117/3117
f 3117/3117/3117 3212/3212/3212 2970/2970/2970
f 3117/3117/3117 2970/2970/2970 3144/3144/3144
f 2767/2767/2767 3073/3073/3073 3168/3168/3168
f 2856/2856/2856 2767/2767/2767 3168/3168/3168
f 3169/3169/3169 3213/3213/3213 2745/2745/2745
f 2939/2939/2939 3215/3215/3215 3048/3048/3048
f 3048/3048/3048 3170/3170/3170 3078/3078/3078
f 2876/2876/2876 3216/3216/3216 2897/2897/2897
f 3085/3085/3085 3083/3083/3083 3218/3218/3218
f 2975/2975/2975 3121/3121/3121 3146/3146/3146
f 3021/3021/3021 3120/3120/3120 3178/3178/3178
f 2922/2922/2922 3219/3219/3219 2979/2979/2979
f 2975/2975/2975 3148/3148/3148 3121/3121/3121
f 3173/3173/3173 3179/3179/3179 3123/3123/3123
f 3178/3178/3178 3222/3222/3222 3176/3176/3176
f 3025/3025/3025 3183/3183/3183 3127/3127/3127
f 3059/3059/3059 3091/3091/3091 3185/3185/3185
f 3090/3090/3090 3224/3224/3224 3051/3051/3051
f 3057/3057/3057 3184/3184/3184 3186/3186/3186
f 3090/3090/3090 3189/3189/3189 3224/3224/3224
f 3191/3191/3191 3190/3190/3190 3225/3225/3225
f 3129/3129/3129 3191/3191/3191 3225/3225/3225
f 3030/3030/3030 2844/2844/2844 3189/3189/3189
f 3152/3152/3152 3129/3129/3129 3225/3225/3225
f 3094/3094/3094 3192/3192/3192 2982/2982/2982
f 3130/3130/3130 3155/3155/3155 3036/3036/3036
f 3130/3130/3130 3226/3226/3226 3155/3155/3155
f 2954/2954/2954 3197/3197/3197 3157/3157/3157
f 2953/2953/2953 3198/3198/3198 3196/3196/3196
f 2927/2927/2927 3060/3060/3060 3229/3229/3229
f 3134/3134/3134 3158/3158/3158 3230/3230/3230
f 3134/3134/3134 3230/3230/3230 3232/3232/3232
f 3133/3133/3133 3231/3231/3231 3233/3233/3233
f 3132/3132/3132 3235/3235/3235 2888/2888/2888
f 3235/3235/3235 3132/3132/3132 3236/3236/3236
f 3136/3136/3136 3234/3234/3234 3237/3237/3237
f 2956/2956/2956 2889/2889/2889 3062/3062/3062
f 2990/2990/2990 3201/3201/3201 3102/3102/3102
f 3008/3008/3008 3062/3062/3062 3204/3204/3204
f 2960/2960/2960 3008/3008/3008 3204/3204/3204
f 2852/2852/2852 3163/3163/3163 3161/3161/3161
f 3137/3137/3137 3239/3239/3239 3040/3040/3040
f 3107/3107/3107 2660/2660/2660 3104/3104/3104
f 3066/3066/3066 3241/3241/3241 3110/3110/3110
f 3109/3109/3109 3240/3240/3240 3162/3162/3162
f 3042/3042/3042 3040/3040/3040 3140/3140/3140
f 3064/3064/3064 3243/3243/3243 2918/2918/2918
f 2890/2890/2890 3244/3244/3244 3111/3111/3111
f 2963/2963/2963 3164/3164/3164 3068/3068/3068
f 3011/3011/3011 2961/2961/2961 3211/3211/3211
f 3073/3073/3073 2969/2969/2969 3168/3168/3168
f 2936/2936/2936 3214/3214/3214 3167/3167/3167
f 3015/3015/3015 3247/3247/3247 3074/3074/3074
f 2936/2936/2936 2747/2747/2747 3214/3214/3214
f 3249/3249/3249 3215/3215/3215 2939/2939/2939
f 3013/3013/3013 2897/2897/2897 3216/3216/3216
f 3048/3048/3048 3215/3215/3215 3250/3250/3250
f 3170/3170/3170 3048/3048/3048 3250/3250/3250
f 3081/3081/3081 3172/3172/3172 2900/2900/2900
f 3252/3252/3252 3256/3256/3256 3257/3257/3257
f 3256/3256/3256 3259/3259/3259 3257/3257/3257
f 3260/3260/3260 3256/3256/3256 3252/3252/3252
f 3252/3252/3252 3257/3257/3257 3262/3262/3262
f 3260/3260/3260 3252/3252/3252 3267/3267/3267
f 3145/3145/3145 3120/3120/3120 3001/3001/3001
f 2922/2922/2922 3002/3002/3002 3219/3219/3219
f 3178/3178/3178 3120/3120/3120 3268/3268/3268
f 2877/2877/2877 3270/3270/3270 3089/3089/3089
f 2878/2878/2878 2925/2925/2925 3271/3271/3271
f 3024/3024/3024 3175/3175/3175 3149/3149/3149
f 3025/3025/3025 3176/3176/3176 3183/3183/3183
f 3152/3152/3152 3225/3225/3225 3190/3190/3190
f 2983/2983/2983 3193/3193/3193 2844/2844/2844
f 3131/3131/3131 3197/3197/3197 3227/3227/3227
f 2951/2951/2951 3195/3195/3195 3096/3096/3096
f 3096/3096/3096 3195/3195/3195 3275/3275/3275
f 3097/3097/3097 3096/3096/3096 3276/3276/3276
f 3278/3278/3278 3230/3230/3230 3276/3276/3276
f 3098/3098/3098 3280/3280/3280 3038/3038/3038
f 3098/3098/3098 3277/3277/3277 3280/3280/3280
f 3230/3230/3230 3278/3278/3278 3282/3282/3282
f 3038/3038/3038 3280/3280/3280 3159/3159/3159
f 3060/3060/3060 3284/3284/3284 3229/3229/3229
f 3060/3060/3060 3061/3061/3061 3284/3284/3284
f 3230/3230/3230 3282/3282/3282 3232/3232/3232
f 2888/2888/2888 3235/3235/3235 3236/3236/3236
f 3061/3061/3061 3102/3102/3102 3286/3286/3286
f 2889/2889/2889 3237/3237/3237 3287/3287/3287
f 3062/3062/3062 2889/2889/2889 3287/3287/3287
f 3062/3062/3062 3290/3290/3290 3204/3204/3204
f 2918/2918/2918 3243/3243/3243 3104/3104/3104
f 3064/3064/3064 3291/3291/3291 3243/3243/3243
f 3293/3293/3293 3140/3140/3140 3294/3294/3294
f 3063/3063/3063 3139/3139/3139 3295/3295/3295
f 3064/3064/3064 3296/3296/3296 3291/3291/3291
f 2890/2890/2890 3141/3141/3141 3244/3244/3244
f 3207/3207/3207 3292/3292/3292 3205/3205/3205
f 3206/3206/3206 3293/3293/3293 3294/3294/3294
f 3206/3206/3206 3294/3294/3294 3113/3113/3113
f 3112/3112/3112 3298/3298/3298 3299/3299/3299
f 3068/3068/3068 3164/3164/3164 3300/3300/3300
f 3210/3210/3210 3069/3069/3069 3301/3301/3301
f 3212/3212/3212 3302/3302/3302 2970/2970/2970
f 3118/3118/3118 3305/3305/3305 3071/3071/3071
f 3119/3119/3119 3013/3013/3013 3307/3307/3307
f 2940/2940/2940 3074/3074/3074 3310/3310/3310
f 2937/2937/2937 3311/3311/3311 3248/3248/3248
f 2876/2876/2876 3316/3316/3316 3216/3216/3216
f 2875/2875/2875 2941/2941/2941 3315/3315/3315
f 2900/2900/2900 3172/3172/3172 3083/3083/3083
f 3259/3259/3259 3262/3262/3262 3257/3257/3257
f 3255/3255/3255 3317/3317/3317 3318/3318/3318
f 3252/3252/3252 3320/3320/3320 3267/3267/3267
f 3320/3320/3320 3252/3252/3252 3321/3321/3321
f 3260/3260/3260 3267/3267/3267 3256/3256/3256
f 3255/3255/3255 3266/3266/3266 3324/3324/3324
f 3267/3267/3267 3320/3320/3320 3325/3325/3325
f 3121/3121/3121 3148/3148/3148 3269/3269/3269
f 3173/3173/3173 2979/2979/2979 3219/3219/3219
f 3002/3002/3002 3089/3089/3089 3327/3327/3327
f 3148/3148/3148 3330/3330/3330 3269/3269/3269
f 3147/3147/3147 3175/3175/3175 3329/3329/3329
f 3175/3175/3175 3147/3147/3147 3149/3149/3149
f 3026/3026/3026 3330/3330/3330 3177/3177/3177
f 3026/3026/3026 3150/3150/3150 3330/3330/3330
f 3150/3150/3150 3051/3051/3051 3224/3224/3224
f 3224/3224/3224 3189/3189/3189 3332/3332/3332
f 3335/3335/3335 3337/3337/3337 3341/3341/3341
f 3189/3189/3189 2844/2844/2844 3343/3343/3343
f 3226/3226/3226 3196/3196/3196 3344/3344/3344
f 3198/3198/3198 3345/3345/3345 3196/3196/3196
f 3198/3198/3198 3099/3099/3099 3345/3345/3345
f 3231/3231/3231 3281/3281/3281 3347/3347/3347
f 3233/3233/3233 3231/3231/3231 3347/3347/3347
f 3101/3101/3101 3200/3200/3200 3160/3160/3160
f 3101/3101/3101 3160/3160/3160 3348/3348/3348
f 3137/3137/3137 3352/3352/3352 3239/3239/3239
f 3137/3137/3137 3203/3203/3203 3352/3352/3352
f 3040/3040/3040 3239/3239/3239 3140/3140/3140
f 3140/3140/3140 3239/3239/3239 3294/3294/3294
f 3043/3043/3043 3353/3353/3353 3065/3065/3065
f 3113/3113/3113 3294/3294/3294 3043/3043/3043
f 3297/3297/3297 3111/3111/3111 3244/3244/3244
f 3114/3114/3114 3354/3354/3354 3207/3207/3207
f 3112/3112/3112 3299/3299/3299 2962/2962/2962
f 3114/3114/3114 3208/3208/3208 3354/3354/3354
f 3072/3072/3072 3360/3360/3360 3143/3143/3143
f 3212/3212/3212 2962/2962/2962 3302/3302/3302
f 3014/3014/3014 3166/3166/3166 3361/3361/3361
f 3014/3014/3014 3361/3361/3361 3246/3246/3246
f 3074/3074/3074 3247/3247/3247 3310/3310/3310
f 2938/2938/2938 3308/3308/3308 3312/3312/3312
f 3249/3249/3249 3313/3313/3313 3250/3250/3250
f 3249/3249/3249 3250/3250/3250 3215/3215/3215
f 3216/3216/3216 3316/3316/3316 3364/3364/3364
f 3084/3084/3084 3217/3217/3217 2941/2941/2941
f 3256/3256/3256 3319/3319/3319 3259/3259/3259
f 3323/3323/3323 3265/3265/3265 3254/3254/3254
f 3178/3178/3178 3268/3268/3268 3222/3222/3222
f 3181/3181/3181 3174/3174/3174 3365/3365/3365
f 3269/3269/3269 3330/3330/3330 3223/3223/3223
f 3176/3176/3176 3222/3222/3222 3366/3366/3366
f 3180/3180/3180 3367/3367/3367 3369/3369/3369
f 3176/3176/3176 3366/3366/3366 3371/3371/3371
f 3181/3181/3181 3370/3370/3370 3003/3003/3003
f 3176/3176/3176 3371/3371/3371 3373/3373/3373
f 3183/3183/3183 3176/3176/3176 3373/3373/3373
f 3003/3003/3003 3375/3375/3375 3185/3185/3185
f 3224/3224/3224 3332/3332/3332 3150/3150/3150
f 3188/3188/3188 3342/3342/3342 3331/3331/3331
f 3336/3336/3336 3333/3333/3333 3338/3338/3338
f 3342/3342/3342 3376/3376/3376 3331/3331/3331
f 3152/3152/3152 3190/3190/3190 3153/3153/3153
f 3190/3190/3190 3378/3378/3378 3153/3153/3153
f 3226/3226/3226 3379/3379/3379 3155/3155/3155
f 3226/3226/3226 3344/3344/3344 3379/3379/3379
f 3344/3344/3344 3196/3196/3196 3379/3379/3379
f 3274/3274/3274 3194/3194/3194 3380/3380/3380
f 3278/3278/3278 3276/3276/3276 3382/3382/3382
f 3230/3230/3230 3279/3279/3279 3276/3276/3276
f 2927/2927/2927 3346/3346/3346 3100/3100/3100
f 3278/3278/3278 3383/3383/3383 3385/3385/3385
f 3230/3230/3230 3158/3158/3158 3279/3279/3279
f 3102/3102/3102 3386/3386/3386 3286/3286/3286
f 3102/3102/3102 3350/3350/3350 3386/3386/3386
f 3062/3062/3062 3287/3287/3287 3290/3290/3290
f 3160/3160/3160 3387/3387/3387 3348/3348/3348
f 3106/3106/3106 3103/3103/3103 3245/3245/3245
f 3108/3108/3108 3105/3105/3105 3244/3244/3244
f 3242/3242/3242 3388/3388/3388 3103/3103/3103
f 3065/3065/3065 3353/3353/3353 3240/3240/3240
f 3243/3243/3243 3291/3291/3291 3389/3389/3389
f 3164/3164/3164 3142/3142/3142 3390/3390/3390
f 3207/3207/3207 3354/3354/3354 3292/3292/3292
f 3298/3298/3298 3245/3245/3245 3299/3299/3299
f 3143/3143/3143 3392/3392/3392 3391/3391/3391
f 3392/3392/3392 3393/3393/3393 3391/3391/3391
f 3392/3392/3392 3143/3143/3143 3360/3360/3360
f 2962/2962/2962 3299/3299/3299 3302/3302/3302
f 3209/3209/3209 3394/3394/3394 3355/3355/3355
f 3070/3070/3070 3396/3396/3396 3356/3356/3356
f 3071/3071/3071 3399/3399/3399 3397/3397/3397
f 3013/3013/3013 3401/3401/3401 3307/3307/3307
f 3216/3216/3216 3404/3404/3404 3013/3013/3013
f 3083/3083/3083 3405/3405/3405 3218/3218/3218
f 3406/3406/3406 3408/3408/3408 3410/3410/3410
f 3412/3412/3412 3410/3410/3410 3408/3408/3408
f 3410/3410/3410 3412/3412/3412 3414/3414/3414
f 3415/3415/3415 3414/3414/3414 3418/3418/3418
f 3415/3415/3415 3420/3420/3420 3414/3414/3414
f 3319/3319/3319 3423/3423/3423 3425/3425/3425
f 3319/3319/3319 3428/3428/3428 3423/3423/3423
f 3319/3319/3319 3425/3425/3425 3259/3259/3259
f 3319/3319/3319 3430/3430/3430 3428/3428/3428
f 3325/3325/3325 3432/3432/3432 3267/3267/3267
f 3320/3320/3320 3434/3434/3434 3325/3325/3325
f 3434/3434/3434 3320/3320/3320 3220/3220/3220
f 3089/3089/3089 3270/3270/3270 3327/3327/3327
f 3365/3365/3365 3368/3368/3368 3181/3181/3181
f 3003/3003/3003 3370/3370/3370 3375/3375/3375
f 3182/3182/3182 3436/3436/3436 2925/2925/2925
f 3186/3186/3186 3184/3184/3184 3438/3438/3438
f 3335/3335/3335 3341/3341/3341 3441/3441/3441
f 2844/2844/2844 3193/3193/3193 3343/3343/3343
f 3156/3156/3156 3443/3443/3443 3193/3193/3193
f 3379/3379/3379 3445/3445/3445 3155/3155/3155
f 3195/3195/3195 3446/3446/3446 3449/3449/3449
f 3153/3153/3153 3446/3446/3446 3195/3195/3195
f 3195/3195/3195 3451/3451/3451 3381/3381/3381
f 3096/3096/3096 3275/3275/3275 3382/3382/3382
f 3096/3096/3096 3382/3382/3382 3276/3276/3276
f 3278/3278/3278 3385/3385/3385 3282/3282/3282
f 3383/3383/3383 3453/3453/3453 3385/3385/3385
f 3061/3061/3061 3286/3286/3286 3284/3284/3284
f 3237/3237/3237 3234/3234/3234 3457/3457/3457
f 3237/3237/3237 3459/3459/3459 3287/3287/3287
f 3348/3348/3348 3387/3387/3387 3460/3460/3460
f 3348/3348/3348 3460/3460/3460 3462/3462/3462
f 3240/3240/3240 3353/3353/3353 3162/3162/3162
f 3300/3300/3300 3164/3164/3164 3464/3464/3464
f 3165/3165/3165 3391/3391/3391 3465/3465/3465
f 3291/3291/3291 3296/3296/3296 3389/3389/3389
f 3292/3292/3292 3354/3354/3354 3139/3139/3139
f 3139/3139/3139 3354/3354/3354 3295/3295/3295
f 3299/3299/3299 3245/3245/3245 3466/3466/3466
f 3392/3392/3392 3360/3360/3360 3393/3393/3393
f 3302/3302/3302 3299/3299/3299 3466/3466/3466
f 3169/3169/3169 2970/2970/2970 3213/3213/3213
f 3313/3313/3313 3467/3467/3467 3250/3250/3250
f 3216/3216/3216 3364/3364/3364 3404/3404/3404
f 3315/3315/3315 2941/2941/2941 3363/3363/3363
f 3083/3083/3083 3470/3470/3470 3405/3405/3405
f 3406/3406/3406 3471/3471/3471 3408/3408/3408
f 3409/3409/3409 3473/3473/3473 3475/3475/3475
f 3408/3408/3408 3474/3474/3474 3412/3412/3412
f 3410/3410/3410 3476/3476/3476 3406/3406/3406
f 3478/3478/3478 3480/3480/3480 3412/3412/3412
f 3480/3480/3480 3414/3414/3414 3412/3412/3412
f 3420/3420/3420 3415/3415/3415 3423/3423/3423
f 3259/3259/3259 3482/3482/3482 3262/3262/3262
f 3264/3264/3264 3483/3483/3483 3484/3484/3484
f 3320/3320/3320 3321/3321/3321 3220/3220/3220
f 3326/3326/3326 3435/3435/3435 3485/3485/3485
f 3485/3485/3485 3435/3435/3435 3487/3487/3487
f 3220/3220/3220 3328/3328/3328 3434/3434/3434
f 3174/3174/3174 3221/3221/3221 3365/3365/3365
f 3366/3366/3366 3222/3222/3222 3371/3371/3371
f 3373/3373/3373 3371/3371/3371 3488/3488/3488
f 3150/3150/3150 3332/3332/3332 3330/3330/3330
f 3334/3334/3334 3440/3440/3440 3339/3339/3339
f 3341/3341/3341 3441/3441/3441 3187/3187/3187
f 3190/3190/3190 3187/3187/3187 3490/3490/3490
f 3190/3190/3190 3490/3490/3490 3491/3491/3491
f 3193/3193/3193 3443/3443/3443 3494/3494/3494
f 3378/3378/3378 3190/3190/3190 3491/3491/3491
f 3378/3378/3378 3491/3491/3491 3153/3153/3153
f 3443/3443/3443 3156/3156/3156 3496/3496/3496
f 3154/3154/3154 3444/3444/3444 3495/3495/3495
f 3195/3195/3195 3497/3497/3497 3451/3451/3451
f 3275/3275/3275 3381/3381/3381 3451/3451/3451
f 3275/3275/3275 3451/3451/3451 3382/3382/3382
f 3278/3278/3278 3382/3382/3382 3451/3451/3451
f 3383/3383/3383 3278/3278/3278 3498/3498/3498
f 2927/2927/2927 3229/3229/3229 3346/3346/3346
f 3383/3383/3383 3498/3498/3498 3453/3453/3453
f 3347/3347/3347 3281/3281/3281 3233/3233/3233
f 3237/3237/3237 3457/3457/3457 3499/3499/3499
f 3237/3237/3237 3499/3499/3499 3459/3459/3459
f 3350/3350/3350 3500/3500/3500 3386/3386/3386
f 3387/3387/3387 3160/3160/3160 3460/3460/3460
f 3202/3202/3202 3238/3238/3238 3351/3351/3351
f 3108/3108/3108 3244/3244/3244 3141/3141/3141
f 3043/3043/3043 3294/3294/3294 3353/3353/3353
f 3391/3391/3391 3501/3501/3501 3465/3465/3465
f 3296/3296/3296 3355/3355/3355 3389/3389/3389
f 3393/3393/3393 3501/3501/3501 3391/3391/3391
f 3210/3210/3210 3301/3301/3301 3503/3503/3503
f 3301/3301/3301 3504/3504/3504 3503/3503/3503
f 3210/3210/3210 3503/3503/3503 3395/3395/3395
f 3302/3302/3302 3466/3466/3466 2970/2970/2970
f 3505/3505/3505 3508/3508/3508 3167/3167/3167
f 3397/3397/3397 3399/3399/3399 3509/3509/3509
f 3071/3071/3071 3305/3305/3305 3399/3399/3399
f 3247/3247/3247 3362/3362/3362 3310/3310/3310
f 3469/3469/3469 3310/3310/3310 3510/3510/3510
f 3468/3468/3468 3314/3314/3314 3309/3309/3309
f 3469/3469/3469 3510/3510/3510 3511/3511/3511
f 3469/3469/3469 3510/3510/3510 3512/3512/3512
f 3469/3469/3469 3510/3510/3510 3251/3251/3251
f 3404/3404/3404 3401/3401/3401 3013/3013/3013
f 3363/3363/3363 2941/2941/2941 3513/3513/3513
f 3083/3083/3083 3172/3172/3172 3470/3470/3470
f 3218/3218/3218 3405/3405/3405 3515/3515/3515
f 3407/3407/3407 3477/3477/3477 3516/3516/3516
f 3412/3412/3412 3474/3474/3474 3517/3517/3517
f 3412/3412/3412 3517/3517/3517 3478/3478/3478
f 3478/3478/3478 3520/3520/3520 3480/3480/3480
f 3480/3480/3480 3520/3520/3520 3414/3414/3414
f 3413/3413/3413 3519/3519/3519 3417/3417/3417
f 3410/3410/3410 3414/3414/3414 3420/3420/3420
f 3420/3420/3420 3423/3423/3423 3521/3521/3521
f 3524/3524/3524 3525/3525/3525 3425/3425/3425
f 3523/3523/3523 3424/3424/3424 3258/3258/3258
f 3425/3425/3425 3525/3525/3525 3259/3259/3259
f 3259/3259/3259 3525/3525/3525 3482/3482/3482
f 3430/3430/3430 3319/3319/3319 3527/3527/3527
f 3317/3317/3317 3526/3526/3526 3318/3318/3318
f 3317/3317/3317 3530/3530/3530 3526/3526/3526
f 3253/3253/3253 3532/3532/3532 3322/3322/3322
f 3255/3255/3255 3533/3533/3533 3317/3317/3317
f 3255/3255/3255 3266/3266/3266 3533/3533/3533
f 3267/3267/3267 3535/3535/3535 3537/3537/3537
f 3322/3322/3322 3538/3538/3538 3221/3221/3221
f 3267/3267/3267 3540/3540/3540 3535/3535/3535
f 3267/3267/3267 3432/3432/3432 3540/3540/3540
f 3433/3433/3433 3543/3543/3543 3541/3541/3541
f 3326/3326/3326 3543/3543/3543 3433/3433/3433
f 3002/3002/3002 3327/3327/3327 3219/3219/3219
f 3223/3223/3223 3330/3330/3330 3372/3372/3372
f 2925/2925/2925 3544/3544/3544 3271/3271/3271
f 3330/3330/3330 3547/3547/3547 3548/3548/3548
f 3370/3370/3370 3551/3551/3551 3375/3375/3375
f 3332/3332/3332 3547/3547/3547 3330/3330/3330
f 2925/2925/2925 3436/3436/3436 3544/3544/3544
f 3373/3373/3373 3437/3437/3437 3183/3183/3183
f 3377/3377/3377 3343/3343/3343 3554/3554/3554
f 3490/3490/3490 3187/3187/3187 3441/3441/3441
f 3343/3343/3343 3193/3193/3193 3554/3554/3554
f 3193/3193/3193 3494/3494/3494 3554/3554/3554
f 3490/3490/3490 3441/3441/3441 3491/3491/3491
f 3491/3491/3491 3446/3446/3446 3153/3153/3153
f 3555/3555/3555 3449/3449/3449 3445/3445/3445
f 3555/3555/3555 3445/3445/3445 3379/3379/3379
f 3449/3449/3449 3556/3556/3556 3195/3195/3195
f 3557/3557/3557 3556/3556/3556 3449/3449/3449
f 3195/3195/3195 3556/3556/3556 3497/3497/3497
f 3449/3449/3449 3555/3555/3555 3557/3557/3557
f 3196/3196/3196 3345/3345/3345 3558/3558/3558
f 3497/3497/3497 3559/3559/3559 3451/3451/3451
f 3278/3278/3278 3451/3451/3451 3559/3559/3559
f 3278/3278/3278 3556/3556/3556 3560/3560/3560
f 3498/3498/3498 3278/3278/3278 3560/3560/3560
f 3453/3453/3453 3498/3498/3498 3561/3561/3561
f 3287/3287/3287 3459/3459/3459 3290/3290/3290
f 3239/3239/3239 3203/3203/3203 3289/3289/3289
f 3163/3163/3163 3461/3461/3461 3161/3161/3161
f 3301/3301/3301 3563/3563/3563 3504/3504/3504
f 3397/3397/3397 3509/3509/3509 3358/3358/3358
f 2970/2970/2970 3466/3466/3466 3213/3213/3213
f 3166/3166/3166 3506/3506/3506 3361/3361/3361
f 3509/3509/3509 3399/3399/3399 3565/3565/3565
f 3509/3509/3509 3565/3565/3565 3358/3358/3358
f 3407/3407/3407 3566/3566/3566 3472/3472/3472
f 3407/3407/3407 3516/3516/3516 3566/3566/3566
f 3478/3478/3478 3568/3568/3568 3520/3520/3520
f 3477/3477/3477 3411/3411/3411 3516/3516/3516
f 3423/3423/3423 3415/3415/3415 3425/3425/3425
f 3523/3523/3523 3424/3424/3424 3481/3481/3481
f 3524/3524/3524 3482/3482/3482 3525/3525/3525
f 3423/3423/3423 3430/3430/3430 3521/3521/3521
f 3422/3422/3422 3427/3427/3427 3429/3429/3429
f 3263/3263/3263 3532/3532/3532 3253/3253/3253
f 3317/3317/3317 3533/3533/3533 3530/3530/3530
f 3322/3322/3322 3532/3532/3532 3570/3570/3570
f 3266/3266/3266 3536/3536/3536 3533/3533/3533
f 3322/3322/3322 3570/3570/3570 3538/3538/3538
f 3485/3485/3485 3543/3543/3543 3326/3326/3326
f 3486/3486/3486 3434/3434/3434 3272/3272/3272
f 3434/3434/3434 3328/3328/3328 3272/3272/3272
f 3372/3372/3372 3330/3330/3330 3548/3548/3548
f 3372/3372/3372 3548/3548/3548 3489/3489/3489
f 3376/3376/3376 3571/3571/3571 3331/3331/3331
f 3340/3340/3340 3186/3186/3186 3572/3572/3572
f 3443/3443/3443 3580/3580/3580 3494/3494/3494
f 3493/3493/3493 3574/3574/3574 3581/3581/3581
f 3447/3447/3447 3492/3492/3492 3585/3585/3585
f 3444/3444/3444 3587/3587/3587 3495/3495/3495
f 3557/3557/3557 3555/3555/3555 3379/3379/3379
f 3196/3196/3196 3558/3558/3558 3379/3379/3379
f 3278/3278/3278 3589/3589/3589 3556/3556/3556
f 3278/3278/3278 3559/3559/3559 3589/3589/3589
f 3557/3557/3557 3590/3590/3590 3591/3591/3591
f 3560/3560/3560 3556/3556/3556 3591/3591/3591
f 3498/3498/3498 3560/3560/3560 3592/3592/3592
f 3560/3560/3560 3591/3591/3591 3594/3594/3594
f 3560/3560/3560 3594/3594/3594 3592/3592/3592
f 3561/3561/3561 3498/3498/3498 3596/3596/3596
f 3233/3233/3233 3598/3598/3598 3456/3456/3456
f 3281/3281/3281 3598/3598/3598 3233/3233/3233
f 3386/3386/3386 3500/3500/3500 3286/3286/3286
f 3459/3459/3459 3599/3599/3599 3601/3601/3601
f 3458/3458/3458 3600/3600/3600 3288/3288/3288
f 3163/3163/3163 3604/3604/3604 3461/3461/3461
f 3239/3239/3239 3605/3605/3605 3294/3294/3294
f 3353/3353/3353 3294/3294/3294 3605/3605/3605
f 3394/3394/3394 3502/3502/3502 3355/3355/3355
f 3393/3393/3393 3360/3360/3360 3607/3607/3607
f 3466/3466/3466 3608/3608/3608 3213/3213/3213
f 3508/3508/3508 3505/3505/3505 3611/3611/3611
f 3507/3507/3507 3610/3610/3610 3362/3362/3362
f 3310/3310/3310 3362/3362/3362 3612/3612/3612
f 3303/3303/3303 3613/3613/3613 3398/3398/3398
f 3310/3310/3310 3612/3612/3612 3510/3510/3510
f 3363/3363/3363 3513/3513/3513 3402/3402/3402
f 3514/3514/3514 3615/3615/3615 3403/3403/3403
f 3473/3473/3473 3567/3567/3567 3475/3475/3475
f 3411/3411/3411 3421/3421/3421 3617/3617/3617
f 3261/3261/3261 3618/3618/3618 3531/3531/3531
f 3530/3530/3530 3533/3533/3533 3526/3526/3526
f 3536/3536/3536 3534/3534/3534 3533/3533/3533
f 3487/3487/3487 3543/3543/3543 3485/3485/3485
f 3369/3369/3369 3367/3367/3367 3549/3549/3549
f 3331/3331/3331 3571/3571/3571 3546/3546/3546
f 3571/3571/3571 3376/3376/3376 3625/3625/3625
f 3340/3340/3340 3572/3572/3572 3627/3627/3627
f 3444/3444/3444 3448/3448/3448 3587/3587/3587
f 3558/3558/3558 3629/3629/3629 3379/3379/3379
f 3556/3556/3556 3589/3589/3589 3497/3497/3497
f 3379/3379/3379 3629/3629/3629 3557/3557/3557
f 3557/3557/3557 3629/3629/3629 3590/3590/3590
f 3590/3590/3590 3629/3629/3629 3591/3591/3591
f 3281/3281/3281 3384/3384/3384 3598/3598/3598
f 3459/3459/3459 3499/3499/3499 3599/3599/3599
f 3463/3463/3463 3630/3630/3630 3349/3349/3349
f 3462/3462/3462 3460/3460/3460 3602/3602/3602
f 3300/3300/3300 3464/3464/3464 3632/3632/3632
f 3465/3465/3465 3501/3501/3501 3607/3607/3607
f 3355/3355/3355 3635/3635/3635 3389/3389/3389
f 3466/3466/3466 3245/3245/3245 3636/3636/3636
f 3393/3393/3393 3607/3607/3607 3501/3501/3501
f 3355/3355/3355 3502/3502/3502 3635/3635/3635
f 3214/3214/3214 3609/3609/3609 3640/3640/3640
f 3612/3612/3612 3641/3641/3641 3510/3510/3510
f 3510/3510/3510 3641/3641/3641 3251/3251/3251
f 3172/3172/3172 3251/3251/3251 3470/3470/3470
f 3405/3405/3405 3642/3642/3642 3515/3515/3515
f 3642/3642/3642 3405/3405/3405 3643/3643/3643
f 3470/3470/3470 3645/3645/3645 3405/3405/3405
f 3218/3218/3218 3515/3515/3515 2942/2942/2942
f 3518/3518/3518 3475/3475/3475 3479/3479/3479
f 3648/3648/3648 3569/3569/3569 3649/3649/3649
f 3652/3652/3652 3656/3656/3656 3657/3657/3657
f 3656/3656/3656 3648/3648/3648 3649/3649/3649
f 3650/3650/3650 3658/3658/3658 3653/3653/3653
f 3655/3655/3655 3660/3660/3660 3663/3663/3663
f 3647/3647/3647 3655/3655/3655 3663/3663/3663
f 3661/3661/3661 3659/3659/3659 3654/3654/3654
f 3516/3516/3516 3411/3411/3411 3617/3617/3617
f 3418/3418/3418 3520/3520/3520 3664/3664/3664
f 3416/3416/3416 3665/3665/3665 3426/3426/3426
f 3264/3264/3264 3484/3484/3484 3620/3620/3620
f 3533/3533/3533 3667/3667/3667 3526/3526/3526
f 3533/3533/3533 3534/3534/3534 3667/3667/3667
f 3539/3539/3539 3542/3542/3542 3534/3534/3534
f 3368/3368/3368 3668/3668/3668 3551/3551/3551
f 3488/3488/3488 3670/3670/3670 3373/3373/3373
f 3547/3547/3547 3672/3672/3672 3548/3548/3548
f 3436/3436/3436 3673/3673/3673 3544/3544/3544
f 3571/3571/3571 3625/3625/3625 3679/3679/3679
f 3186/3186/3186 3438/3438/3438 3572/3572/3572
f 3626/3626/3626 3377/3377/3377 3554/3554/3554
f 3341/3341/3341 3623/3623/3623 3441/3441/3441
f 3492/3492/3492 3442/3442/3442 3585/3585/3585
f 3447/3447/3447 3585/3585/3585 3450/3450/3450
f 3680/3680/3680 3682/3682/3682 3684/3684/3684
f 3589/3589/3589 3559/3559/3559 3497/3497/3497
f 3591/3591/3591 3556/3556/3556 3557/3557/3557
f 3228/3228/3228 3686/3686/3686 3345/3345/3345
f 3283/3283/3283 3686/3686/3686 3228/3228/3228
f 3498/3498/3498 3592/3592/3592 3596/3596/3596
f 3284/3284/3284 3286/3286/3286 3687/3687/3687
f 3499/3499/3499 3457/3457/3457 3689/3689/3689
f 3500/3500/3500 3690/3690/3690 3286/3286/3286
f 3350/3350/3350 3695/3695/3695 3500/3500/3500
f 3349/3349/3349 3630/3630/3630 3691/3691/3691
f 3601/3601/3601 3599/3599/3599 3699/3699/3699
f 3600/3600/3600 3696/3696/3696 3288/3288/3288
f 3239/3239/3239 3289/3289/3289 3697/3697/3697
f 3162/3162/3162 3353/3353/3353 3603/3603/3603
f 3608/3608/3608 3466/3466/3466 3700/3700/3700
f 3167/3167/3167 3707/3707/3707 3505/3505/3505
f 3505/3505/3505 3709/3709/3709 3611/3611/3611
f 3214/3214/3214 3640/3640/3640 3167/3167/3167
f 3357/3357/3357 3564/3564/3564 3304/3304/3304
f 3399/3399/3399 3614/3614/3614 3565/3565/3565
f 2941/2941/2941 3710/3710/3710 3513/3513/3513
f 3405/3405/3405 3645/3645/3645 3643/3643/3643
f 3515/3515/3515 3713/3713/3713 2942/2942/2942
f 3656/3656/3656 3649/3649/3649 3657/3657/3657
f 3655/3655/3655 3660/3660/3660 3663/3663/3663
f 3660/3660/3660 3651/3651/3651 3663/3663/3663
f 3568/3568/3568 3664/3664/3664 3520/3520/3520
f 3419/3419/3419 3714/3714/3714 3616/3616/3616
f 3421/3421/3421 3716/3716/3716 3715/3715/3715
f 3415/3415/3415 3418/3418/3418 3664/3664/3664
f 3522/3522/3522 3716/3716/3716 3421/3421/3421
f 3426/3426/3426 3665/3665/3665 3483/3483/3483
f 3522/3522/3522 3431/3431/3431 3716/3716/3716
f 3484/3484/3484 3483/3483/3483 3665/3665/3665
f 3431/3431/3431 3529/3529/3529 3718/3718/3718
f 3538/3538/3538 3570/3570/3570 3221/3221/3221
f 3487/3487/3487 3273/3273/3273 3543/3543/3543
f 3368/3368/3368 3365/3365/3365 3668/3668/3668
f 3674/3674/3674 3437/3437/3437 3373/3373/3373
f 3546/3546/3546 3571/3571/3571 3671/3671/3671
f 3375/3375/3375 3719/3719/3719 3185/3185/3185
f 3340/3340/3340 3627/3627/3627 3622/3622/3622
f 3442/3442/3442 3720/3720/3720 3721/3721/3721
f 3494/3494/3494 3583/3583/3583 3722/3722/3722
f 3443/3443/3443 3496/3496/3496 3724/3724/3724
f 3680/3680/3680 3586/3586/3586 3682/3682/3682
f 3681/3681/3681 3685/3685/3685 3588/3588/3588
f 3345/3345/3345 3686/3686/3686 3558/3558/3558
f 3384/3384/3384 3452/3452/3452 3725/3725/3725
f 3384/3384/3384 3725/3725/3725 3598/3598/3598
f 3499/3499/3499 3727/3727/3727 3599/3599/3599
f 3603/3603/3603 3353/3353/3353 3463/3463/3463
f 3239/3239/3239 3728/3728/3728 3605/3605/3605
f 3633/3633/3633 3465/3465/3465 3731/3731/3731
f 3607/3607/3607 3731/3731/3731 3465/3465/3465
f 3245/3245/3245 3103/3103/3103 3636/3636/3636
f 3388/3388/3388 3636/3636/3636 3103/3103/3103
f 3389/3389/3389 3732/3732/3732 3733/3733/3733
f 3635/3635/3635 3735/3735/3735 3732/3732/3732
f 3389/3389/3389 3635/3635/3635 3732/3732/3732
f 3739/3739/3739 3741/3741/3741 3704/3704/3704
f 3739/3739/3739 3704/3704/3704 3745/3745/3745
f 3466/3466/3466 3636/3636/3636 3700/3700/3700
f 3167/3167/3167 3640/3640/3640 3707/3707/3707
f 3505/3505/3505 3707/3707/3707 3709/3709/3709
f 3640/3640/3640 3609/3609/3609 3747/3747/3747
f 3610/3610/3610 3748/3748/3748 3362/3362/3362
f 3612/3612/3612 3362/3362/3362 3641/3641/3641
f 3251/3251/3251 3641/3641/3641 3470/3470/3470
f 3403/3403/3403 3306/3306/3306 3400/3400/3400
f 3514/3514/3514 3712/3712/3712 3615/3615/3615
f 3568/3568/3568 3646/3646/3646 3664/3664/3664
f 3646/3646/3646 3662/3662/3662 3664/3664/3664
f 3534/3534/3534 3749/3749/3749 3667/3667/3667
f 3534/3534/3534 3542/3542/3542 3749/3749/3749
f 3489/3489/3489 3548/3548/3548 3753/3753/3753
f 3488/3488/3488 3752/3752/3752 3670/3670/3670
f 3672/3672/3672 3757/3757/3757 3548/3548/3548
f 3185/3185/3185 3719/3719/3719 3759/3759/3759
f 3184/3184/3184 3758/3758/3758 3438/3438/3438
f 3760/3760/3760 3679/3679/3679 3625/3625/3625
f 3760/3760/3760 3573/3573/3573 3761/3761/3761
f 3762/3762/3762 3573/3573/3573 3760/3760/3760
f 3760/3760/3760 3761/3761/3761 3679/3679/3679
f 3760/3760/3760 3625/3625/3625 3762/3762/3762
f 3628/3628/3628 3762/3762/3762 3625/3625/3625
f 3628/3628/3628 3573/3573/3573 3762/3762/3762
f 3442/3442/3442 3624/3624/3624 3720/3720/3720
f 3494/3494/3494 3722/3722/3722 3554/3554/3554
f 3442/3442/3442 3763/3763/3763 3585/3585/3585
f 3582/3582/3582 3575/3575/3575 3764/3764/3764
f 3576/3576/3576 3769/3769/3769 3765/3765/3765
f 3585/3585/3585 3776/3776/3776 3450/3450/3450
f 3591/3591/3591 3629/3629/3629 3777/3777/3777
f 3596/3596/3596 3592/3592/3592 3780/3780/3780
f 3605/3605/3605 3728/3728/3728 3353/3353/3353
f 3563/3563/3563 3782/3782/3782 3504/3504/3504
f 3638/3638/3638 3389/3389/3389 3784/3784/3784
f 3739/3739/3739 3785/3785/3785 3786/3786/3786
f 3739/3739/3739 3786/3786/3786 3741/3741/3741
f 3707/3707/3707 3640/3640/3640 3789/3789/3789
f 3791/3791/3791 3704/3704/3704 3741/3741/3741
f 3609/3609/3609 3705/3705/3705 3747/3747/3747
f 3306/3306/3306 3403/3403/3403 3793/3793/3793
f 3403/3403/3403 3615/3615/3615 3793/3793/3793
f 3515/3515/3515 3642/3642/3642 3794/3794/3794
f 3713/3713/3713 3515/3515/3515 3794/3794/3794
f 3615/3615/3615 3712/3712/3712 3793/3793/3793
f 2942/2942/2942 3793/3793/3793 3712/3712/3712
f 3569/3569/3569 3479/3479/3479 3795/3795/3795
f 3797/3797/3797 3652/3652/3652 3798/3798/3798
f 3516/3516/3516 3617/3617/3617 3566/3566/3566
f 3651/3651/3651 3796/3796/3796 3799/3799/3799
f 3662/3662/3662 3801/3801/3801 3664/3664/3664
f 3484/3484/3484 3665/3665/3665 3620/3620/3620
f 3543/3543/3543 3803/3803/3803 3750/3750/3750
f 3221/3221/3221 3570/3570/3570 3365/3365/3365
f 3271/3271/3271 3544/3544/3544 3805/3805/3805
f 3373/3373/3373 3670/3670/3670 3674/3674/3674
f 3721/3721/3721 3720/3720/3720 3763/3763/3763
f 3722/3722/3722 3811/3811/3811 3554/3554/3554
f 3442/3442/3442 3721/3721/3721 3763/3763/3763
f 3722/3722/3722 3774/3774/3774 3811/3811/3811
f 3722/3722/3722 3583/3583/3583 3774/3774/3774
f 3808/3808/3808 3577/3577/3577 3812/3812/3812
f 3578/3578/3578 3809/3809/3809 3770/3770/3770
f 3583/3583/3583 3768/3768/3768 3816/3816/3816
f 3443/3443/3443 3724/3724/3724 3580/3580/3580
f 3448/3448/3448 3817/3817/3817 3587/3587/3587
f 3587/3587/3587 3819/3819/3819 3495/3495/3495
f 3629/3629/3629 3558/3558/3558 3777/3777/3777
f 3591/3591/3591 3777/3777/3777 3594/3594/3594
f 3595/3595/3595 3821/3821/3821 3593/3593/3593
f 3454/3454/3454 3562/3562/3562 3822/3822/3822
f 3686/3686/3686 3285/3285/3285 3777/3777/3777
f 3456/3456/3456 3598/3598/3598 3688/3688/3688
f 3499/3499/3499 3689/3689/3689 3727/3727/3727
f 3699/3699/3699 3599/3599/3599 3825/3825/3825
f 3697/3697/3697 3728/3728/3728 3239/3239/3239
f 3300/3300/3300 3632/3632/3632 3826/3826/3826
f 3301/3301/3301 3828/3828/3828 3563/3563/3563
f 3563/3563/3563 3828/3828/3828 3782/3782/3782
f 3389/3389/3389 3829/3829/3829 3784/3784/3784
f 3389/3389/3389 3733/3733/3733 3829/3829/3829
f 3637/3637/3637 3783/3783/3783 3831/3831/3831
f 3503/3503/3503 3504/3504/3504 3835/3835/3835
f 3743/3743/3743 3836/3836/3836 3736/3736/3736
f 3707/3707/3707 3844/3844/3844 3847/3847/3847
f 3706/3706/3706 3846/3846/3846 3848/3848/3848
f 3707/3707/3707 3789/3789/3789 3844/3844/3844
f 3706/3706/3706 3848/3848/3848 3708/3708/3708
f 3639/3639/3639 3849/3849/3849 3788/3788/3788
f 3790/3790/3790 3851/3851/3851 3701/3701/3701
f 3790/3790/3790 3740/3740/3740 3851/3851/3851
f 3747/3747/3747 3705/3705/3705 3789/3789/3789
f 3748/3748/3748 3610/3610/3610 3708/3708/3708
f 3362/3362/3362 3748/3748/3748 3641/3641/3641
f 3565/3565/3565 3614/3614/3614 3305/3305/3305
f 3641/3641/3641 3854/3854/3854 3470/3470/3470
f 3642/3642/3642 3643/3643/3643 3794/3794/3794
f 3855/3855/3855 3713/3713/3713 3794/3794/3794
f 3712/3712/3712 3858/3858/3858 3793/3793/3793
f 3711/3711/3711 3792/3792/3792 3857/3857/3857
f 3479/3479/3479 3475/3475/3475 3795/3795/3795
f 3652/3652/3652 3657/3657/3657 3798/3798/3798
f 3797/3797/3797 3798/3798/3798 3860/3860/3860
f 3651/3651/3651 3799/3799/3799 3663/3663/3663
f 3273/3273/3273 3806/3806/3806 3543/3543/3543
f 3548/3548/3548 3757/3757/3757 3753/3753/3753
f 3670/3670/3670 3752/3752/3752 3755/3755/3755
f 3551/3551/3551 3862/3862/3862 3375/3375/3375
f 3672/3672/3672 3864/3864/3864 3757/3757/3757
f 3571/3571/3571 3863/3863/3863 3671/3671/3671
f 3375/3375/3375 3865/3865/3865 3719/3719/3719
f 3679/3679/3679 3761/3761/3761 3867/3867/3867
f 3761/3761/3761 3573/3573/3573 3867/3867/3867
f 3572/3572/3572 3438/3438/3438 3866/3866/3866
f 3720/3720/3720 3624/3624/3624 3868/3868/3868
f 3766/3766/3766 3771/3771/3771 3869/3869/3869
f 3776/3776/3776 3585/3585/3585 3876/3876/3876
f 3775/3775/3775 3817/3817/3817 3448/3448/3448
f 3683/3683/3683 3588/3588/3588 3685/3685/3685
f 3686/3686/3686 3777/3777/3777 3558/3558/3558
f 3595/3595/3595 3878/3878/3878 3821/3821/3821
f 3593/3593/3593 3821/3821/3821 3781/3781/3781
f 3781/3781/3781 3879/3879/3879 3597/3597/3597
f 3880/3880/3880 3777/3777/3777 3285/3285/3285
f 3598/3598/3598 3725/3725/3725 3882/3882/3882
f 3598/3598/3598 3882/3882/3882 3688/3688/3688
f 3690/3690/3690 3888/3888/3888 3286/3286/3286
f 3599/3599/3599 3727/3727/3727 3825/3825/3825
f 3500/3500/3500 3695/3695/3695 3690/3690/3690
f 3353/3353/3353 3728/3728/3728 3889/3889/3889
f 3353/3353/3353 3889/3889/3889 3463/3463/3463
f 3783/3783/3783 3891/3891/3891 3894/3894/3894
f 3896/3896/3896 3827/3827/3827 3633/3633/3633
f 3783/3783/3783 3894/3894/3894 3844/3844/3844
f 3891/3891/3891 3783/3783/3783 3898/3898/3898
f 3783/3783/3783 3844/3844/3844 3831/3831/3831
f 3847/3847/3847 3844/3844/3844 3901/3901/3901
f 3635/3635/3635 3833/3833/3833 3903/3903/3903
f 3788/3788/3788 3849/3849/3849 3905/3905/3905
f 3741/3741/3741 3786/3786/3786 3908/3908/3908
f 3606/3606/3606 3359/3359/3359 3832/3832/3832
f 3741/3741/3741 3908/3908/3908 3909/3909/3909
f 3640/3640/3640 3747/3747/3747 3850/3850/3850
f 3748/3748/3748 3746/3746/3746 3641/3641/3641
f 3470/3470/3470 3854/3854/3854 3645/3645/3645
f 3643/3643/3643 3855/3855/3855 3794/3794/3794
f 3855/3855/3855 3910/3910/3910 3713/3713/3713
f 3713/3713/3713 3793/3793/3793 2942/2942/2942
f 3713/3713/3713 3910/3910/3910 3793/3793/3793
f 3569/3569/3569 3795/3795/3795 3649/3649/3649
f 3649/3649/3649 3795/3795/3795 3657/3657/3657
f 3860/3860/3860 3798/3798/3798 3912/3912/3912
f 3532/3532/3532 3619/3619/3619 3913/3913/3913
f 3570/3570/3570 3532/3532/3532 3913/3913/3913
f 3570/3570/3570 3913/3913/3913 3365/3365/3365
f 3806/3806/3806 3914/3914/3914 3543/3543/3543
f 3916/3916/3916 3669/3669/3669 3754/3754/3754
f 3674/3674/3674 3670/3670/3670 3917/3917/3917
f 3676/3676/3676 3920/3920/3920 3545/3545/3545
f 3374/3374/3374 3861/3861/3861 3550/3550/3550
f 3865/3865/3865 3551/3551/3551 3921/3921/3921
f 3865/3865/3865 3375/3375/3375 3551/3551/3551
f 3571/3571/3571 3679/3679/3679 3863/3863/3863
f 3763/3763/3763 3924/3924/3924 3585/3585/3585
f 3763/3763/3763 3868/3868/3868 3924/3924/3924
f 3583/3583/3583 3816/3816/3816 3774/3774/3774
f 3873/3873/3873 3580/3580/3580 3724/3724/3724
f 3768/3768/3768 3930/3930/3930 3816/3816/3816
f 3767/3767/3767 3870/3870/3870 3925/3925/3925
f 3495/3495/3495 3931/3931/3931 3723/3723/3723
f 3595/3595/3595 3778/3778/3778 3878/3878/3878
f 3597/3597/3597 3879/3879/3879 3562/3562/3562
f 3455/3455/3455 3935/3935/3935 3936/3936/3936
f 3455/3455/3455 3936/3936/3936 3726/3726/3726
f 3698/3698/3698 3824/3824/3824 3938/3938/3938
f 3697/3697/3697 3937/3937/3937 3728/3728/3728
f 3939/3939/3939 3728/3728/3728 3937/3937/3937
f 3941/3941/3941 3943/3943/3943 3945/3945/3945
f 3945/3945/3945 3943/3943/3943 3841/3841/3841
f 3939/3939/3939 3937/3937/3937 3889/3889/3889
f 3940/3940/3940 3890/3890/3890 3729/3729/3729
f 3942/3942/3942 3946/3946/3946 3947/3947/3947
f 3892/3892/3892 3949/3949/3949 3842/3842/3842
f 3633/3633/3633 3731/3731/3731 3896/3896/3896
f 3735/3735/3735 3953/3953/3953 3732/3732/3732
f 3846/3846/3846 3900/3900/3900 3848/3848/3848
f 3636/3636/3636 3830/3830/3830 3700/3700/3700
f 3737/3737/3737 3837/3837/3837 3954/3954/3954
f 3789/3789/3789 3831/3831/3831 3844/3844/3844
f 3789/3789/3789 3705/3705/3705 3831/3831/3831
f 3635/3635/3635 3502/3502/3502 3833/3833/3833
f 3744/3744/3744 3702/3702/3702 3838/3838/3838
f 3957/3957/3957 3606/3606/3606 3832/3832/3832
f 3961/3961/3961 3963/3963/3963 3965/3965/3965
f 3848/3848/3848 3748/3748/3748 3708/3708/3708
f 3359/3359/3359 3968/3968/3968 3832/3832/3832
f 3748/3748/3748 3849/3849/3849 3746/3746/3746
f 3961/3961/3961 3969/3969/3969 3971/3971/3971
f 3854/3854/3854 3746/3746/3746 3853/3853/3853
f 3854/3854/3854 3641/3641/3641 3746/3746/3746
f 3974/3974/3974 3978/3978/3978 3856/3856/3856
f 3644/3644/3644 3974/3974/3974 3856/3856/3856
f 3974/3974/3974 3644/3644/3644 3979/3979/3979
f 3475/3475/3475 3567/3567/3567 3795/3795/3795
f 3796/3796/3796 3980/3980/3980 3799/3799/3799
f 3663/3663/3663 3799/3799/3799 3802/3802/3802
f 3801/3801/3801 3981/3981/3981 3664/3664/3664
f 3431/3431/3431 3984/3984/3984 3716/3716/3716
f 3431/3431/3431 3718/3718/3718 3984/3984/3984
f 3528/3528/3528 3987/3987/3987 3717/3717/3717
f 3667/3667/3667 3990/3990/3990 3526/3526/3526
f 3543/3543/3543 3914/3914/3914 3803/3803/3803
f 3668/3668/3668 3365/3365/3365 3992/3992/3992
f 3551/3551/3551 3668/3668/3668 3994/3994/3994
f 3865/3865/3865 3759/3759/3759 3719/3719/3719
f 3554/3554/3554 3811/3811/3811 3997/3997/3997
f 3584/3584/3584 3923/3923/3923 3875/3875/3875
f 3587/3587/3587 3817/3817/3817 3819/3819/3819
f 3779/3779/3779 3881/3881/3881 3998/3998/3998
f 3689/3689/3689 4000/4000/4000 4002/4002/4002
f 3882/3882/3882 3999/3999/3999 3688/3688/3688
f 3882/3882/3882 4003/4003/4003 3999/3999/3999
f 3944/3944/3944 3947/3947/3947 4005/4005/4005
f 3944/3944/3944 3942/3942/3942 3947/3947/3947
f 3889/3889/3889 3937/3937/3937 4006/4006/4006
f 3828/3828/3828 4010/4010/4010 3782/3782/3782
f 3463/3463/3463 3889/3889/3889 4006/4006/4006
f 3827/3827/3827 3896/3896/3896 4009/4009/4009
f 3732/3732/3732 4011/4011/4011 4013/4013/4013
f 3734/3734/3734 3902/3902/3902 3952/3952/3952
f 3607/3607/3607 4017/4017/4017 3731/3731/3731
f 3957/3957/3957 4014/4014/4014 3606/3606/3606
f 3785/3785/3785 4019/4019/4019 4020/4020/4020
f 3785/3785/3785 3739/3739/3739 4019/4019/4019
f 3738/3738/3738 3955/3955/3955 4018/4018/4018
f 3785/3785/3785 4020/4020/4020 4022/4022/4022
f 3785/3785/3785 4022/4022/4022 3786/3786/3786
f 3634/3634/3634 3902/3902/3902 3734/3734/3734
f 3848/3848/3848 3905/3905/3905 3748/3748/3748
f 3748/3748/3748 3905/3905/3905 3849/3849/3849
f 3786/3786/3786 3963/3963/3963 3908/3908/3908
f 3852/3852/3852 3839/3839/3839 3703/3703/3703
f 3968/3968/3968 4025/4025/4025 3832/3832/3832
f 3962/3962/3962 3960/3960/3960 3907/3907/3907
f 3789/3789/3789 3906/3906/3906 3747/3747/3747
f 3741/3741/3741 3909/3909/3909 4027/4027/4027
f 3741/3741/3741 4029/4029/4029 3853/3853/3853
f 3742/3742/3742 4028/4028/4028 4030/4030/4030
f 4024/4024/4024 3975/3975/3975 3967/3967/3967
f 3968/3968/3968 3976/3976/3976 4025/4025/4025
f 3854/3854/3854 3853/3853/3853 4031/4031/4031
f 4029/4029/4029 4031/4031/4031 3853/3853/3853
f 3976/3976/3976 3968/3968/3968 4032/4032/4032
f 3968/3968/3968 4033/4033/4033 4032/4032/4032
f 4036/4036/4036 4030/4030/4030 4039/4039/4039
f 4029/4029/4029 4034/4034/4034 4031/4031/4031
f 4034/4034/4034 4040/4040/4040 4031/4031/4031
f 3359/3359/3359 3306/3306/3306 4033/4033/4033
f 3976/3976/3976 4032/4032/4032 3855/3855/3855
f 3855/3855/3855 4032/4032/4032 4033/4033/4033
f 3854/3854/3854 4031/4031/4031 3645/3645/3645
f 3979/3979/3979 3644/3644/3644 4037/4037/4037
f 3911/3911/3911 4042/4042/4042 3859/3859/3859
f 3566/3566/3566 3617/3617/3617 4043/4043/4043
f 3980/3980/3980 3796/3796/3796 4044/4044/4044
f 3802/3802/3802 3799/3799/3799 4045/4045/4045
f 3716/3716/3716 3984/3984/3984 4047/4047/4047
f 3526/3526/3526 4049/4049/4049 3986/3986/3986
f 3526/3526/3526 3990/3990/3990 4049/4049/4049
f 3667/3667/3667 3749/3749/3749 3990/3990/3990
f 3365/3365/3365 3913/3913/3913 3992/3992/3992
f 3551/3551/3551 3994/3994/3994 4051/4051/4051
f 3917/3917/3917 4053/4053/4053 3674/3674/3674
f 3551/3551/3551 4051/4051/4051 3921/3921/3921
f 3759/3759/3759 3865/3865/3865 3921/3921/3921
f 3758/3758/3758 4055/4055/4055 3438/3438/3438
f 3554/3554/3554 4060/4060/4060 3626/3626/3626
f 3624/3624/3624 4058/4058/4058 3868/3868/3868
f 3552/3552/3552 4061/4061/4061 4063/4063/4063
f 3554/3554/3554 3997/3997/3997 4062/4062/4062
f 3720/3720/3720 3868/3868/3868 3763/3763/3763
f 3774/3774/3774 3997/3997/3997 3811/3811/3811
f 3868/3868/3868 4066/4066/4066 3924/3924/3924
f 3773/3773/3773 3810/3810/3810 3813/3813/3813
f 3772/3772/3772 4068/4068/4068 3871/3871/3871
f 3773/3773/3773 3813/3813/3813 4070/4070/4070
f 3872/3872/3872 4069/4069/4069 3926/3926/3926
f 3724/3724/3724 3933/3933/3933 3873/3873/3873
f 3778/3778/3778 4072/4072/4072 3878/3878/3878
f 3936/3936/3936 3935/3935/3935 4073/4073/4073
f 3936/3936/3936 4073/4073/4073 3726/3726/3726
f 4074/4074/4074 3880/3880/3880 3885/3885/3885
f 3880/3880/3880 3285/3285/3285 3885/3885/3885
f 3689/3689/3689 4002/4002/4002 3727/3727/3727
f 4077/4077/4077 4082/4082/4082 3881/3881/3881
f 3727/3727/3727 4002/4002/4002 4084/4084/4084
f 3888/3888/3888 3690/3690/3690 3695/3695/3695
f 3886/3886/3886 3692/3692/3692 4088/4088/4088
f 3463/3463/3463 4006/4006/4006 3630/3630/3630
f 3891/3891/3891 3898/3898/3898 3894/3894/3894
f 3892/3892/3892 4090/4090/4090 3949/3949/3949
f 3841/3841/3841 3948/3948/3948 3945/3945/3945
f 3829/3829/3829 3733/3733/3733 3899/3899/3899
f 4092/4092/4092 4093/4093/4093 3896/3896/3896
f 3732/3732/3732 4095/4095/4095 3733/3733/3733
f 3784/3784/3784 3829/3829/3829 3899/3899/3899
f 3896/3896/3896 4017/4017/4017 4092/4092/4092
f 3732/3732/3732 4013/4013/4013 4095/4095/4095
f 3895/3895/3895 3730/3730/3730 4015/4015/4015
f 3732/3732/3732 3953/3953/3953 4011/4011/4011
f 3504/3504/3504 3782/3782/3782 3835/3835/3835
f 3848/3848/3848 4096/4096/4096 3905/3905/3905
f 3848/3848/3848 4098/4098/4098 4096/4096/4096
f 3964/3964/3964 3787/3787/3787 4023/4023/4023
f 3905/3905/3905 4096/4096/4096 3840/3840/3840
f 3964/3964/3964 4100/4100/4100 3966/3966/3966
f 3961/3961/3961 3965/3965/3965 3969/3969/3969
f 3746/3746/3746 3905/3905/3905 3853/3853/3853
f 3961/3961/3961 3909/3909/3909 3908/3908/3908
f 3976/3976/3976 4025/4025/4025 3968/3968/3968
f 4026/4026/4026 3977/3977/3977 4102/4102/4102
f 3961/3961/3961 3971/3971/3971 3909/3909/3909
f 3972/3972/3972 3970/3970/3970 4104/4104/4104
f 3359/3359/3359 4033/4033/4033 3968/3968/3968
f 4039/4039/4039 4030/4030/4030 4106/4106/4106
f 4035/4035/4035 4038/4038/4038 4105/4105/4105
f 4031/4031/4031 4040/4040/4040 3645/3645/3645
f 4034/4034/4034 3645/3645/3645 4040/4040/4040
f 4034/4034/4034 3643/3643/3643 3645/3645/3645
f 3855/3855/3855 4033/4033/4033 3910/3910/3910
f 3657/3657/3657 4107/4107/4107 3798/3798/3798
f 3912/3912/3912 3798/3798/3798 4111/4111/4111
f 4042/4042/4042 3911/3911/3911 4110/4110/4110
f 3859/3859/3859 4042/4042/4042 4112/4112/4112
f 3796/3796/3796 3859/3859/3859 4112/4112/4112
f 3617/3617/3617 3715/3715/3715 4043/4043/4043
f 3800/3800/3800 4114/4114/4114 4046/4046/4046
f 3802/3802/3802 4045/4045/4045 3983/3983/3983
f 3716/3716/3716 4047/4047/4047 3715/3715/3715
f 3991/3991/3991 3751/3751/3751 4116/4116/4116
f 3668/3668/3668 3992/3992/3992 4117/4117/4117
f 3806/3806/3806 4119/4119/4119 3914/3914/3914
f 3544/3544/3544 4121/4121/4121 3805/3805/3805
f 3863/3863/3863 4054/4054/4054 3756/3756/3756
f 3759/3759/3759 3921/3921/3921 4056/4056/4056
f 3553/3553/3553 4064/4064/4064 4059/4059/4059
f 3774/3774/3774 3816/3816/3816 3997/3997/3997
f 3580/3580/3580 3873/3873/3873 3814/3814/3814
f 3579/3579/3579 3813/3813/3813 4123/4123/4123
f 3876/3876/3876 3924/3924/3924 4066/4066/4066
f 3775/3775/3775 3874/3874/3874 3817/3817/3817
f 3495/3495/3495 3819/3819/3819 3931/3931/3931
f 3562/3562/3562 4125/4125/4125 4126/4126/4126
f 3562/3562/3562 4126/4126/4126 3822/3822/3822
f 3879/3879/3879 4125/4125/4125 3562/3562/3562
f 3454/3454/3454 3822/3822/3822 3934/3934/3934
f 3887/3887/3887 4129/4129/4129 4076/4076/4076
f 4075/4075/4075 4127/4127/4127 4130/4130/4130
f 4075/4075/4075 4130/4130/4130 4078/4078/4078
f 4089/4089/4089 4129/4129/4129 3887/3887/3887
f 3841/3841/3841 3943/3943/3943 4131/4131/4131
f 4133/4133/4133 4099/4099/4099 3845/3845/3845
f 4091/4091/4091 3893/3893/3893 3897/3897/3897
f 3946/3946/3946 3950/3950/3950 3947/3947/3947
f 3900/3900/3900 3843/3843/3843 4098/4098/4098
f 3900/3900/3900 4098/4098/4098 3848/3848/3848
f 4097/4097/4097 4135/4135/4135 3951/3951/3951
f 4096/4096/4096 3950/3950/3950 3840/3840/3840
f 3964/3964/3964 4023/4023/4023 4100/4100/4100
f 4101/4101/4101 3903/3903/3903 3833/3833/3833
f 3966/3966/3966 4100/4100/4100 4136/4136/4136
f 4026/4026/4026 4102/4102/4102 3834/3834/3834
f 3966/3966/3966 4136/4136/4136 3970/3970/3970
f 3971/3971/3971 4027/4027/4027 3909/3909/3909
f 3973/3973/3973 4137/4137/4137 3977/3977/3977
f 4037/4037/4037 4140/4140/4140 3979/3979/3979
f 3306/3306/3306 3793/3793/3793 4033/4033/4033
f 3910/3910/3910 4033/4033/4033 3793/3793/3793
f 3657/3657/3657 3795/3795/3795 4107/4107/4107
f 4041/4041/4041 4109/4109/4109 4141/4141/4141
f 3796/3796/3796 4143/4143/4143 4044/4044/4044
f 3796/3796/3796 4112/4112/4112 4143/4143/4143
f 3799/3799/3799 3980/3980/3980 4113/4113/4113
f 3715/3715/3715 4047/4047/4047 4144/4144/4144
f 3665/3665/3665 4146/4146/4146 3620/3620/3620
f 3988/3988/3988 3984/3984/3984 3718/3718/3718
f 3990/3990/3990 4115/4115/4115 4049/4049/4049
f 3913/3913/3913 3619/3619/3619 3992/3992/3992
f 3804/3804/3804 4149/4149/4149 3751/3751/3751
f 3668/3668/3668 4117/4117/4117 3994/3994/3994
f 3545/3545/3545 3920/3920/3920 4122/4122/4122
f 4054/4054/4054 3918/3918/3918 3756/3756/3756
f 3674/3674/3674 4053/4053/4053 4150/4150/4150
f 3675/3675/3675 3678/3678/3678 3919/3919/3919
f 3439/3439/3439 4057/4057/4057 4154/4154/4154
f 4062/4062/4062 3997/3997/3997 4065/4065/4065
f 3996/3996/3996 4070/4070/4070 4155/4155/4155
f 3814/3814/3814 3873/3873/3873 4124/4124/4124
f 3873/3873/3873 3933/3933/3933 4124/4124/4124
f 4071/4071/4071 3816/3816/3816 3930/3930/3930
f 3816/3816/3816 3930/3930/3930 4158/4158/4158
f 3929/3929/3929 4067/4067/4067 4157/4157/4157
f 3878/3878/3878 4072/4072/4072 4159/4159/4159
f 3878/3878/3878 4159/4159/4159 3821/3821/3821
f 3879/3879/3879 3781/3781/3781 4125/4125/4125
f 3726/3726/3726 4161/4161/4161 3883/3883/3883
f 3727/3727/3727 4084/4084/4084 3825/3825/3825
f 4089/4089/4089 3694/3694/3694 4129/4129/4129
f 4163/4163/4163 4166/4166/4166 4168/4168/4168
f 4169/4169/4169 4171/4171/4171 3943/3943/3943
f 3824/3824/3824 4173/4173/4173 3938/3938/3938
f 3896/3896/3896 4174/4174/4174 4009/4009/4009
f 3896/3896/3896 4093/4093/4093 4174/4174/4174
f 3733/3733/3733 4095/4095/4095 3899/3899/3899
f 4098/4098/4098 3950/3950/3950 4096/4096/4096
f 3950/3950/3950 4134/4134/4134 4096/4096/4096
f 4092/4092/4092 4017/4017/4017 4093/4093/4093
f 4175/4175/4175 3959/3959/3959 3782/3782/3782
f 4091/4091/4091 3897/3897/3897 3950/3950/3950
f 3953/3953/3953 4013/4013/4013 4011/4011/4011
f 4019/4019/4019 4094/4094/4094 4020/4020/4020
f 4020/4020/4020 4012/4012/4012 3952/3952/3952
f 4020/4020/4020 3952/3952/3952 3902/3902/3902
f 3904/3904/3904 4102/4102/4102 4177/4177/4177
f 3905/3905/3905 3840/3840/3840 3853/3853/3853
f 3970/3970/3970 4136/4136/4136 4178/4178/4178
f 4104/4104/4104 3970/3970/3970 4178/4178/4178
f 4030/4030/4030 4028/4028/4028 4106/4106/4106
f 3974/3974/3974 4179/4179/4179 4138/4138/4138
f 3974/3974/3974 3979/3979/3979 4179/4179/4179
f 3715/3715/3715 4180/4180/4180 4043/4043/4043
f 4144/4144/4144 4180/4180/4180 3715/3715/3715
f 4113/4113/4113 3980/3980/3980 4044/4044/4044
f 3985/3985/3985 4183/4183/4183 4048/4048/4048
f 3989/3989/3989 4184/4184/4184 3985/3985/3985
f 3989/3989/3989 4050/4050/4050 4185/4185/4185
f 3807/3807/3807 4122/4122/4122 4120/4120/4120
f 3674/3674/3674 4150/4150/4150 3677/3677/3677
f 4187/4187/4187 4122/4122/4122 3920/3920/3920
f 4187/4187/4187 3922/3922/3922 4122/4122/4122
f 3863/3863/3863 3679/3679/3679 4054/4054/4054
f 3868/3868/3868 4058/4058/4058 4188/4188/4188
f 3996/3996/3996 4155/4155/4155 4064/4064/4064
f 3816/3816/3816 4071/4071/4071 3997/3997/3997
f 3868/3868/3868 4190/4190/4190 4066/4066/4066
f 3932/3932/3932 4070/4070/4070 4123/4123/4123
f 3932/3932/3932 3820/3820/3820 4193/4193/4193
f 3778/3778/3778 4194/4194/4194 4072/4072/4072
f 4159/4159/4159 4072/4072/4072 4194/4194/4194
f 3821/3821/3821 4159/4159/4159 4197/4197/4197
f 3821/3821/3821 4197/4197/4197 3781/3781/3781
f 3935/3935/3935 3823/3823/3823 4073/4073/4073
f 3726/3726/3726 4073/4073/4073 4161/4161/4161
f 3884/3884/3884 4162/4162/4162 4200/4200/4200
f 3884/3884/3884 4087/4087/4087 4004/4004/4004
f 4200/4200/4200 4087/4087/4087 3884/3884/3884
f 4129/4129/4129 3694/3694/3694 4203/4203/4203
f 3824/3824/3824 4083/4083/4083 4173/4173/4173
f 4204/4204/4204 4201/4201/4201 3693/3693/3693
f 4005/4005/4005 4170/4170/4170 3944/3944/3944
f 3943/3943/3943 4171/4171/4171 4131/4131/4131
f 4204/4204/4204 3693/3693/3693 3631/3631/3631
f 3938/3938/3938 4173/4173/4173 4205/4205/4205
f 4205/4205/4205 4206/4206/4206 4007/4007/4007
f 4205/4205/4205 4208/4208/4208 4206/4206/4206
f 3938/3938/3938 4205/4205/4205 4007/4007/4007
f 4098/4098/4098 4005/4005/4005 3947/3947/3947
f 4098/4098/4098 4132/4132/4132 4005/4005/4005
f 3950/3950/3950 4098/4098/4098 3947/3947/3947
f 4174/4174/4174 4093/4093/4093 4210/4210/4210
f 3782/3782/3782 4213/4213/4213 4175/4175/4175
f 4020/4020/4020 4094/4094/4094 4012/4012/4012
f 3956/3956/3956 4094/4094/4094 4019/4019/4019
f 3950/3950/3950 3897/3897/3897 4094/4094/4094
f 3950/3950/3950 4094/4094/4094 3956/3956/3956
f 3840/3840/3840 3950/3950/3950 3956/3956/3956
f 3902/3902/3902 4176/4176/4176 4020/4020/4020
f 3971/3971/3971 4103/4103/4103 4027/4027/4027
f 4042/4042/4042 4142/4142/4142 4112/4112/4112
f 4215/4215/4215 3983/3983/3983 4216/4216/4216
f 3982/3982/3982 4217/4217/4217 4220/4220/4220
f 3982/3982/3982 4220/4220/4220 3666/3666/3666
f 3665/3665/3665 4219/4219/4219 4146/4146/4146
f 3989/3989/3989 4221/4221/4221 4184/4184/4184
f 3989/3989/3989 4185/4185/4185 4221/4221/4221
f 4185/4185/4185 4050/4050/4050 4221/4221/4221
f 3751/3751/3751 4223/4223/4223 4116/4116/4116
f 3995/3995/3995 4118/4118/4118 4224/4224/4224
f 4052/4052/4052 3995/3995/3995 4224/4224/4224
f 4187/4187/4187 4154/4154/4154 3922/3922/3922
f 3679/3679/3679 4187/4187/4187 3920/3920/3920
f 3438/3438/3438 4225/4225/4225 3866/3866/3866
f 3438/3438/3438 4152/4152/4152 4225/4225/4225
f 3868/3868/3868 4188/4188/4188 4190/4190/4190
f 3813/3813/3813 4123/4123/4123 4070/4070/4070
f 3815/3815/3815 4156/4156/4156 3927/3927/3927
f 3932/3932/3932 4193/4193/4193 4070/4070/4070
f 3929/3929/3929 4193/4193/4193 4067/4067/4067
f 3877/3877/3877 4067/4067/4067 3818/3818/3818
f 4162/4162/4162 4229/4229/4229 4200/4200/4200
f 4167/4167/4167 4164/4164/4164 4230/4230/4230
f 4173/4173/4173 4083/4083/4083 4208/4208/4208
f 4005/4005/4005 4172/4172/4172 4170/4170/4170
f 4205/4205/4205 4173/4173/4173 4208/4208/4208
f 4005/4005/4005 4132/4132/4132 4172/4172/4172
f 4204/4204/4204 3631/3631/3631 4206/4206/4206
f 4008/4008/4008 4231/4231/4231 4232/4232/4232
f 4206/4206/4206 3631/3631/3631 4007/4007/4007
f 4010/4010/4010 4233/4233/4233 4234/4234/4234
f 4010/4010/4010 4234/4234/4234 3782/3782/3782
f 3782/3782/3782 3959/3959/3959 3835/3835/3835
f 4017/4017/4017 4236/4236/4236 4093/4093/4093
f 4016/4016/4016 3958/3958/3958 4235/4235/4235
f 4178/4178/4178 4136/4136/4136 4100/4100/4100
f 3977/3977/3977 4238/4238/4238 4102/4102/4102
f 4178/4178/4178 4240/4240/4240 4104/4104/4104
f 3977/3977/3977 4137/4137/4137 4241/4241/4241
f 4111/4111/4111 3798/3798/3798 4243/4243/4243
f 3566/3566/3566 4043/4043/4043 4180/4180/4180
f 4112/4112/4112 4142/4142/4142 4110/4110/4110
f 4112/4112/4112 4110/4110/4110 4244/4244/4244
f 4245/4245/4245 4181/4181/4181 4145/4145/4145
f 4112/4112/4112 4244/4244/4244 4143/4143/4143
f 3983/3983/3983 4215/4215/4215 4218/4218/4218
f 4050/4050/4050 4116/4116/4116 4223/4223/4223
f 3621/3621/3621 4224/4224/4224 3993/3993/3993
f 3915/3915/3915 4120/4120/4120 3804/3804/3804
f 4052/4052/4052 4224/4224/4224 3922/3922/3922
f 4122/4122/4122 3922/3922/3922 4120/4120/4120
f 3922/3922/3922 4224/4224/4224 4120/4120/4120
f 4186/4186/4186 4226/4226/4226 4153/4153/4153
f 4057/4057/4057 3922/3922/3922 4154/4154/4154
f 3867/3867/3867 4187/4187/4187 3679/3679/3679
f 4064/4064/4064 4155/4155/4155 4248/4248/4248
f 4157/4157/4157 4067/4067/4067 4251/4251/4251
f 4157/4157/4157 4251/4251/4251 3929/3929/3929
f 3818/3818/3818 4067/4067/4067 4193/4193/4193
f 3818/3818/3818 4193/4193/4193 3820/3820/3820
f 3781/3781/3781 4197/4197/4197 4125/4125/4125
f 3881/3881/3881 4082/4082/4082 3998/3998/3998
f 4002/4002/4002 4000/4000/4000 4084/4084/4084
f 4199/4199/4199 4228/4228/4228 4253/4253/4253
f 4199/4199/4199 4253/4253/4253 4086/4086/4086
f 4168/4168/4168 4229/4229/4229 4163/4163/4163
f 3782/3782/3782 4234/4234/4234 4213/4213/4213
f 4103/4103/4103 4254/4254/4254 4027/4027/4027
f 4106/4106/4106 4256/4256/4256 4036/4036/4036
f 3567/3567/3567 4182/4182/4182 3795/3795/3795
f 4044/4044/4044 4244/4244/4244 4113/4113/4113
f 4143/4143/4143 4244/4244/4244 4044/4044/4044
f 4048/4048/4048 4245/4245/4245 4145/4145/4145
f 4218/4218/4218 4258/4258/4258 4260/4260/4260
f 4045/4045/4045 4216/4216/4216 3983/3983/3983
f 4215/4215/4215 4216/4216/4216 4261/4261/4261
f 4183/4183/4183 4259/4259/4259 4048/4048/4048
f 4217/4217/4217 4259/4259/4259 4183/4183/4183
f 4217/4217/4217 4183/4183/4183 4220/4220/4220
f 3985/3985/3985 4184/4184/4184 4183/4183/4183
f 4148/4148/4148 4221/4221/4221 4223/4223/4223
f 4148/4148/4148 4220/4220/4220 4221/4221/4221
f 4147/4147/4147 4222/4222/4222 4262/4262/4262
f 4050/4050/4050 4223/4223/4223 4221/4221/4221
f 3621/3621/3621 4148/4148/4148 4264/4264/4264
f 3621/3621/3621 4264/4264/4264 4224/4224/4224
f 4264/4264/4264 4149/4149/4149 3804/3804/3804
f 3804/3804/3804 4120/4120/4120 4264/4264/4264
f 3867/3867/3867 4227/4227/4227 4187/4187/4187
f 4064/4064/4064 4248/4248/4248 4059/4059/4059
f 4155/4155/4155 4251/4251/4251 4248/4248/4248
f 4251/4251/4251 4155/4155/4155 4070/4070/4070
f 4066/4066/4066 4190/4190/4190 4249/4249/4249
f 3928/3928/3928 4250/4250/4250 4192/4192/4192
f 4126/4126/4126 4125/4125/4125 4265/4265/4265
f 4126/4126/4126 4265/4265/4265 3822/3822/3822
f 3779/3779/3779 3998/3998/3998 4266/4266/4266
f 4004/4004/4004 4087/4087/4087 4001/4001/4001
f 4127/4127/4127 4267/4267/4267 4130/4130/4130
f 4080/4080/4080 4129/4129/4129 4269/4269/4269
f 4203/4203/4203 4269/4269/4269 4129/4129/4129
f 4167/4167/4167 4230/4230/4230 4228/4228/4228
f 4228/4228/4228 4230/4230/4230 4270/4270/4270
f 4164/4164/4164 4271/4271/4271 4230/4230/4230
f 4209/4209/4209 4085/4085/4085 4272/4272/4272
f 4204/4204/4204 4206/4206/4206 4201/4201/4201
f 4093/4093/4093 4274/4274/4274 4210/4210/4210
f 4093/4093/4093 4276/4276/4276 4274/4274/4274
f 4175/4175/4175 4279/4279/4279 3959/3959/3959
f 4175/4175/4175 4213/4213/4213 4279/4279/4279
f 4102/4102/4102 4280/4280/4280 4177/4177/4177
f 4106/4106/4106 4028/4028/4028 4255/4255/4255
f 4036/4036/4036 4256/4256/4256 4139/4139/4139
f 3979/3979/3979 4283/4283/4283 4179/4179/4179
f 3798/3798/3798 4107/4107/4107 4243/4243/4243
f 4110/4110/4110 4242/4242/4242 4244/4244/4244
f 4182/4182/4182 4247/4247/4247 3795/3795/3795
f 4244/4244/4244 4284/4284/4284 4113/4113/4113
f 4048/4048/4048 4259/4259/4259 4245/4245/4245
f 4216/4216/4216 4045/4045/4045 4285/4285/4285
f 4218/4218/4218 4215/4215/4215 4258/4258/4258
f 4216/4216/4216 4285/4285/4285 4261/4261/4261
f 4184/4184/4184 4221/4221/4221 4183/4183/4183
f 3751/3751/3751 4149/4149/4149 4264/4264/4264
f 4120/4120/4120 4224/4224/4224 4264/4264/4264
f 4118/4118/4118 3993/3993/3993 4224/4224/4224
f 3679/3679/3679 4151/4151/4151 4054/4054/4054
f 4059/4059/4059 4248/4248/4248 4189/4189/4189
f 4248/4248/4248 4191/4191/4191 4189/4189/4189
f 4191/4191/4191 4248/4248/4248 4251/4251/4251
f 4070/4070/4070 4193/4193/4193 4251/4251/4251
f 4078/4078/4078 4130/4130/4130 4267/4267/4267
f 4079/4079/4079 4268/4268/4268 4128/4128/4128
f 4228/4228/4228 4270/4270/4270 4253/4253/4253
f 4270/4270/4270 4230/4230/4230 4253/4253/4253
f 4085/4085/4085 4252/4252/4252 4272/4272/4272
f 4174/4174/4174 4288/4288/4288 4009/4009/4009
f 3959/3959/3959 4279/4279/4279 4290/4290/4290
f 4103/4103/4103 4239/4239/4239 4254/4254/4254
f 3979/3979/3979 4140/4140/4140 4283/4283/4283
f 4107/4107/4107 3795/3795/3795 4292/4292/4292
f 4244/4244/4244 4242/4242/4242 4284/4284/4284
f 4259/4259/4259 4257/4257/4257 4245/4245/4245
f 4220/4220/4220 4183/4183/4183 4221/4221/4221
f 4263/4263/4263 4293/4293/4293 4148/4148/4148
f 4263/4263/4263 4223/4223/4223 4293/4293/4293
f 4148/4148/4148 4293/4293/4293 4264/4264/4264
f 4223/4223/4223 3751/3751/3751 4293/4293/4293
f 4293/4293/4293 3751/3751/3751 4264/4264/4264
f 4160/4160/4160 4195/4195/4195 4294/4294/4294
f 4160/4160/4160 4294/4294/4294 4198/4198/4198
f 4162/4162/4162 4295/4295/4295 4229/4229/4229
f 4229/4229/4229 4295/4295/4295 4163/4163/4163
f 4164/4164/4164 4081/4081/4081 4271/4271/4271
f 4230/4230/4230 4273/4273/4273 4253/4253/4253
f 4008/4008/4008 4287/4287/4287 4231/4231/4231
f 4022/4022/4022 4020/4020/4020 4296/4296/4296
f 4100/4100/4100 4023/4023/4023 4298/4298/4298
f 4106/4106/4106 4255/4255/4255 4256/4256/4256
f 3795/3795/3795 4247/4247/4247 4300/4300/4300
f 4107/4107/4107 4301/4301/4301 4243/4243/4243
f 4197/4197/4197 4302/4302/4302 4125/4125/4125
f 4125/4125/4125 4302/4302/4302 4265/4265/4265
f 4207/4207/4207 4305/4305/4305 4202/4202/4202
f 4207/4207/4207 4209/4209/4209 4272/4272/4272
f 4231/4231/4231 4287/4287/4287 4307/4307/4307
f 4093/4093/4093 4310/4310/4310 4276/4276/4276
f 3959/3959/3959 4290/4290/4290 4237/4237/4237
f 4021/4021/4021 4177/4177/4177 4280/4280/4280
f 4021/4021/4021 4280/4280/4280 4297/4297/4297
f 3977/3977/3977 4241/4241/4241 4238/4238/4238
f 4139/4139/4139 4256/4256/4256 4313/4313/4313
f 4247/4247/4247 4318/4318/4318 4300/4300/4300
f 4242/4242/4242 4319/4319/4319 4284/4284/4284
f 4258/4258/4258 4317/4317/4317 4246/4246/4246
f 4261/4261/4261 4285/4285/4285 4215/4215/4215
f 3779/3779/3779 4266/4266/4266 4196/4196/4196
f 4294/4294/4294 4303/4303/4303 4198/4198/4198
f 4265/4265/4265 4302/4302/4302 4321/4321/4321
f 3822/3822/3822 4265/4265/4265 4321/4321/4321
f 4166/4166/4166 4163/4163/4163 4326/4326/4326
f 4082/4082/4082 4165/4165/4165 4327/4327/4327
f 4166/4166/4166 4326/4326/4326 4328/4328/4328
f 4212/4212/4212 4277/4277/4277 4329/4329/4329
f 4213/4213/4213 4330/4330/4330 4279/4279/4279
f 4102/4102/4102 4238/4238/4238 4280/4280/4280
f 4178/4178/4178 4100/4100/4100 4332/4332/4332
f 4178/4178/4178 4332/4332/4332 4240/4240/4240
f 4239/4239/4239 4333/4333/4333 4254/4254/4254
f 4284/4284/4284 4319/4319/4319 4335/4335/4335
f 4046/4046/4046 4114/4114/4114 4286/4286/4286
f 4215/4215/4215 4338/4338/4338 4258/4258/4258
f 4215/4215/4215 4285/4285/4285 4338/4338/4338
f 4073/4073/4073 3823/3823/3823 4322/4322/4322
f 4161/4161/4161 4073/4073/4073 4322/4322/4322
f 4295/4295/4295 4162/4162/4162 4324/4324/4324
f 4163/4163/4163 4295/4295/4295 4326/4326/4326
f 4081/4081/4081 4340/4340/4340 4271/4271/4271
f 4080/4080/4080 4269/4269/4269 4339/4339/4339
f 4230/4230/4230 4271/4271/4271 4342/4342/4342
f 4269/4269/4269 4203/4203/4203 4344/4344/4344
f 4305/4305/4305 4207/4207/4207 4341/4341/4341
f 4231/4231/4231 4307/4307/4307 4232/4232/4232
f 4234/4234/4234 4346/4346/4346 4213/4213/4213
f 4214/4214/4214 4347/4347/4347 4278/4278/4278
f 4093/4093/4093 4289/4289/4289 4310/4310/4310
f 4093/4093/4093 4236/4236/4236 4289/4289/4289
f 4100/4100/4100 4298/4298/4298 4332/4332/4332
f 3795/3795/3795 4300/4300/4300 4292/4292/4292
f 4284/4284/4284 4335/4335/4335 4113/4113/4113
f 4230/4230/4230 4342/4342/4342 4273/4273/4273
f 4271/4271/4271 4306/4306/4306 4342/4342/4342
f 4207/4207/4207 4272/4272/4272 4341/4341/4341
f 4210/4210/4210 4348/4348/4348 4174/4174/4174
f 4211/4211/4211 4275/4275/4275 4349/4349/4349
f 4311/4311/4311 4329/4329/4329 4277/4277/4277
f 4332/4332/4332 4334/4334/4334 4240/4240/4240
f 4243/4243/4243 4351/4351/4351 4320/4320/4320
f 4258/4258/4258 4338/4338/4338 4317/4317/4317
f 4303/4303/4303 4294/4294/4294 4352/4352/4352
f 4304/4304/4304 4354/4354/4354 4323/4323/4323
f 4271/4271/4271 4340/4340/4340 4306/4306/4306
f 4202/4202/4202 4305/4305/4305 4343/4343/4343
f 4174/4174/4174 4348/4348/4348 4355/4355/4355
f 4290/4290/4290 4279/4279/4279 4330/4330/4330
f 4331/4331/4331 4297/4297/4297 4280/4280/4280
f 4280/4280/4280 4238/4238/4238 4358/4358/4358
f 4107/4107/4107 4336/4336/4336 4301/4301/4301
f 4243/4243/4243 4301/4301/4301 4351/4351/4351
f 4114/4114/4114 4337/4337/4337 4286/4286/4286
f 4360/4360/4360 4352/4352/4352 4362/4362/4362
f 4352/4352/4352 4364/4364/4364 4362/4362/4362
f 4352/4352/4352 4360/4360/4360 4366/4366/4366
f 4361/4361/4361 4371/4371/4371 4367/4367/4367
f 4303/4303/4303 4352/4352/4352 4353/4353/4353
f 4082/4082/4082 4327/4327/4327 3998/3998/3998
f 4269/4269/4269 4344/4344/4344 4339/4339/4339
f 4275/4275/4275 4357/4357/4357 4349/4349/4349
f 4278/4278/4278 4347/4347/4347 4275/4275/4275
f 4310/4310/4310 4289/4289/4289 4372/4372/4372
f 4280/4280/4280 4358/4358/4358 4375/4375/4375
f 4332/4332/4332 4281/4281/4281 4376/4376/4376
f 4334/4334/4334 4332/4332/4332 4377/4377/4377
f 4108/4108/4108 4379/4379/4379 4337/4337/4337
f 4337/4337/4337 4381/4381/4381 4286/4286/4286
f 4317/4317/4317 4338/4338/4338 4299/4299/4299
f 4285/4285/4285 4382/4382/4382 4338/4338/4338
f 4353/4353/4353 4352/4352/4352 4366/4366/4366
f 4266/4266/4266 3998/3998/3998 4384/4384/4384
f 4295/4295/4295 4324/4324/4324 4326/4326/4326
f 4306/4306/4306 4340/4340/4340 4345/4345/4345
f 4287/4287/4287 4385/4385/4385 4388/4388/4388
f 4287/4287/4287 4388/4388/4388 4307/4307/4307
f 4174/4174/4174 4390/4390/4390 4288/4288/4288
f 4332/4332/4332 4376/4376/4376 4393/4393/4393
f 4301/4301/4301 4336/4336/4336 4351/4351/4351
f 4319/4319/4319 4350/4350/4350 4335/4335/4335
f 4361/4361/4361 4363/4363/4363 4371/4371/4371
f 4352/4352/4352 4294/4294/4294 4364/4364/4364
f 4294/4294/4294 4195/4195/4195 4364/4364/4364
f 4326/4326/4326 4394/4394/4394 4328/4328/4328
f 4174/4174/4174 4355/4355/4355 4390/4390/4390
f 4275/4275/4275 4396/4396/4396 4357/4357/4357
f 4311/4311/4311 4373/4373/4373 4329/4329/4329
f 4359/4359/4359 4393/4393/4393 4376/4376/4376
f 4358/4358/4358 4238/4238/4238 4398/4398/4398
f 4238/4238/4238 4241/4241/4241 4400/4400/4400
f 4377/4377/4377 4332/4332/4332 4402/4402/4402
f 4333/4333/4333 4312/4312/4312 4254/4254/4254
f 4255/4255/4255 4313/4313/4313 4256/4256/4256
f 4107/4107/4107 4292/4292/4292 4378/4378/4378
f 4337/4337/4337 4379/4379/4379 4381/4381/4381
f 4404/4404/4404 4406/4406/4406 4409/4409/4409
f 4367/4367/4367 4371/4371/4371 4411/4411/4411
f 4354/4354/4354 4367/4367/4367 4323/4323/4323
f 4323/4323/4323 4412/4412/4412 4325/4325/4325
f 4308/4308/4308 4389/4389/4389 4395/4395/4395
f 4234/4234/4234 4233/4233/4233 4414/4414/4414
f 4399/4399/4399 4393/4393/4393 4359/4359/4359
f 4332/4332/4332 4393/4393/4393 4402/4402/4402
f 4238/4238/4238 4400/4400/4400 4398/4398/4398
f 4377/4377/4377 4417/4417/4417 4334/4334/4334
f 4334/4334/4334 4417/4417/4417 4316/4316/4316
f 4300/4300/4300 4383/4383/4383 4292/4292/4292
f 4404/4404/4404 4419/4419/4419 4421/4421/4421
f 4421/4421/4421 4406/4406/4406 4404/4404/4404
f 4404/4404/4404 4423/4423/4423 4425/4425/4425
f 4404/4404/4404 4409/4409/4409 4423/4423/4423
f 4362/4362/4362 4364/4364/4364 4431/4431/4431
f 4266/4266/4266 4384/4384/4384 4196/4196/4196
f 4412/4412/4412 4323/4323/4323 4437/4437/4437
f 3998/3998/3998 4439/4439/4439 4384/4384/4384
f 4386/4386/4386 4288/4288/4288 4441/4441/4441
f 4232/4232/4232 4307/4307/4307 4413/4413/4413
f 4391/4391/4391 4356/4356/4356 4442/4442/4442
f 4396/4396/4396 4443/4443/4443 4357/4357/4357
f 4347/4347/4347 4445/4445/4445 4275/4275/4275
f 4377/4377/4377 4402/4402/4402 4417/4417/4417
f 4338/4338/4338 4382/4382/4382 4299/4299/4299
f 4285/4285/4285 4380/4380/4380 4446/4446/4446
f 4285/4285/4285 4446/4446/4446 4382/4382/4382
f 4429/4429/4429 4448/4448/4448 4405/4405/4405
f 4369/4369/4369 4449/4449/4449 4451/4451/4451
f 4367/4367/4367 4411/4411/4411 4453/4453/4453
f 4323/4323/4323 4367/4367/4367 4453/4453/4453
f 3998/3998/3998 4327/4327/4327 4439/4439/4439
f 4326/4326/4326 4455/4455/4455 4394/4394/4394
f 4325/4325/4325 4412/4412/4412 4454/4454/4454
f 4394/4394/4394 4455/4455/4455 4328/4328/4328
f 4288/4288/4288 4390/4390/4390 4441/4441/4441
f 4398/4398/4398 4400/4400/4400 4456/4456/4456
f 4140/4140/4140 4315/4315/4315 4283/4283/4283
f 4381/4381/4381 4379/4379/4379 4459/4459/4459
f 4420/4420/4420 4407/4407/4407 4422/4422/4422
f 4461/4461/4461 4465/4465/4465 4467/4467/4467
f 4463/4463/4463 4426/4426/4426 4468/4468/4468
f 4464/4464/4464 4472/4472/4472 4466/4466/4466
f 4463/4463/4463 4468/4468/4468 4475/4475/4475
f 4462/4462/4462 4474/4474/4474 4470/4470/4470
f 4475/4475/4475 4468/4468/4468 4471/4471/4471
f 4369/4369/4369 4476/4476/4476 4449/4449/4449
f 4371/4371/4371 4452/4452/4452 4411/4411/4411
f 4365/4365/4365 4196/4196/4196 4477/4477/4477
f 4196/4196/4196 4478/4478/4478 4477/4477/4477
f 4323/4323/4323 4453/4453/4453 4480/4480/4480
f 4323/4323/4323 4480/4480/4480 4437/4437/4437
f 4390/4390/4390 4386/4386/4386 4441/4441/4441
f 4391/4391/4391 4389/4389/4389 4387/4387/4387
f 4481/4481/4481 4389/4389/4389 4391/4391/4391
f 4391/4391/4391 4482/4482/4482 4481/4481/4481
f 4389/4389/4389 4481/4481/4481 4395/4395/4395
f 4442/4442/4442 4482/4482/4482 4391/4391/4391
f 4442/4442/4442 4395/4395/4395 4482/4482/4482
f 4275/4275/4275 4483/4483/4483 4396/4396/4396
f 4330/4330/4330 4374/4374/4374 4290/4290/4290
f 4179/4179/4179 4486/4486/4486 4138/4138/4138
f 4378/4378/4378 4292/4292/4292 4458/4458/4458
f 4418/4418/4418 4403/4403/4403 4487/4487/4487
f 4405/4405/4405 4448/4448/4448 4488/4488/4488
f 4410/4410/4410 4408/4408/4408 4490/4490/4490
f 4463/4463/4463 4460/4460/4460 4426/4426/4426
f 4476/4476/4476 4466/4466/4466 4472/4472/4472
f 4476/4476/4476 4369/4369/4369 4492/4492/4492
f 4363/4363/4363 4435/4435/4435 4371/4371/4371
f 4476/4476/4476 4495/4495/4495 4449/4449/4449
f 4436/4436/4436 4365/4365/4365 4498/4498/4498
f 4411/4411/4411 4452/4452/4452 4500/4500/4500
f 4196/4196/4196 4384/4384/4384 4478/4478/4478
f 4384/4384/4384 4502/4502/4502 4478/4478/4478
f 4412/4412/4412 4437/4437/4437 4454/4454/4454
f 4395/4395/4395 4481/4481/4481 4482/4482/4482
f 4275/4275/4275 4445/4445/4445 4483/4483/4483
f 4393/4393/4393 4401/4401/4401 4402/4402/4402
f 4137/4137/4137 4485/4485/4485 4241/4241/4241
f 4381/4381/4381 4504/4504/4504 4447/4447/4447
f 4382/4382/4382 4446/4446/4446 4291/4291/4291
f 4429/4429/4429 4507/4507/4507 4448/4448/4448
f 4461/4461/4461 4467/4467/4467 4509/4509/4509
f 4424/4424/4424 4410/4410/4410 4490/4490/4490
f 4425/4425/4425 4423/4423/4423 4510/4510/4510
f 4469/4469/4469 4430/4430/4430 4511/4511/4511
f 4476/4476/4476 4492/4492/4492 4466/4466/4466
f 4513/4513/4513 4469/4469/4469 4511/4511/4511
f 4468/4468/4468 4512/4512/4512 4471/4471/4471
f 4493/4493/4493 4370/4370/4370 4515/4515/4515
f 4368/4368/4368 4432/4432/4432 4514/4514/4514
f 4476/4476/4476 4472/4472/4472 4495/4495/4495
f 4495/4495/4495 4472/4472/4472 4516/4516/4516
f 4450/4450/4450 4496/4496/4496 4517/4517/4517
f 4453/4453/4453 4411/4411/4411 4480/4480/4480
f 4439/4439/4439 4502/4502/4502 4384/4384/4384
f 4234/4234/4234 4414/4414/4414 4519/4519/4519
f 4309/4309/4309 4397/4397/4397 4415/4415/4415
f 4234/4234/4234 4519/4519/4519 4346/4346/4346
f 4392/4392/4392 4398/4398/4398 4456/4456/4456
f 4393/4393/4393 4457/4457/4457 4401/4401/4401
f 4402/4402/4402 4401/4401/4401 4417/4417/4417
f 4241/4241/4241 4485/4485/4485 4521/4521/4521
f 4179/4179/4179 4283/4283/4283 4486/4486/4486
f 4381/4381/4381 4459/4459/4459 4504/4504/4504
f 4459/4459/4459 4523/4523/4523 4504/4504/4504
f 4446/4446/4446 4524/4524/4524 4291/4291/4291
f 4446/4446/4446 4503/4503/4503 4524/4524/4524
f 4420/4420/4420 4488/4488/4488 4407/4407/4407
f 4488/4488/4488 4448/4448/4448 4525/4525/4525
f 4461/4461/4461 4529/4529/4529 4429/4429/4429
f 4427/4427/4427 4530/4530/4530 4505/4505/4505
f 4494/4494/4494 4509/4509/4509 4467/4467/4467
f 4493/4493/4493 4515/4515/4515 4508/4508/4508
f 4365/4365/4365 4534/4534/4534 4498/4498/4498
f 4477/4477/4477 4534/4534/4534 4365/4365/4365
f 4440/4440/4440 4328/4328/4328 4535/4535/4535
f 4486/4486/4486 4283/4283/4283 4537/4537/4537
f 4524/4524/4524 4538/4538/4538 4291/4291/4291
f 4407/4407/4407 4488/4488/4488 4525/4525/4525
f 4509/4509/4509 4541/4541/4541 4461/4461/4461
f 4507/4507/4507 4543/4543/4543 4448/4448/4448
f 4428/4428/4428 4528/4528/4528 4531/4531/4531
f 4408/4408/4408 4545/4545/4545 4490/4490/4490
f 4506/4506/4506 4532/4532/4532 4542/4542/4542
f 4471/4471/4471 4512/4512/4512 4549/4549/4549
f 4452/4452/4452 4450/4450/4450 4500/4500/4500
f 4346/4346/4346 4519/4519/4519 4444/4444/4444
f 4484/4484/4484 4553/4553/4553 4397/4397/4397
f 4417/4417/4417 4401/4401/4401 4555/4555/4555
f 4292/4292/4292 4539/4539/4539 4458/4458/4458
f 4503/4503/4503 4538/4538/4538 4524/4524/4524
f 4529/4529/4529 4461/4461/4461 4541/4541/4541
f 4408/4408/4408 4526/4526/4526 4545/4545/4545
f 4532/4532/4532 4556/4556/4556 4542/4542/4542
f 4533/4533/4533 4529/4529/4529 4557/4557/4557
f 4424/4424/4424 4490/4490/4490 4511/4511/4511
f 4328/4328/4328 4455/4455/4455 4535/4535/4535
f 4397/4397/4397 4520/4520/4520 4415/4415/4415
f 4444/4444/4444 4519/4519/4519 4558/4558/4558
f 4400/4400/4400 4241/4241/4241 4559/4559/4559
f 4458/4458/4458 4539/4539/4539 4522/4522/4522
f 4513/4513/4513 4511/4511/4511 4561/4561/4561
f 4450/4450/4450 4517/4517/4517 4500/4500/4500
f 4480/4480/4480 4563/4563/4563 4437/4437/4437
f 4483/4483/4483 4445/4445/4445 4552/4552/4552
f 4400/4400/4400 4559/4559/4559 4554/4554/4554
f 4417/4417/4417 4555/4555/4555 4570/4570/4570
f 4315/4315/4315 4568/4568/4568 4283/4283/4283
f 4540/4540/4540 4504/4504/4504 4523/4523/4523
f 4557/4557/4557 4529/4529/4529 4541/4541/4541
f 4557/4557/4557 4541/4541/4541 4571/4571/4571
f 4511/4511/4511 4490/4490/4490 4561/4561/4561
f 4477/4477/4477 4478/4478/4478 4534/4534/4534
f 4502/4502/4502 4439/4439/4439 4478/4478/4478
f 4455/4455/4455 4438/4438/4438 4535/4535/4535
f 4397/4397/4397 4553/4553/4553 4573/4573/4573
f 4554/4554/4554 4559/4559/4559 4575/4575/4575
f 4241/4241/4241 4521/4521/4521 4559/4559/4559
f 4551/4551/4551 4513/4513/4513 4579/4579/4579
f 4550/4550/4550 4578/4578/4578 4473/4473/4473
f 4472/4472/4472 4577/4577/4577 4516/4516/4516
f 4411/4411/4411 4500/4500/4500 4582/4582/4582
f 4411/4411/4411 4582/4582/4582 4480/4480/4480
f 4479/4479/4479 4581/4581/4581 4562/4562/4562
f 4519/4519/4519 4583/4583/4583 4558/4558/4558
f 4520/4520/4520 4397/4397/4397 4573/4573/4573
f 4558/4558/4558 4583/4583/4583 4444/4444/4444
f 4589/4589/4589 4592/4592/4592 4594/4594/4594
f 4448/4448/4448 4595/4595/4595 4525/4525/4525
f 4543/4543/4543 4557/4557/4557 4448/4448/4448
f 4515/4515/4515 4597/4597/4597 4508/4508/4508
f 4434/4434/4434 4597/4597/4597 4515/4515/4515
f 4561/4561/4561 4490/4490/4490 4599/4599/4599
f 4561/4561/4561 4599/4599/4599 4513/4513/4513
f 4433/4433/4433 4497/4497/4497 4602/4602/4602
f 4534/4534/4534 4604/4604/4604 4498/4498/4498
f 4534/4534/4534 4478/4478/4478 4606/4606/4606
f 4478/4478/4478 4439/4439/4439 4606/4606/4606
f 4440/4440/4440 4535/4535/4535 4607/4607/4607
f 4535/4535/4535 4609/4609/4609 4607/4607/4607
f 4438/4438/4438 4609/4609/4609 4535/4535/4535
f 4552/4552/4552 4445/4445/4445 4584/4584/4584
f 4570/4570/4570 4555/4555/4555 4576/4576/4576
f 4570/4570/4570 4576/4576/4576 4560/4560/4560
f 4593/4593/4593 4591/4591/4591 4610/4610/4610
f 4593/4593/4593 4591/4591/4591 4614/4614/4614
f 4591/4591/4591 4614/4614/4614 4610/4610/4610
f 4606/4606/4606 4615/4615/4615 4534/4534/4534
f 4501/4501/4501 4518/4518/4518 4617/4617/4617
f 4564/4564/4564 4609/4609/4609 4438/4438/4438
f 4520/4520/4520 4573/4573/4573 4585/4585/4585
f 4552/4552/4552 4584/4584/4584 4572/4572/4572
f 4416/4416/4416 4565/4565/4565 4314/4314/4314
f 4587/4587/4587 4612/4612/4612 4590/4590/4590
f 4594/4594/4594 4611/4611/4611 4589/4589/4589
f 4618/4618/4618 4621/4621/4621 4622/4622/4622
f 4557/4557/4557 4595/4595/4595 4448/4448/4448
f 4541/4541/4541 4624/4624/4624 4571/4571/4571
f 4509/4509/4509 4628/4628/4628 4541/4541/4541
f 4489/4489/4489 4544/4544/4544 4629/4629/4629
f 4491/4491/4491 4634/4634/4634 4600/4600/4600
f 4434/4434/4434 4603/4603/4603 4597/4597/4597
f 4534/4534/4534 4615/4615/4615 4604/4604/4604
f 4636/4636/4636 4638/4638/4638 4641/4641/4641
f 4611/4611/4611 4644/4644/4644 4589/4589/4589
f 4621/4621/4621 4646/4646/4646 4622/4622/4622
f 4620/4620/4620 4648/4648/4648 4645/4645/4645
f 4557/4557/4557 4650/4650/4650 4595/4595/4595
f 4541/4541/4541 4628/4628/4628 4656/4656/4656
f 4599/4599/4599 4579/4579/4579 4513/4513/4513
f 4586/4586/4586 4574/4574/4574 4659/4659/4659
f 4574/4574/4574 4662/4662/4662 4659/4659/4659
f 4573/4573/4573 4585/4585/4585 4661/4661/4661
f 4560/4560/4560 4665/4665/4665 4570/4570/4570
f 4566/4566/4566 4666/4666/4666 4282/4282/4282
f 4610/4610/4610 4614/4614/4614 4670/4670/4670
f 4610/4610/4610 4670/4670/4670 4643/4643/4643
f 4649/4649/4649 4621/4621/4621 4646/4646/4646
f 4527/4527/4527 4596/4596/4596 4671/4671/4671
f 4546/4546/4546 4527/4527/4527 4674/4674/4674
f 4557/4557/4557 4571/4571/4571 4650/4650/4650
f 4656/4656/4656 4624/4624/4624 4541/4541/4541
f 4508/4508/4508 4675/4675/4675 4627/4627/4627
f 4631/4631/4631 4634/4634/4634 4491/4491/4491
f 4508/4508/4508 4597/4597/4597 4675/4675/4675
f 4518/4518/4518 4677/4677/4677 4617/4617/4617
f 4501/4501/4501 4617/4617/4617 4679/4679/4679
f 4662/4662/4662 4680/4680/4680 4659/4659/4659
f 4664/4664/4664 4559/4559/4559 4521/4521/4521
f 4283/4283/4283 4669/4669/4669 4683/4683/4683
f 4619/4619/4619 4623/4623/4623 4686/4686/4686
f 4589/4589/4589 4644/4644/4644 4689/4689/4689
f 4618/4618/4618 4674/4674/4674 4621/4621/4621
f 4596/4596/4596 4651/4651/4651 4671/4671/4671
f 4579/4579/4579 4599/4599/4599 4691/4691/4691
f 4518/4518/4518 4580/4580/4580 4692/4692/4692
f 4617/4617/4617 4693/4693/4693 4679/4679/4679
f 4678/4678/4678 4694/4694/4694 4499/4499/4499
f 4500/4500/4500 4695/4695/4695 4582/4582/4582
f 4663/4663/4663 4660/4660/4660 4681/4681/4681
f 4661/4661/4661 4585/4585/4585 4658/4658/4658
f 4667/4667/4667 4567/4567/4567 4697/4697/4697
f 4485/4485/4485 4536/4536/4536 4521/4521/4521
f 4668/4668/4668 4698/4698/4698 4682/4682/4682
f 4283/4283/4283 4683/4683/4683 4537/4537/4537
f 4640/4640/4640 4701/4701/4701 4635/4635/4635
f 4621/4621/4621 4674/4674/4674 4646/4646/4646
f 4527/4527/4527 4671/4671/4671 4646/4646/4646
f 4527/4527/4527 4646/4646/4646 4674/4674/4674
f 4632/4632/4632 4548/4548/4548 4705/4705/4705
f 4675/4675/4675 4655/4655/4655 4627/4627/4627
f 4600/4600/4600 4634/4634/4634 4706/4706/4706
f 4695/4695/4695 4563/4563/4563 4582/4582/4582
f 4606/4606/4606 4608/4608/4608 4615/4615/4615
f 4609/4609/4609 4564/4564/4564 4709/4709/4709
f 4641/4641/4641 4638/4638/4638 4710/4710/4710
f 4637/4637/4637 4702/4702/4702 4713/4713/4713
f 4623/4623/4623 4647/4647/4647 4686/4686/4686
f 4588/4588/4588 4688/4688/4688 4613/4613/4613
f 4619/4619/4619 4686/4686/4686 4548/4548/4548
f 4671/4671/4671 4651/4651/4651 4714/4714/4714
f 4672/4672/4672 4715/4715/4715 4717/4717/4717
f 4674/4674/4674 4618/4618/4618 4546/4546/4546
f 4571/4571/4571 4624/4624/4624 4650/4650/4650
f 4598/4598/4598 4719/4719/4719 4676/4676/4676
f 4676/4676/4676 4719/4719/4719 4720/4720/4720
f 4605/4605/4605 4723/4723/4723 4598/4598/4598
f 4692/4692/4692 4677/4677/4677 4518/4518/4518
f 4608/4608/4608 4708/4708/4708 4615/4615/4615
f 4684/4684/4684 4700/4700/4700 4725/4725/4725
f 4683/4683/4683 4724/4724/4724 4537/4537/4537
f 4639/4639/4639 4637/4637/4637 4713/4713/4713
f 4643/4643/4643 4670/4670/4670 4726/4726/4726
f 4702/4702/4702 4642/4642/4642 4718/4718/4718
f 4689/4689/4689 4644/4644/4644 4727/4727/4727
f 4673/4673/4673 4729/4729/4729 4647/4647/4647
f 4672/4672/4672 4717/4717/4717 4728/4728/4728
f 4626/4626/4626 4657/4657/4657 4734/4734/4734
f 4548/4548/4548 4737/4737/4737 4705/4705/4705
f 4657/4657/4657 4738/4738/4738 4734/4734/4734
f 4630/4630/4630 4703/4703/4703 4633/4633/4633
f 4598/4598/4598 4723/4723/4723 4719/4719/4719
f 4677/4677/4677 4740/4740/4740 4617/4617/4617
f 4617/4617/4617 4740/4740/4740 4693/4693/4693
f 4679/4679/4679 4693/4693/4693 4696/4696/4696
f 4564/4564/4564 4696/4696/4696 4709/4709/4709
f 4639/4639/4639 4713/4713/4713 4711/4711/4711
f 4702/4702/4702 4716/4716/4716 4713/4713/4713
f 4702/4702/4702 4718/4718/4718 4716/4716/4716
f 4547/4547/4547 4685/4685/4685 4736/4736/4736
f 4737/4737/4737 4729/4729/4729 4705/4705/4705
f 4738/4738/4738 4742/4742/4742 4734/4734/4734
f 4703/4703/4703 4743/4743/4743 4633/4633/4633
f 4676/4676/4676 4720/4720/4720 4657/4657/4657
f 4601/4601/4601 4707/4707/4707 4692/4692/4692
f 4693/4693/4693 4719/4719/4719 4696/4696/4696
f 4696/4696/4696 4719/4719/4719 4723/4723/4723
f 4605/4605/4605 4616/4616/4616 4723/4723/4723
f 4723/4723/4723 4616/4616/4616 4696/4696/4696
f 4652/4652/4652 4625/4625/4625 4687/4687/4687
f 4717/4717/4717 4747/4747/4747 4728/4728/4728
f 4634/4634/4634 4745/4745/4745 4706/4706/4706
f 4740/4740/4740 4720/4720/4720 4719/4719/4719
f 4677/4677/4677 4707/4707/4707 4749/4749/4749
f 4677/4677/4677 4692/4692/4692 4707/4707/4707
f 4693/4693/4693 4740/4740/4740 4719/4719/4719
f 4709/4709/4709 4696/4696/4696 4616/4616/4616
f 4664/4664/4664 4521/4521/4521 4750/4750/4750
f 4569/4569/4569 4752/4752/4752 4699/4699/4699
f 4713/4713/4713 4716/4716/4716 4756/4756/4756
f 4653/4653/4653 4758/4758/4758 4716/4716/4716
f 4686/4686/4686 4647/4647/4647 4737/4737/4737
f 4647/4647/4647 4729/4729/4729 4737/4737/4737
f 4690/4690/4690 4626/4626/4626 4734/4734/4734
f 4705/4705/4705 4729/4729/4729 4761/4761/4761
f 4738/4738/4738 4763/4763/4763 4742/4742/4742
f 4704/4704/4704 4760/4760/4760 4744/4744/4744
f 4657/4657/4657 4720/4720/4720 4738/4738/4738
f 4677/4677/4677 4749/4749/4749 4740/4740/4740
f 4665/4665/4665 4753/4753/4753 4570/4570/4570
f 4725/4725/4725 4700/4700/4700 4754/4754/4754
f 4724/4724/4724 4751/4751/4751 4537/4537/4537
f 4641/4641/4641 4710/4710/4710 4764/4764/4764
f 4614/4614/4614 4765/4765/4765 4670/4670/4670
f 4689/4689/4689 4727/4727/4727 4654/4654/4654
f 4653/4653/4653 4767/4767/4767 4758/4758/4758
f 4729/4729/4729 4748/4748/4748 4770/4770/4770
f 4761/4761/4761 4729/4729/4729 4770/4770/4770
f 4742/4742/4742 4763/4763/4763 4734/4734/4734
f 4738/4738/4738 4772/4772/4772 4763/4763/4763
f 4738/4738/4738 4773/4773/4773 4772/4772/4772
f 4776/4776/4776 4773/4773/4773 4707/4707/4707
f 4707/4707/4707 4773/4773/4773 4749/4749/4749
f 4775/4775/4775 4706/4706/4706 4777/4777/4777
f 4641/4641/4641 4764/4764/4764 4717/4717/4717
f 4756/4756/4756 4716/4716/4716 4758/4758/4758
f 4688/4688/4688 4730/4730/4730 4613/4613/4613
f 4654/4654/4654 4727/4727/4727 4768/4768/4768
f 4773/4773/4773 4776/4776/4776 4772/4772/4772
f 4739/4739/4739 4781/4781/4781 4774/4774/4774
f 4706/4706/4706 4745/4745/4745 4777/4777/4777
f 4740/4740/4740 4782/4782/4782 4783/4783/4783
f 4740/4740/4740 4749/4749/4749 4782/4782/4782
f 4749/4749/4749 4773/4773/4773 4782/4782/4782
f 4721/4721/4721 4741/4741/4741 4785/4785/4785
f 4521/4521/4521 4536/4536/4536 4750/4750/4750
f 4713/4713/4713 4787/4787/4787 4711/4711/4711
f 4712/4712/4712 4755/4755/4755 4757/4757/4757
f 4713/4713/4713 4758/4758/4758 4787/4787/4787
f 4614/4614/4614 4731/4731/4731 4765/4765/4765
f 4761/4761/4761 4770/4770/4770 4746/4746/4746
f 4739/4739/4739 4722/4722/4722 4790/4790/4790
f 4739/4739/4739 4790/4790/4790 4781/4781/4781
f 4777/4777/4777 4771/4771/4771 4775/4775/4775
f 4721/4721/4721 4785/4785/4785 4789/4789/4789
f 4726/4726/4726 4670/4670/4670 4791/4791/4791
f 4747/4747/4747 4717/4717/4717 4764/4764/4764
f 4727/4727/4727 4793/4793/4793 4768/4768/4768
f 4768/4768/4768 4793/4793/4793 4796/4796/4796
f 4767/4767/4767 4799/4799/4799 4758/4758/4758
f 4783/4783/4783 4773/4773/4773 4779/4779/4779
f 4783/4783/4783 4782/4782/4782 4773/4773/4773
f 4764/4764/4764 4710/4710/4710 4786/4786/4786
f 4670/4670/4670 4765/4765/4765 4791/4791/4791
f 4747/4747/4747 4764/4764/4764 4801/4801/4801
f 4732/4732/4732 4792/4792/4792 4766/4766/4766
f 4770/4770/4770 4748/4748/4748 4800/4800/4800
f 4733/4733/4733 4762/4762/4762 4795/4795/4795
f 4768/4768/4768 4796/4796/4796 4803/4803/4803
f 4800/4800/4800 4769/4769/4769 4805/4805/4805
f 4769/4769/4769 4804/4804/4804 4805/4805/4805
f 4800/4800/4800 4805/4805/4805 4770/4770/4770
f 4772/4772/4772 4806/4806/4806 4763/4763/4763
f 4746/4746/4746 4805/4805/4805 4772/4772/4772
f 4778/4778/4778 4746/4746/4746 4772/4772/4772
f 4798/4798/4798 4794/4794/4794 4735/4735/4735
f 4759/4759/4759 4800/4800/4800 4788/4788/4788
f 4797/4797/4797 4763/4763/4763 4804/4804/4804
f 4806/4806/4806 4772/4772/4772 4804/4804/4804
f 4806/4806/4806 4804/4804/4804 4763/4763/4763
f 4770/4770/4770 4805/4805/4805 4746/4746/4746
f 4772/4772/4772 4805/4805/4805 4804/4804/4804
f 4789/4789/4789 4785/4785/4785 4807/4807/4807
f 4764/4764/4764 4786/4786/4786 4801/4801/4801
f 4748/4748/4748 4802/4802/4802 4788/4788/4788
f 4748/4748/4748 4788/4788/4788 4800/4800/4800
f 4790/4790/4790 4808/4808/4808 4781/4781/4781
f 4780/4780/4780 4809/4809/4809 4784/4784/4784
f 4785/4785/4785 4810/4810/4810 4807/4807/4807
f 4808/4808/4808 4811/4811/4811 4781/4781/4781
